[3273.78634963 2419.33533243 2342.99825143 4319.48888073 3359.63512688
 3359.62863503 4301.46933994 3345.51101561 3345.65854025], 480.0
[3296.8742352  2455.20859263 2382.27529628 4319.52905102 3359.70558701
 3359.57588897 4301.57550116 3345.68869934 3345.72952132], 480.0
[3286.96962569 2436.62737887 2362.03272014 4319.56846933 3359.73558145
 3359.54471264 4301.65388222 3345.66161819 3345.66151295], 480.0
[3291.97483771 2445.52342134 2372.48634161 4319.53370161 3359.71046233
 3359.72838364 4301.55137053 3345.56218457 3345.78861165], 480.0
[3282.20659583 2431.15237215 2357.56037683 4319.63281879 3359.74403024
 3359.63023362 4301.56768522 3345.78324032 3345.60721941], 480.0
[3286.0930542  2436.52063431 2362.12427881 4319.60471191 3359.49623709
 3359.76561184 4301.677565   3345.61688256 3345.74670157], 480.0
[3292.72221112 2444.76002809 2369.07119193 4319.62643814 3359.67256365
 3359.64921422 4301.62739201 3345.66404257 3345.68394446], 480.0
[3300.52856188 2457.73214006 2384.79487257 4319.49562941 3359.76913762
 3359.60886807 4301.4685112  3345.78051062 3345.62072015], 480.0
[3266.36153009 2407.8432747  2330.76136477 4319.62076511 3359.86588407
 3359.78231068 4301.53040485 3345.78357787 3345.7275475 ], 480.0
[96m 
------------------------------- Initialization Stage ------------------------------- [0m
Number of Pareto optimal solutions: 77
[96m Selected Tasks: [0m
[96m objs = [3253.99354906 2398.25456283 2320.5502086  4303.57293549 3349.02434449
 3347.76949768 4217.47443604 3278.32273064 3287.28015637] [0m
[96m objs = [3726.29975114 3095.48897152 2872.63200514 4246.78667946 3273.30926061
 3308.7777411  4046.52613163 3020.10677037 3065.73058164] [0m
[96m objs = [3715.78391781 3043.54475818 2990.20352168 4226.02580032 3251.99383674
 3289.35577421 4065.72480307 2978.38618641 2965.84026517] [0m
[96m objs = [3713.34774342 2506.48442628 1956.62904512 4197.60990553 3264.90020709
 3255.08657928 3901.99487863 3036.61825428 2992.33510878] [0m
[96m objs = [3708.91455193 2479.51330223 1888.90862677 4196.42363377 3265.72956853
 3252.77068949 3906.93835621 3044.42549026 2992.90657799] [0m
[96m objs = [3657.28596983 3045.5313097  2933.04156675 4219.11437168 3252.88344913
 3282.93176036 4012.91810641 2948.62957301 3005.56898077] [0m
[96m 
------------------------------- Extension Stage ------------------------------- [0m
Starting the extension from iteration 0 to 20.
[3656.08972244 3048.6944931  2934.35865383 4219.39697256 3253.15197344
 3282.29568834 4019.1873208  2957.63922012 3003.7473258 ], 480.0
[3655.30203924 3044.38075652 2934.22910962 4219.37942066 3253.15565901
 3282.17632265 4015.27170658 2950.0650212  2993.58119526], 480.0
[3655.86604934 3047.0805419  2937.6540482  4218.93692741 3253.43440986
 3282.13430381 4013.58552427 2959.11104193 2993.63787333], 480.0
[3654.5710186  3046.73436856 2935.53506818 4218.74103575 3252.69182272
 3282.20836196 4013.32109365 2948.09435816 2995.35257754], 480.0
[3656.74738035 3047.81589451 2941.41690187 4218.91486206 3253.25799766
 3282.06700058 4011.31288791 2959.2099833  2998.41454335], 480.0
[3654.42190843 3047.46085539 2938.56961293 4218.21408548 3252.51529422
 3281.96633835 4009.15700307 2955.11930084 2991.49847018], 480.0
[3654.36659927 3048.21258712 2941.6533412  4218.75685434 3252.99176226
 3282.27885733 4008.10090661 2947.51170096 2994.48350916], 480.0
[3658.5575861  3046.32458839 2940.31353416 4217.87971954 3252.72976356
 3282.41736155 4018.01095786 2955.50056641 2995.84047228], 480.0
[3655.84768968 3040.80461154 2937.41112366 4218.09906225 3251.45810332
 3282.50846763 4012.49027162 2946.38544208 2993.78648372], 480.0
[3657.09878469 3045.12813263 2942.47213974 4218.07056227 3252.77560196
 3282.5642868  4012.59365625 2952.27589376 2994.31864947], 480.0
[3661.82188478 3045.74540734 2944.78070173 4218.26305046 3253.47262912
 3282.29048514 4011.46453285 2947.63491671 3000.30696676], 480.0
[3660.24185061 3044.19541812 2941.03658428 4217.93605928 3251.98797393
 3282.22094388 4010.66787844 2937.34294844 2994.44569938], 480.0
[3660.24431262 3040.26556063 2938.39154234 4217.43293905 3251.60658894
 3282.26909862 4004.79938998 2939.37786345 2986.7731185 ], 480.0
[3661.35460205 3042.8213613  2940.72761326 4218.3553154  3252.00460253
 3281.79742646 4015.41919684 2946.63909018 2997.94600288], 480.0
[3658.89996438 3041.82037277 2936.98543653 4217.75757151 3251.64329977
 3281.47345076 4013.70414472 2934.90725961 2984.98581891], 480.0
[3656.74393287 3042.62586365 2936.6929791  4217.6587142  3251.931389
 3281.80025082 4013.72939153 2936.7717585  2990.37035685], 480.0
[3661.55800381 3043.81261721 2938.91965809 4217.87511816 3252.46339598
 3282.08636298 4012.97571445 2945.31520612 2989.81934202], 480.0
[3664.27627711 3046.28168731 2937.49856138 4217.91983423 3252.66736503
 3281.24670053 4012.22856202 2940.72693573 2991.78481747], 480.0
[3664.14457164 3042.3839509  2933.0557251  4217.52073002 3252.03325191
 3281.14145899 4013.3676846  2939.47906482 2983.21672854], 480.0
[3667.73231058 3042.08804617 2933.84106126 4216.95401201 3251.80856981
 3281.35847979 4019.41153326 2941.79435468 2976.78454483], 480.0
[3665.93945751 3042.17884374 2934.48229828 4217.19629326 3251.92600346
 3281.91748266 4016.68573499 2939.71215814 2975.48424296], 480.0
[3665.29380174 3043.02077913 2935.85895243 4217.0597043  3252.08960137
 3281.4080945  4018.47340765 2939.5062566  2978.56164633], 480.0
[3663.11326194 3040.69724469 2927.74012766 4216.42922325 3251.3655694
 3281.07708488 4015.85521274 2937.13399358 2975.08429066], 480.0
[3663.6629952  3043.79319201 2933.28860145 4216.95547476 3252.34693575
 3281.34486375 4012.90824552 2937.40577855 2984.64257994], 480.0
[3662.60196261 3042.16646485 2934.21531796 4216.7428627  3251.88955116
 3280.76193686 4012.61132045 2929.34414775 2973.91707189], 480.0
[3663.89964375 3038.11621737 2933.05580492 4217.24332762 3251.38133388
 3280.2168015  4010.35484142 2928.32637584 2975.80490608], 480.0
[3664.64823933 3038.28842778 2935.49948797 4216.98894987 3251.75623388
 3280.34220462 4013.28084865 2935.48111706 2975.47889705], 480.0
[3666.16217823 3039.8494278  2935.33715734 4217.49175663 3252.0970068
 3280.28036757 4017.4132195  2931.46020092 2986.67908142], 480.0
[3663.46899891 3039.63464346 2937.84159107 4217.89087133 3251.46032419
 3280.26485801 4008.47845106 2925.07748318 2972.07014394], 480.0
[3662.06337876 3037.40268383 2933.74831142 4217.64678726 3250.79917555
 3280.24751005 4007.88557715 2923.67781236 2975.4908411 ], 480.0
[3665.47372947 3040.18916874 2937.78207793 4217.53960648 3251.77313924
 3280.35278435 4013.65008678 2935.72245028 2974.86841837], 480.0
[3664.4767406  3037.32645721 2937.06985011 4217.54249821 3252.05336614
 3280.30625882 4006.48724089 2929.14414854 2980.08831043], 480.0
[3663.80454359 3036.22136178 2932.88651166 4217.16799784 3250.42623525
 3280.20302668 4006.19001274 2924.63154266 2971.91945262], 480.0
[3669.08404789 3040.52407022 2938.95366206 4217.53762417 3252.0966114
 3280.04008446 4010.81944933 2940.1904865  2971.34690796], 480.0
[3667.28020844 3041.45049224 2936.4993299  4217.03544455 3251.60576458
 3279.40466595 4005.40042834 2933.38224537 2971.73084362], 480.0
[3665.72373176 3041.47867126 2933.14609303 4216.54945412 3251.15763998
 3279.49676838 4001.32586637 2932.65905545 2975.11055086], 480.0
[3668.29098349 3044.41112313 2937.90169086 4216.59038372 3252.33596272
 3279.88710179 4005.19074922 2941.94910402 2977.57872727], 480.0
[3669.07372298 3041.83103886 2934.70277448 4216.14134035 3252.06310148
 3279.36423435 4008.14869905 2946.22847831 2978.41760355], 480.0
[3664.59940414 3044.02629304 2932.21057811 4216.44232416 3252.81892681
 3279.08661704 4013.40972452 2940.73734355 2989.4970041 ], 480.0
[3663.27016912 3038.42938099 2928.02279892 4215.66582546 3251.0962306
 3279.42924237 4005.60472207 2929.86885741 2976.38239121], 480.0
[3662.67921276 3042.23292198 2932.94824381 4215.94019108 3252.11093264
 3279.53909431 4011.96942863 2940.54953499 2976.59514384], 480.0
[3658.12737474 3039.63414178 2929.18419018 4215.2436986  3251.03211193
 3279.40008235 4002.45455956 2924.73588772 2967.10159498], 480.0
[3273.78634963 2419.33533243 2342.99825143 4319.48888073 3359.63512688
 3359.62863503 4301.46933994 3345.51101561 3345.65854025], 480.0
[3296.8742352  2455.20859263 2382.27529628 4319.52905102 3359.70558701
 3359.57588897 4301.57550116 3345.68869934 3345.72952132], 480.0
[3286.96962569 2436.62737887 2362.03272014 4319.56846933 3359.73558145
 3359.54471264 4301.65388222 3345.66161819 3345.66151295], 480.0
[3291.97483771 2445.52342134 2372.48634161 4319.53370161 3359.71046233
 3359.72838364 4301.55137053 3345.56218457 3345.78861165], 480.0
[3282.20659583 2431.15237215 2357.56037683 4319.63281879 3359.74403024
 3359.63023362 4301.56768522 3345.78324032 3345.60721941], 480.0
[3286.0930542  2436.52063431 2362.12427881 4319.60471191 3359.49623709
 3359.76561184 4301.677565   3345.61688256 3345.74670157], 480.0
[3292.72221112 2444.76002809 2369.07119193 4319.62643814 3359.67256365
 3359.64921422 4301.62739201 3345.66404257 3345.68394446], 480.0
[3300.52856188 2457.73214006 2384.79487257 4319.49562941 3359.76913762
 3359.60886807 4301.4685112  3345.78051062 3345.62072015], 480.0
[3266.36153009 2407.8432747  2330.76136477 4319.62076511 3359.86588407
 3359.78231068 4301.53040485 3345.78357787 3345.7275475 ], 480.0
[96m 
------------------------------- Initialization Stage ------------------------------- [0m
Number of Pareto optimal solutions: 77
[96m Selected Tasks: [0m
[96m objs = [3253.99354906 2398.25456283 2320.5502086  4303.57293549 3349.02434449
 3347.76949768 4217.47443604 3278.32273064 3287.28015637] [0m
[96m objs = [3726.29975114 3095.48897152 2872.63200514 4246.78667946 3273.30926061
 3308.7777411  4046.52613163 3020.10677037 3065.73058164] [0m
[96m objs = [3715.78391781 3043.54475818 2990.20352168 4226.02580032 3251.99383674
 3289.35577421 4065.72480307 2978.38618641 2965.84026517] [0m
[96m objs = [3713.34774342 2506.48442628 1956.62904512 4197.60990553 3264.90020709
 3255.08657928 3901.99487863 3036.61825428 2992.33510878] [0m
[96m objs = [3708.91455193 2479.51330223 1888.90862677 4196.42363377 3265.72956853
 3252.77068949 3906.93835621 3044.42549026 2992.90657799] [0m
[96m objs = [3657.28596983 3045.5313097  2933.04156675 4219.11437168 3252.88344913
 3282.93176036 4012.91810641 2948.62957301 3005.56898077] [0m
[96m 
------------------------------- Extension Stage ------------------------------- [0m
Starting the extension from iteration 0 to 20.
[3261.03855388 2404.20583082 2330.02399149 4303.40385838 3348.59383426
 3347.83270965 4220.14762383 3280.46633844 3288.97836523], 480.0
[3255.82673576 2398.82796183 2322.03632165 4303.28777199 3348.79363179
 3347.86617136 4220.04221506 3280.33045869 3288.5490222 ], 480.0
[3265.2693279  2411.54205861 2337.41875426 4303.42285347 3348.61048107
 3347.626859   4218.47317591 3272.46764283 3287.17332497], 480.0
[3268.68041456 2409.87915937 2334.83570424 4302.80262079 3348.36121225
 3347.65696297 4218.4091166  3266.99518933 3289.32587876], 480.0
[3265.17583506 2402.44896328 2325.58316842 4302.24934654 3348.72807031
 3347.49994435 4211.04596658 3269.36541214 3287.4895577 ], 480.0
[3267.38120999 2405.41268146 2329.55438896 4302.22435751 3348.71207571
 3347.25514555 4211.79115682 3270.39294496 3286.3407804 ], 480.0
[3280.82196035 2425.02309043 2349.77410051 4302.39838943 3348.7648262
 3347.11048646 4215.61404743 3271.06519408 3285.16110306], 480.0
[3270.50487282 2409.0310618  2331.94584601 4301.94371262 3348.84228611
 3346.92330089 4217.11724443 3268.82418675 3283.81363745], 480.0
[3275.50048363 2414.93330626 2337.50945688 4301.68438025 3348.82198138
 3347.05905948 4218.06902132 3270.50918107 3281.71519318], 480.0
[3288.66961677 2434.30128622 2357.19485128 4301.48737593 3348.531177
 3346.78608241 4216.71910305 3276.45341678 3280.7520515 ], 480.0
[3273.81789167 2410.7595999  2332.77368437 4301.28216772 3348.52833524
 3346.7022934  4214.15228996 3275.58976598 3276.96851616], 480.0
[3285.96030824 2426.88231254 2354.42843186 4301.38498163 3348.59502549
 3346.75221081 4214.29671817 3276.54540014 3280.30432601], 480.0
[3279.89063411 2414.04433945 2337.1889294  4300.90521908 3348.5204339
 3347.23361669 4211.55601635 3279.00262103 3282.32316694], 480.0
[3261.41478741 2386.96032293 2303.02938056 4300.8004283  3348.57553825
 3346.97737932 4214.26800041 3273.50410972 3284.14383183], 480.0
[3283.09647305 2414.84944073 2336.58770591 4300.80600004 3348.45547466
 3346.87513146 4211.55146999 3267.82952905 3284.71405883], 480.0
[3285.36918612 2421.7525842  2343.97035724 4301.139499   3348.59389973
 3346.52969198 4218.98402324 3271.73895321 3283.36438503], 480.0
[3272.65975473 2399.35863957 2318.49669812 4300.6385458  3348.6357244
 3346.33706284 4219.59892626 3272.13601298 3283.63483   ], 480.0
[3257.13719175 2378.74647454 2290.15989432 4301.04601412 3348.82694244
 3346.28727403 4218.29837465 3274.73919306 3284.32083716], 480.0
[3275.65689859 2401.09529715 2311.27713477 4300.5009984  3348.72748761
 3346.20511742 4214.86020479 3275.91107068 3284.7293488 ], 480.0
[3269.00921762 2388.10612245 2293.97743017 4300.58270311 3348.49917955
 3346.10973167 4211.95871201 3271.93807044 3285.1081007 ], 480.0
[3278.94975395 2410.4496411  2325.63023148 4300.79605646 3348.98071384
 3345.55251408 4212.40506849 3276.43426523 3284.60208464], 480.0
[3270.39161391 2397.68894253 2311.88030414 4300.61201611 3348.91137695
 3345.2029438  4212.35588388 3277.30561662 3282.76332273], 480.0
[3272.2165864  2401.61186715 2314.9828537  4300.55173435 3349.4951055
 3344.98082209 4213.69125118 3282.55360913 3282.0727778 ], 480.0
[3267.88439791 2401.97076083 2314.5052258  4301.26313391 3349.4474596
 3344.95789275 4220.52951746 3283.25702815 3287.31241641], 480.0
[3266.11232114 2397.39522413 2307.08618549 4301.64865541 3349.40625491
 3345.01299224 4219.64787865 3283.72206149 3287.51906524], 480.0
[3266.56609359 2397.13982342 2308.48485512 4301.51152182 3349.43551154
 3345.01765876 4221.07070751 3282.76752968 3283.64572849], 480.0
[3269.71943679 2402.7985441  2313.4775926  4301.31783419 3349.22341652
 3345.06260004 4222.27551479 3277.91463375 3282.8582027 ], 480.0
[3278.49060967 2421.46554477 2333.72222303 4300.58973217 3349.26088519
 3344.92132721 4221.29637203 3276.03361712 3286.13285346], 480.0
[3274.45830765 2417.93883501 2339.89872833 4300.71827669 3349.03480706
 3344.72675982 4225.16327782 3277.32731638 3286.17677794], 480.0
[3269.85497434 2413.19515094 2333.34651247 4300.47185068 3348.63506055
 3344.62704568 4226.16300421 3273.49576812 3280.16103873], 480.0
[3286.47758286 2435.75529751 2356.45582038 4300.19087143 3348.68756967
 3344.76836677 4225.75088568 3276.59097281 3283.69001207], 480.0
[3269.79248936 2411.35011518 2334.56758939 4300.00108976 3348.60730276
 3344.69902234 4224.37669497 3274.32949219 3286.12686629], 480.0
[3247.43822849 2386.41487782 2304.42665689 4299.90823479 3348.39032669
 3344.73910446 4220.87433701 3271.42523222 3281.85925584], 480.0
[3274.29394202 2420.05714982 2342.01806101 4299.9479085  3347.67383885
 3344.82266273 4220.71824226 3266.84373565 3282.57848001], 480.0
[3263.81820512 2409.00358192 2327.7671802  4299.46293459 3347.70714045
 3344.59196682 4217.39098263 3268.22111726 3283.2195632 ], 480.0
[3260.37703657 2404.910939   2321.54712142 4299.68280678 3347.11016169
 3344.84012313 4218.92152324 3266.88440232 3281.19561815], 480.0
[3280.81709642 2429.95059047 2345.85793517 4299.68601227 3346.93607397
 3344.83694816 4220.57688379 3265.95616717 3283.84298043], 480.0
[3268.83472574 2412.53884563 2324.0227463  4299.34027138 3346.88275447
 3344.81436162 4224.14665709 3269.6847239  3280.80158281], 480.0
[3268.89705327 2411.87994791 2315.69967805 4299.15350351 3346.96699286
 3344.64378877 4226.21160135 3267.98285027 3276.97227516], 480.0
[3284.94158938 2434.56026533 2342.52102019 4299.23851156 3346.46662936
 3344.42636809 4222.58938484 3270.97647028 3274.17935619], 480.0
[3268.38225543 2414.38418038 2323.12521405 4298.89183722 3346.47539883
 3344.62002358 4220.92763386 3270.58503003 3275.86421313], 480.0
[3246.16222336 2383.14524686 2290.71052417 4298.7718358  3346.49637685
 3345.08691936 4218.71860619 3267.72410593 3273.72806749], 480.0
[3273.78634963 2419.33533243 2342.99825143 4319.48888073 3359.63512688
 3359.62863503 4301.46933994 3345.51101561 3345.65854025], 480.0
[3296.8742352  2455.20859263 2382.27529628 4319.52905102 3359.70558701
 3359.57588897 4301.57550116 3345.68869934 3345.72952132], 480.0
[3286.96962569 2436.62737887 2362.03272014 4319.56846933 3359.73558145
 3359.54471264 4301.65388222 3345.66161819 3345.66151295], 480.0
[3291.97483771 2445.52342134 2372.48634161 4319.53370161 3359.71046233
 3359.72838364 4301.55137053 3345.56218457 3345.78861165], 480.0
[3282.20659583 2431.15237215 2357.56037683 4319.63281879 3359.74403024
 3359.63023362 4301.56768522 3345.78324032 3345.60721941], 480.0
[3286.0930542  2436.52063431 2362.12427881 4319.60471191 3359.49623709
 3359.76561184 4301.677565   3345.61688256 3345.74670157], 480.0
[3292.72221112 2444.76002809 2369.07119193 4319.62643814 3359.67256365
 3359.64921422 4301.62739201 3345.66404257 3345.68394446], 480.0
[3300.52856188 2457.73214006 2384.79487257 4319.49562941 3359.76913762
 3359.60886807 4301.4685112  3345.78051062 3345.62072015], 480.0
[3266.36153009 2407.8432747  2330.76136477 4319.62076511 3359.86588407
 3359.78231068 4301.53040485 3345.78357787 3345.7275475 ], 480.0
[96m 
------------------------------- Initialization Stage ------------------------------- [0m
Number of Pareto optimal solutions: 77
[96m Selected Tasks: [0m
[96m objs = [3253.99354906 2398.25456283 2320.5502086  4303.57293549 3349.02434449
 3347.76949768 4217.47443604 3278.32273064 3287.28015637] [0m
[96m objs = [3726.29975114 3095.48897152 2872.63200514 4246.78667946 3273.30926061
 3308.7777411  4046.52613163 3020.10677037 3065.73058164] [0m
[96m objs = [3715.78391781 3043.54475818 2990.20352168 4226.02580032 3251.99383674
 3289.35577421 4065.72480307 2978.38618641 2965.84026517] [0m
[96m objs = [3713.34774342 2506.48442628 1956.62904512 4197.60990553 3264.90020709
 3255.08657928 3901.99487863 3036.61825428 2992.33510878] [0m
[96m objs = [3708.91455193 2479.51330223 1888.90862677 4196.42363377 3265.72956853
 3252.77068949 3906.93835621 3044.42549026 2992.90657799] [0m
[96m objs = [3657.28596983 3045.5313097  2933.04156675 4219.11437168 3252.88344913
 3282.93176036 4012.91810641 2948.62957301 3005.56898077] [0m
[96m 
------------------------------- Extension Stage ------------------------------- [0m
Starting the extension from iteration 0 to 20.
[3730.61369934 3097.35118451 2876.83331273 4246.39116955 3274.56951857
 3309.33334026 4039.6484005  3028.020052   3061.91740479], 480.0
[3727.13183627 3091.78572006 2866.71499319 4245.80627794 3273.19138136
 3309.03510833 4034.75244174 3027.6396112  3060.87194915], 480.0
[3731.38055696 3094.53478575 2877.2020117  4245.63625402 3273.28944106
 3309.38208265 4033.4164402  3027.94214892 3071.91265204], 480.0
[3733.33808298 3098.0935688  2878.48920002 4245.76289806 3274.39990544
 3309.54380774 4040.6519752  3023.50163009 3072.0976764 ], 480.0
[3734.80529866 3096.50681138 2874.25562963 4245.49972906 3273.89965982
 3309.29717669 4036.07597704 3023.54109375 3066.20708866], 480.0
[3733.0517303  3096.31203184 2873.17716377 4245.25257664 3273.39034786
 3309.53777418 4031.49766746 3025.85882196 3063.67595913], 480.0
[3734.02839365 3096.53167415 2881.66791031 4245.483461   3273.88176227
 3309.40024376 4030.70764799 3020.22778206 3065.8472528 ], 480.0
[3724.84635587 3091.19998302 2867.0464848  4245.98918619 3272.58155274
 3308.87896776 4030.72491651 3018.02641139 3064.76585033], 480.0
[3727.54128327 3095.8539978  2879.08235433 4246.14272623 3272.45105581
 3308.73362727 4043.67323551 3020.09102907 3061.93734295], 480.0
[3728.99937935 3095.63557835 2884.1940176  4246.14994316 3273.52937026
 3308.53570085 4034.42088757 3033.89344387 3063.96317339], 480.0
[3734.5839479  3098.9014297  2887.7786047  4245.06510267 3272.45969458
 3308.31163445 4024.10575366 3026.59465108 3064.07284715], 480.0
[3730.51770887 3093.12561312 2874.98644118 4245.78201351 3272.38321805
 3307.8831708  4026.92060599 3033.43785954 3060.12438736], 480.0
[3729.15774388 3095.82635808 2884.31382849 4246.70146828 3273.31581168
 3307.97771006 4028.89584846 3035.12161803 3063.79260802], 480.0
[3730.12413645 3096.49925203 2889.59276142 4246.13633118 3273.41114016
 3308.48746166 4026.34697781 3031.72697344 3069.42419701], 480.0
[3724.59543982 3095.0589427  2880.53556614 4245.60256271 3273.03463926
 3306.95327277 4029.55900784 3029.27284122 3055.52834649], 480.0
[3725.29864073 3097.25580344 2883.80881069 4245.57353039 3274.32184348
 3306.92933187 4024.18205271 3036.55029633 3052.86759911], 480.0
[3725.84379005 3100.39243116 2880.84397321 4245.20311661 3274.68557787
 3306.63627334 4017.63075185 3034.18710885 3060.42352436], 480.0
[3723.42496243 3100.17928348 2878.40426998 4245.05576105 3273.53099575
 3306.43044181 4023.74818139 3032.03586369 3056.66217484], 480.0
[3727.55900717 3104.08656726 2886.20210116 4244.57535992 3273.15808558
 3306.2240509  4022.93194165 3027.19974327 3052.25930943], 480.0
[3721.98952436 3098.51012225 2866.65950732 4244.40114403 3272.20871673
 3306.94527521 4026.16373801 3021.86676021 3056.24139593], 480.0
[3720.56132879 3097.58105726 2867.29633744 4243.92520037 3271.47210646
 3306.61582713 4023.32237158 3028.75804179 3056.33139939], 480.0
[3722.82101426 3103.50078912 2885.69395154 4243.8708334  3272.46418891
 3307.07402105 4015.28072133 3031.19345694 3061.26093192], 480.0
[3719.05300174 3098.14230394 2879.64609044 4243.29000463 3271.29217439
 3306.51995139 4012.03612714 3025.38266256 3047.10812171], 480.0
[3721.09375525 3101.28981347 2889.85657325 4244.22727633 3271.70112333
 3307.19737229 4016.71406569 3029.07127547 3060.69724877], 480.0
[3724.09043584 3103.96431508 2900.86616759 4244.73004456 3272.26396909
 3307.1010211  4017.43960609 3023.5256465  3064.07206569], 480.0
[3715.2538033  3103.25893207 2891.19649909 4245.36694517 3271.91615024
 3306.959342   4021.90735679 3021.14382818 3067.42010407], 480.0
[3718.57238169 3108.63700056 2899.43401196 4245.33115187 3273.56627121
 3307.13891973 4014.97201362 3024.23820095 3058.88358684], 480.0
[3713.47937613 3108.40792089 2885.55095208 4245.89679956 3273.19449229
 3306.52787471 4017.55002389 3028.34142337 3058.08124478], 480.0
[3704.26384354 3103.6784224  2884.03388829 4246.71911926 3273.0440908
 3306.6282443  4018.70617332 3028.6812314  3066.24069436], 480.0
[3708.35554447 3105.99176469 2886.98723602 4246.28106518 3272.818924
 3306.00442834 4013.33065004 3034.63635101 3060.1633707 ], 480.0
[3704.4917562  3106.2254385  2887.12530951 4245.59721222 3273.1735435
 3306.13934584 4007.77326851 3029.57599344 3057.19406242], 480.0
[3712.32595577 3112.14534178 2893.80662737 4244.98920383 3274.99254441
 3306.79188275 4010.89154139 3037.61179008 3056.66474929], 480.0
[3708.77080674 3106.40003142 2888.23319299 4244.99366598 3271.9170188
 3306.67143731 4001.27516761 3027.46770067 3050.4853137 ], 480.0
[3708.8358727  3107.09261909 2892.05324445 4245.41723146 3274.04666867
 3306.87857437 4011.0853467  3033.41441338 3054.42066448], 480.0
[3704.52851357 3106.65311146 2878.22820349 4245.09345732 3274.52990704
 3306.5599298  4001.75222921 3031.94404204 3056.80622752], 480.0
[3703.25633664 3103.35751014 2864.21788523 4244.26618643 3273.60183868
 3306.2562593  4000.1917623  3027.45459554 3056.3244325 ], 480.0
[3709.48913321 3108.7917438  2873.96796567 4243.83291035 3275.05080762
 3305.79128041 4016.53839297 3030.18711498 3052.26227009], 480.0
[3710.76940136 3108.77806187 2870.25733764 4243.04222231 3273.99415064
 3305.99451389 4006.46223016 3022.71447172 3051.48646691], 480.0
[3710.43540382 3105.27175269 2862.57945547 4242.95766048 3273.92233429
 3305.89472413 4012.73165236 3023.72510774 3053.49015536], 480.0
[3705.89314642 3098.56035256 2843.86441214 4242.79743414 3273.21275468
 3305.61589217 4008.78783655 3021.10386641 3054.20711966], 480.0
[3701.52778459 3099.14779725 2843.33280342 4242.1331954  3274.15674772
 3305.47304244 4005.29796529 3024.00282562 3052.4026273 ], 480.0
[3702.80071263 3099.80284238 2855.30469058 4242.53626995 3275.88696599
 3305.55694442 4011.80054865 3027.96402321 3052.88421552], 480.0
[3273.78634963 2419.33533243 2342.99825143 4319.48888073 3359.63512688
 3359.62863503 4301.46933994 3345.51101561 3345.65854025], 480.0
[3296.8742352  2455.20859263 2382.27529628 4319.52905102 3359.70558701
 3359.57588897 4301.57550116 3345.68869934 3345.72952132], 480.0
[3286.96962569 2436.62737887 2362.03272014 4319.56846933 3359.73558145
 3359.54471264 4301.65388222 3345.66161819 3345.66151295], 480.0
[3291.97483771 2445.52342134 2372.48634161 4319.53370161 3359.71046233
 3359.72838364 4301.55137053 3345.56218457 3345.78861165], 480.0
[3282.20659583 2431.15237215 2357.56037683 4319.63281879 3359.74403024
 3359.63023362 4301.56768522 3345.78324032 3345.60721941], 480.0
[3286.0930542  2436.52063431 2362.12427881 4319.60471191 3359.49623709
 3359.76561184 4301.677565   3345.61688256 3345.74670157], 480.0
[3292.72221112 2444.76002809 2369.07119193 4319.62643814 3359.67256365
 3359.64921422 4301.62739201 3345.66404257 3345.68394446], 480.0
[3300.52856188 2457.73214006 2384.79487257 4319.49562941 3359.76913762
 3359.60886807 4301.4685112  3345.78051062 3345.62072015], 480.0
[3266.36153009 2407.8432747  2330.76136477 4319.62076511 3359.86588407
 3359.78231068 4301.53040485 3345.78357787 3345.7275475 ], 480.0
[96m 
------------------------------- Initialization Stage ------------------------------- [0m
Number of Pareto optimal solutions: 77
[96m Selected Tasks: [0m
[96m objs = [3253.99354906 2398.25456283 2320.5502086  4303.57293549 3349.02434449
 3347.76949768 4217.47443604 3278.32273064 3287.28015637] [0m
[96m objs = [3726.29975114 3095.48897152 2872.63200514 4246.78667946 3273.30926061
 3308.7777411  4046.52613163 3020.10677037 3065.73058164] [0m
[96m objs = [3715.78391781 3043.54475818 2990.20352168 4226.02580032 3251.99383674
 3289.35577421 4065.72480307 2978.38618641 2965.84026517] [0m
[96m objs = [3713.34774342 2506.48442628 1956.62904512 4197.60990553 3264.90020709
 3255.08657928 3901.99487863 3036.61825428 2992.33510878] [0m
[96m objs = [3708.91455193 2479.51330223 1888.90862677 4196.42363377 3265.72956853
 3252.77068949 3906.93835621 3044.42549026 2992.90657799] [0m
[96m objs = [3657.28596983 3045.5313097  2933.04156675 4219.11437168 3252.88344913
 3282.93176036 4012.91810641 2948.62957301 3005.56898077] [0m
[96m 
------------------------------- Extension Stage ------------------------------- [0m
Starting the extension from iteration 0 to 20.
[3710.94549603 2486.43796659 1902.24585536 4196.92770977 3265.21498499
 3252.5895607  3904.13339543 3042.4437943  2993.04049828], 480.0
[3715.21313114 2491.71708758 1917.46806593 4197.80288143 3264.63680878
 3252.69908619 3909.19116983 3039.06655359 2991.44075296], 480.0
[3718.7052175  2499.54447367 1933.47516664 4198.35390968 3264.41741624
 3252.77158732 3909.5663362  3033.94937    2992.22867138], 480.0
[3718.67363515 2499.49343154 1938.06578355 4198.77959385 3263.97942791
 3252.38333325 3910.50701413 3039.05513246 2996.62357128], 480.0
[3715.09508839 2497.09948723 1912.61663097 4197.23908033 3265.23964682
 3252.82379489 3911.33635273 3045.21334395 2993.48607166], 480.0
[3706.32483168 2479.87411828 1877.59283587 4196.10227089 3266.41964021
 3252.40103021 3905.34769783 3040.98011055 2988.55230678], 480.0
[3711.16611776 2487.51087966 1900.8444122  4196.21891708 3265.38227096
 3252.93286467 3908.63320184 3046.69917893 2995.16274054], 480.0
[3716.29333949 2491.98637729 1926.65569359 4198.47669191 3264.38675885
 3252.71724696 3903.66791706 3037.8204602  2987.26744885], 480.0
[3711.17808604 2478.93326778 1888.63730593 4197.09004478 3265.36000495
 3252.59384084 3907.91381106 3046.46404612 2998.91306849], 480.0
[3714.59716792 2487.582939   1917.39898642 4197.73836851 3264.7758153
 3253.14693203 3911.73030171 3044.31968369 2997.70774076], 480.0
[3715.37819686 2488.23420265 1922.01099017 4197.90664234 3264.55943894
 3252.97130079 3913.45950613 3043.04742398 2995.50939019], 480.0
[3713.86176658 2491.16881468 1922.47220176 4197.85331917 3264.59166255
 3252.93050909 3902.0894455  3036.52885747 2995.28879523], 480.0
[3710.09796085 2482.54018576 1892.15648985 4196.43778944 3265.6074954
 3252.83289037 3899.73181424 3043.33622088 3000.18564429], 480.0
[3711.41447859 2485.0151535  1895.92031415 4197.52289295 3265.31065822
 3252.64105625 3904.23344064 3046.97512746 2987.29336004], 480.0
[3714.35313993 2487.6924418  1919.59091449 4197.44049778 3264.6281322
 3253.28598833 3902.46680574 3040.67668421 2997.6898875 ], 480.0
[3718.41099358 2494.32287734 1935.08119055 4198.31586008 3264.25995178
 3253.05188727 3906.39884162 3040.60534647 2990.00003877], 480.0
[3709.23788772 2481.04540956 1893.3327627  4196.69978857 3265.27442975
 3252.77800293 3906.24514742 3039.87230327 2991.98324428], 480.0
[3712.06293435 2484.90244024 1897.19671254 4196.940061   3265.53338614
 3252.22084961 3901.41405606 3040.92791336 2986.87054089], 480.0
[3709.67098379 2474.69240716 1874.65414064 4196.90883722 3265.5884697
 3252.13529925 3911.66225877 3045.70077026 2991.23846271], 480.0
[3712.57842031 2486.17877049 1903.71820598 4197.69628048 3264.89714799
 3252.71518846 3907.63731332 3042.0470933  2996.4568367 ], 480.0
[3713.78849487 2487.14077687 1904.3574599  4197.43851557 3265.0174036
 3252.42194014 3912.08030362 3040.49273553 2993.93197258], 480.0
[3706.59982443 2475.03291001 1870.86404524 4196.35310984 3266.04675722
 3252.2670177  3904.6816246  3046.99167058 2993.91677814], 480.0
[3723.19349871 2497.8012588  1935.91322933 4199.16768465 3263.83811893
 3252.44607129 3903.05719299 3037.93507862 2992.76470227], 480.0
[3707.70672245 2480.81998732 1883.45169322 4196.16494989 3266.34172692
 3252.83866878 3902.31604018 3040.33281295 2996.55998633], 480.0
[3714.81684251 2488.30883362 1898.61559986 4197.12814264 3265.1469533
 3252.24184585 3905.17215509 3040.59273956 2991.26129429], 480.0
[3717.07550101 2483.94865522 1913.58076577 4198.15450249 3264.48089285
 3252.41998458 3903.59687343 3044.18924661 2996.8011327 ], 480.0
[3712.63578534 2487.6917928  1895.82267195 4197.28539772 3265.42662616
 3252.30306802 3906.70140905 3039.80259311 2987.27379124], 480.0
[3715.38926606 2490.84008219 1910.78527611 4197.65599699 3264.91164184
 3252.46323705 3905.98010736 3044.21287601 2992.99027805], 480.0
[3707.79981251 2480.40193968 1888.26513082 4195.24920502 3266.37145429
 3253.0846766  3908.32990322 3043.46606812 2991.90173745], 480.0
[3716.03720536 2494.06388655 1921.16589619 4197.63721733 3264.77140794
 3252.76194406 3899.56604638 3038.59386268 2985.01263864], 480.0
[3703.20735078 2477.91329119 1863.27124513 4195.07276602 3267.0012804
 3252.50137734 3910.69382691 3044.68348904 2989.65850375], 480.0
[3717.32785301 2500.50738091 1938.02117876 4197.90450792 3264.74441962
 3253.13510385 3904.14202018 3042.82863674 2996.71075237], 480.0
[3710.54816113 2487.93964489 1902.61150999 4196.99330492 3266.19477916
 3252.95217423 3907.73400202 3035.29249668 2988.23930807], 480.0
[3717.59669466 2496.26467075 1922.57274538 4198.14200497 3264.96128144
 3252.55374341 3914.96144371 3042.23990409 2992.02084267], 480.0
[3714.16472144 2494.09476044 1915.26238196 4197.38120689 3265.70980611
 3252.95533457 3907.06119456 3041.28666697 2990.84123805], 480.0
[3712.17768245 2487.51407225 1893.36072277 4196.8288393  3266.17554274
 3252.68142838 3903.12763195 3047.30887682 2996.5875036 ], 480.0
[3714.5850626  2491.09519942 1915.00824066 4197.41123075 3265.45346794
 3253.35497851 3906.17457118 3043.68396366 2996.35282743], 480.0
[3715.59106555 2493.47378714 1914.43551556 4197.06001825 3265.76293344
 3252.94330912 3909.00107303 3034.5724807  2993.66404147], 480.0
[3713.2758647  2493.63368583 1918.06939766 4196.74803019 3265.87748575
 3253.52868652 3900.46996531 3039.25288825 2988.31747613], 480.0
[3709.38308344 2483.36123583 1877.42994708 4195.21344366 3266.68720369
 3253.02170048 3907.22693596 3043.11130512 2990.88739083], 480.0
[3710.05543284 2481.02745628 1883.76022416 4196.08284931 3266.72680106
 3253.25786238 3905.17473443 3036.94579704 2992.10219049], 480.0
[3720.03151097 2501.18403502 1933.33767228 4198.08043079 3265.02424817
 3252.59655981 3899.72542872 3034.04254348 2991.00232799], 480.0
[3273.78634963 2419.33533243 2342.99825143 4319.48888073 3359.63512688
 3359.62863503 4301.46933994 3345.51101561 3345.65854025], 480.0
[3296.8742352  2455.20859263 2382.27529628 4319.52905102 3359.70558701
 3359.57588897 4301.57550116 3345.68869934 3345.72952132], 480.0
[3286.96962569 2436.62737887 2362.03272014 4319.56846933 3359.73558145
 3359.54471264 4301.65388222 3345.66161819 3345.66151295], 480.0
[3291.97483771 2445.52342134 2372.48634161 4319.53370161 3359.71046233
 3359.72838364 4301.55137053 3345.56218457 3345.78861165], 480.0
[3282.20659583 2431.15237215 2357.56037683 4319.63281879 3359.74403024
 3359.63023362 4301.56768522 3345.78324032 3345.60721941], 480.0
[3286.0930542  2436.52063431 2362.12427881 4319.60471191 3359.49623709
 3359.76561184 4301.677565   3345.61688256 3345.74670157], 480.0
[3292.72221112 2444.76002809 2369.07119193 4319.62643814 3359.67256365
 3359.64921422 4301.62739201 3345.66404257 3345.68394446], 480.0
[3300.52856188 2457.73214006 2384.79487257 4319.49562941 3359.76913762
 3359.60886807 4301.4685112  3345.78051062 3345.62072015], 480.0
[3266.36153009 2407.8432747  2330.76136477 4319.62076511 3359.86588407
 3359.78231068 4301.53040485 3345.78357787 3345.7275475 ], 480.0
[96m 
------------------------------- Initialization Stage ------------------------------- [0m
Number of Pareto optimal solutions: 77
[96m Selected Tasks: [0m
[96m objs = [3253.99354906 2398.25456283 2320.5502086  4303.57293549 3349.02434449
 3347.76949768 4217.47443604 3278.32273064 3287.28015637] [0m
[96m objs = [3726.29975114 3095.48897152 2872.63200514 4246.78667946 3273.30926061
 3308.7777411  4046.52613163 3020.10677037 3065.73058164] [0m
[96m objs = [3715.78391781 3043.54475818 2990.20352168 4226.02580032 3251.99383674
 3289.35577421 4065.72480307 2978.38618641 2965.84026517] [0m
[96m objs = [3713.34774342 2506.48442628 1956.62904512 4197.60990553 3264.90020709
 3255.08657928 3901.99487863 3036.61825428 2992.33510878] [0m
[96m objs = [3708.91455193 2479.51330223 1888.90862677 4196.42363377 3265.72956853
 3252.77068949 3906.93835621 3044.42549026 2992.90657799] [0m
[96m objs = [3657.28596983 3045.5313097  2933.04156675 4219.11437168 3252.88344913
 3282.93176036 4012.91810641 2948.62957301 3005.56898077] [0m
[96m 
------------------------------- Extension Stage ------------------------------- [0m
Starting the extension from iteration 0 to 20.
[3712.5446641  2502.8235395  1946.92130473 4198.22449989 3264.41698718
 3254.63117132 3908.79104929 3041.25231473 2993.51130302], 480.0
[3707.28421326 2492.62839096 1913.3116589  4196.81626081 3265.40616498
 3254.22106013 3912.76825662 3039.06938019 2991.55559001], 480.0
[3709.59097176 2498.54869947 1922.67539535 4197.21099453 3264.77819519
 3253.73991528 3907.35483098 3037.72575989 2994.1165776 ], 480.0
[3709.4853992  2504.07958837 1935.41170197 4197.49949255 3265.16954141
 3254.14196281 3907.63145466 3039.98000288 2985.77283957], 480.0
[3714.65609641 2502.89712627 1946.25534527 4197.75405931 3264.23022132
 3254.31964235 3896.45253077 3041.31456418 2996.42870743], 480.0
[3702.95020947 2496.10769782 1905.98531203 4195.60050049 3265.87865152
 3254.16351314 3907.33922205 3038.26653683 2979.7520756 ], 480.0
[3709.7898839  2505.77376699 1945.0355989  4197.44575052 3264.81754627
 3254.02258224 3899.88854351 3033.30967574 2990.13774552], 480.0
[3711.50305548 2506.57563205 1942.41927994 4197.21178713 3264.41578593
 3254.19101024 3903.97516041 3040.89107704 2986.34071763], 480.0
[3711.70539742 2494.83163123 1915.97092295 4196.85250492 3264.69500537
 3254.08944001 3906.09530463 3040.0376061  2991.89842992], 480.0
[3709.47821727 2496.05942314 1918.64584718 4196.79417887 3265.12157679
 3253.90993547 3906.58198118 3038.3870626  2987.40879962], 480.0
[3708.44561338 2491.65368652 1917.30122434 4197.14638577 3264.90173116
 3254.19111967 3898.40459518 3034.26030104 2989.76210318], 480.0
[3712.05837393 2503.38680286 1923.83854866 4196.51726923 3265.4925642
 3253.81747055 3900.4556129  3032.59624734 2982.21103888], 480.0
[3719.48952856 2510.97442815 1945.88580317 4198.33622608 3263.98359947
 3253.2365829  3897.39665718 3038.20391994 2986.38409884], 480.0
[3720.36920819 2515.92524195 1959.8241389  4198.54882765 3264.01260576
 3254.16635809 3898.13947158 3040.15390415 2982.07956886], 480.0
[3708.45073862 2497.74622149 1900.80302501 4195.62260313 3266.26776953
 3253.4139966  3905.2664094  3036.56601031 2986.45267007], 480.0
[3717.04328694 2511.11952963 1942.18596947 4197.74125223 3264.79634542
 3253.2628922  3896.7486115  3033.14669101 2987.43030305], 480.0
[3717.65998216 2510.75117593 1936.49134799 4197.801015   3264.18464861
 3253.00714912 3897.04136724 3030.43561594 2983.32688301], 480.0
[3714.16680756 2505.07131519 1942.62690706 4196.87599344 3264.5362371
 3253.90486507 3893.287356   3034.97943466 2982.78448112], 480.0
[3710.37623863 2496.52563114 1908.73278377 4196.01040735 3265.15278792
 3253.17237983 3898.55647645 3036.28075023 2985.77123938], 480.0
[3713.90879931 2507.34296079 1931.63598769 4197.02129517 3264.46866951
 3253.23405228 3902.03374844 3042.32857568 2985.47427011], 480.0
[3713.38533239 2501.4210887  1913.88514509 4196.60437822 3264.69614525
 3252.60779009 3902.79750261 3037.46014006 2985.3241832 ], 480.0
[3717.03243737 2512.58126156 1935.75628542 4197.29726334 3264.34975848
 3252.57228031 3899.46698689 3030.47256255 2984.67237933], 480.0
[3708.12514    2500.6933984  1901.70009921 4195.76608887 3265.73503118
 3252.70360403 3909.63901858 3034.09159179 2988.69992113], 480.0
[3712.0038837  2506.06389253 1923.96491989 4196.45552597 3265.06302438
 3253.03590364 3900.44492226 3034.89939613 2982.97404139], 480.0
[3712.48787289 2505.81700325 1917.93639812 4196.63428879 3264.98237419
 3252.57025218 3903.88270788 3031.84224863 2979.98297739], 480.0
[3719.70093613 2522.3788305  1960.34899869 4198.2806838  3263.33595428
 3252.23220453 3903.77436533 3031.98986387 2981.87272401], 480.0
[3711.12722754 2514.01775486 1934.64878768 4196.96773634 3264.84393687
 3252.84860358 3907.76557078 3033.16851048 2982.76319432], 480.0
[3717.69616895 2517.01735187 1943.38394815 4197.46105385 3264.07223396
 3252.74575648 3904.50480566 3040.37138693 2993.26011083], 480.0
[3713.05918417 2528.16156094 1930.175059   4196.12945385 3265.43242745
 3252.39894152 3908.86015639 3031.30924909 2988.56970577], 480.0
[3717.11405635 2533.49803984 1947.10294938 4196.82679472 3264.90421505
 3252.22881041 3910.619663   3034.3030086  2984.7554285 ], 480.0
[3714.99089079 2524.74677672 1949.7451569  4196.93881655 3264.74246707
 3252.89202785 3909.32912521 3033.47847989 2996.11106622], 480.0
[3720.70356455 2529.11336396 1960.43188757 4198.12150288 3264.39199095
 3252.22410355 3893.60117369 3029.07411857 2983.60692189], 480.0
[3716.09117432 2522.78554914 1943.1505217  4197.68257351 3264.77735538
 3252.47501292 3915.92552075 3032.87344759 2978.30500214], 480.0
[3715.28051729 2517.55585876 1930.55571978 4196.97944651 3264.90194798
 3252.22998786 3901.14568725 3037.35119457 2970.41445463], 480.0
[3715.26321669 2523.26908805 1931.12774246 4196.75822153 3265.01418924
 3252.406602   3905.26533198 3039.99999254 2978.99293795], 480.0
[3716.40548854 2520.16425729 1939.78389302 4197.45044565 3264.39373264
 3252.41685681 3906.6256917  3029.2160253  2976.17649837], 480.0
[3713.43538041 2520.49693193 1933.14983363 4196.55880909 3265.2306097
 3252.55719829 3906.51705399 3034.18775122 2978.47108521], 480.0
[3717.49030089 2534.36266961 1950.79384912 4197.0530941  3264.6914567
 3252.03110242 3903.63733406 3030.83879454 2968.98855648], 480.0
[3719.55464191 2539.1154254  1978.54682437 4197.15494509 3264.22401104
 3253.19050202 3901.17675781 3031.08717334 2973.34094372], 480.0
[3717.75605574 2532.78110175 1960.19701325 4196.2005578  3265.08440418
 3252.80654798 3900.56125503 3033.28725216 2978.21348512], 480.0
[3719.81184421 2542.22882934 1991.21896073 4197.40104303 3264.9622438
 3253.78172054 3890.89291515 3035.24680102 2967.2924535 ], 480.0
[3718.4618607  2532.87999055 1981.53314862 4197.00690813 3264.64099464
 3254.10688696 3905.27237673 3034.26791284 2985.62342801], 480.0
[3273.78634963 2419.33533243 2342.99825143 4319.48888073 3359.63512688
 3359.62863503 4301.46933994 3345.51101561 3345.65854025], 480.0
[3296.8742352  2455.20859263 2382.27529628 4319.52905102 3359.70558701
 3359.57588897 4301.57550116 3345.68869934 3345.72952132], 480.0
[3286.96962569 2436.62737887 2362.03272014 4319.56846933 3359.73558145
 3359.54471264 4301.65388222 3345.66161819 3345.66151295], 480.0
[3291.97483771 2445.52342134 2372.48634161 4319.53370161 3359.71046233
 3359.72838364 4301.55137053 3345.56218457 3345.78861165], 480.0
[3282.20659583 2431.15237215 2357.56037683 4319.63281879 3359.74403024
 3359.63023362 4301.56768522 3345.78324032 3345.60721941], 480.0
[3286.0930542  2436.52063431 2362.12427881 4319.60471191 3359.49623709
 3359.76561184 4301.677565   3345.61688256 3345.74670157], 480.0
[3292.72221112 2444.76002809 2369.07119193 4319.62643814 3359.67256365
 3359.64921422 4301.62739201 3345.66404257 3345.68394446], 480.0
[3300.52856188 2457.73214006 2384.79487257 4319.49562941 3359.76913762
 3359.60886807 4301.4685112  3345.78051062 3345.62072015], 480.0
[3266.36153009 2407.8432747  2330.76136477 4319.62076511 3359.86588407
 3359.78231068 4301.53040485 3345.78357787 3345.7275475 ], 480.0
[96m 
------------------------------- Initialization Stage ------------------------------- [0m
Number of Pareto optimal solutions: 77
[96m Selected Tasks: [0m
[96m objs = [3253.99354906 2398.25456283 2320.5502086  4303.57293549 3349.02434449
 3347.76949768 4217.47443604 3278.32273064 3287.28015637] [0m
[96m objs = [3726.29975114 3095.48897152 2872.63200514 4246.78667946 3273.30926061
 3308.7777411  4046.52613163 3020.10677037 3065.73058164] [0m
[96m objs = [3715.78391781 3043.54475818 2990.20352168 4226.02580032 3251.99383674
 3289.35577421 4065.72480307 2978.38618641 2965.84026517] [0m
[96m objs = [3713.34774342 2506.48442628 1956.62904512 4197.60990553 3264.90020709
 3255.08657928 3901.99487863 3036.61825428 2992.33510878] [0m
[96m objs = [3708.91455193 2479.51330223 1888.90862677 4196.42363377 3265.72956853
 3252.77068949 3906.93835621 3044.42549026 2992.90657799] [0m
[96m objs = [3657.28596983 3045.5313097  2933.04156675 4219.11437168 3252.88344913
 3282.93176036 4012.91810641 2948.62957301 3005.56898077] [0m
[96m 
------------------------------- Extension Stage ------------------------------- [0m
Starting the extension from iteration 0 to 20.
[3715.11159921 3044.20658035 2989.43586588 4226.54198008 3251.80466294
 3288.82746973 4066.77056193 2978.19176223 2975.98416457], 480.0
[3714.65733852 3044.82163415 2986.80068512 4226.74409666 3251.43272305
 3288.63047333 4066.38442554 2972.04450272 2970.78205202], 480.0
[3713.02937126 3041.91287951 2985.56702218 4226.62491407 3250.71920686
 3288.62485528 4064.46936555 2969.31952462 2969.2034407 ], 480.0
[3715.50254145 3050.55728884 2992.83068256 4226.64562149 3253.12409945
 3289.25263567 4066.12796187 2985.52662525 2965.96371787], 480.0
[3715.64627194 3045.26789637 2988.4604516  4226.13359394 3252.81059475
 3289.07023444 4058.62634859 2978.85081561 2974.22868029], 480.0
[3714.9842155  3043.26555181 2983.61053429 4225.23136826 3252.25966482
 3289.08847146 4059.01304111 2981.13462195 2965.08739298], 480.0
[3718.14417591 3041.27688255 2980.48627491 4225.35714712 3252.01761827
 3288.96040483 4058.54412131 2977.1752342  2960.25597171], 480.0
[3718.75287333 3038.50651155 2983.16611056 4224.88999777 3251.97918062
 3288.34648561 4058.4208899  2975.97064641 2953.85075362], 480.0
[3723.51998467 3037.85679049 2988.71523442 4225.42948837 3252.50611792
 3288.57784905 4056.88868012 2976.53756609 2967.30956245], 480.0
[3719.05314331 3036.88065257 2988.73417754 4225.33684177 3251.71087227
 3288.52502909 4060.14499173 2979.73832397 2964.56781052], 480.0
[3716.187148   3032.52787895 2983.55872636 4225.20998583 3250.34157977
 3287.45557432 4053.87916708 2967.06124616 2960.54090598], 480.0
[3721.61632414 3036.54862204 2985.49232321 4225.38995667 3250.37782955
 3287.7847939  4055.50350237 2970.79906969 2953.34796066], 480.0
[3720.4771925  3033.67623944 2984.26450634 4225.53574619 3250.72497873
 3287.46853042 4061.4877872  2969.74810243 2952.57297161], 480.0
[3721.57953267 3034.85733242 2982.86252751 4225.38930902 3250.86788783
 3287.04191198 4050.75221243 2972.62261496 2949.91121547], 480.0
[3722.08912997 3030.58903651 2978.849966   4224.36622419 3249.85513558
 3286.93628902 4052.87114263 2966.24426372 2942.72997121], 480.0
[3722.93802447 3036.48726931 2982.03739729 4224.66274405 3250.82072401
 3287.43195028 4053.04314213 2964.71301465 2946.36078162], 480.0
[3728.00706811 3039.82951827 2983.91507988 4224.74060907 3251.98671522
 3287.62422781 4055.7928844  2966.73923838 2953.99914665], 480.0
[3727.75762634 3033.65928841 2979.96482973 4224.31564293 3250.95412698
 3287.02240868 4054.98832197 2967.3078367  2946.30206496], 480.0
[3725.43896055 3030.52242427 2978.69328151 4223.97637682 3250.75175891
 3287.02013392 4049.78518682 2959.62048171 2946.65515342], 480.0
[3728.38484583 3033.10890179 2979.64770508 4224.05580301 3251.4697463
 3287.44702358 4049.08053198 2969.10833972 2958.00148758], 480.0
[3724.92625103 3029.62713966 2978.27869859 4223.90271444 3250.58102679
 3287.49251356 4045.78947177 2962.88249826 2936.12397308], 480.0
[3720.95124192 3029.38441133 2978.31779165 4223.9030407  3250.2928072
 3287.85135689 4044.94385333 2957.82927721 2949.62783735], 480.0
[3721.97238388 3029.52537956 2975.27076278 4224.15043602 3250.44946318
 3287.53343554 4046.0009172  2962.47378088 2949.48475151], 480.0
[3719.51512513 3030.25057168 2979.1353591  4224.06619596 3251.17851973
 3287.77436824 4042.28481421 2965.26490431 2945.79060895], 480.0
[3721.0951942  3029.1001369  2981.70196199 4223.95470715 3250.2770596
 3287.20697341 4043.45974507 2961.1877198  2939.35752505], 480.0
[3716.51310258 3025.43887053 2976.18335233 4223.74995394 3248.88931112
 3286.39424367 4043.87132878 2957.45085635 2935.6141665 ], 480.0
[3713.1124589  3024.72724433 2981.98753619 4223.45344763 3249.5290659
 3287.30425754 4041.19755344 2961.49913284 2946.81312591], 480.0
[3718.11812568 3026.09078598 2981.6921783  4223.63954639 3249.62265563
 3286.77216592 4037.71206989 2967.3187948  2940.23346329], 480.0
[3715.18034139 3024.38370857 2979.28087535 4223.3720974  3249.53193388
 3286.35395823 4047.80228887 2965.2654232  2937.80413481], 480.0
[3711.66781201 3021.94665813 2980.04032254 4223.56170244 3249.46717582
 3285.90888772 4040.79418263 2957.87682357 2927.87525233], 480.0
[3711.24638634 3021.90959311 2976.53152194 4223.33724747 3249.46506648
 3285.91454463 4035.02450848 2950.95865825 2938.91612877], 480.0
[3706.75604024 3023.00092697 2977.3123641  4223.86501369 3249.46707072
 3285.98170395 4042.46002693 2952.9982955  2938.46359844], 480.0
[3704.56684046 3023.61732988 2978.46907644 4223.41916065 3249.80844274
 3285.73522611 4038.21541915 2953.11881278 2940.98285742], 480.0
[3704.13527532 3017.32138443 2974.97500625 4223.1012886  3248.72795758
 3285.2429225  4039.06469803 2948.68645444 2935.59942763], 480.0
[3705.13451009 3020.20437455 2970.8814549  4222.74078274 3249.37947288
 3284.53905835 4039.36160493 2951.08135538 2925.47531449], 480.0
[3704.10068917 3026.88887119 2980.73998828 4222.8375288  3251.37977762
 3285.53369045 4039.3392385  2954.75071137 2930.44972484], 480.0
[3701.78729792 3024.6625155  2975.63047223 4223.3493762  3250.48106861
 3284.65101151 4037.72048192 2948.83309996 2924.08294694], 480.0
[3707.21588902 3026.71402082 2978.70200644 4223.22347288 3251.35975485
 3285.15325055 4041.64963546 2953.03469319 2920.93431664], 480.0
[3711.76642466 3023.67002373 2973.47861686 4222.57386951 3250.84103317
 3284.31785803 4040.08993897 2951.94819121 2916.16773482], 480.0
[3710.99646916 3023.03339534 2970.89471231 4222.27088604 3250.50364575
 3284.61920195 4039.14733567 2958.67284725 2919.6360025 ], 480.0
[3708.09823952 3020.2655283  2970.4480206  4222.21525831 3250.28310122
 3284.25923281 4034.82775149 2954.02851894 2908.61904932], 480.0
[3704.85521808 3018.59891129 2968.91917734 4222.10599155 3249.59894462
 3283.99778891 4037.40254874 2952.39138732 2928.00173603], 480.0
[3718.2556529  2512.03238287 1950.2338539  4197.77575941 3265.38537621
 3253.66079011 3891.13042374 3037.80523233 2983.79367242], 480.0
[3711.28121548 2494.25728595 1898.66375595 4195.90709791 3266.44689217
 3252.86573443 3903.23077545 3035.54503951 2991.89248734], 480.0
[3724.09331779 2513.36971531 1969.92096355 4199.01915283 3264.05693674
 3253.49715085 3897.78303585 3036.69661946 2993.06603808], 480.0
[3710.3367487  2489.731164   1911.42349147 4196.51586695 3266.05410094
 3253.82824922 3898.58144155 3045.06110246 2988.96778586], 480.0
[3711.49393797 2491.2394264  1912.44331259 4196.65494404 3266.30141511
 3253.86713409 3906.13299999 3037.36917126 2995.73343341], 480.0
[3709.37909207 2488.227757   1903.97376463 4195.59391775 3266.80422654
 3254.38375626 3906.61140342 3032.94806428 2993.71143985], 480.0
[3710.20557451 2491.83855672 1902.48151308 4195.92488232 3266.8544621
 3253.65222263 3893.67527614 3032.9064151  2982.50393827], 480.0
[3718.98875198 2503.70648    1945.63103067 4197.65208931 3265.53173676
 3254.37383971 3904.40244265 3037.41850715 2997.47861691], 480.0
[3711.88812361 2495.19229753 1919.51985506 4196.12678852 3266.48146815
 3254.0876266  3904.66576643 3034.88857954 2987.03284175], 480.0
[3714.23999386 2503.90860696 1935.00693502 4196.54914465 3266.14880681
 3254.43200574 3908.6942162  3033.39455888 2987.7452065 ], 480.0
[3720.97160797 2507.53428001 1946.79275973 4197.80329018 3265.817207
 3254.00487008 3895.84558916 3039.63799357 2996.34816394], 480.0
[3721.83046432 2509.50283537 1957.37487576 4198.08016233 3265.37915573
 3254.37917223 3900.81155005 3039.52677224 2988.01266551], 480.0
[3717.82787704 2503.9486577  1940.63769292 4196.7025219  3266.47101889
 3254.51516137 3895.49421983 3031.30601497 2991.29628675], 480.0
[3719.67819471 2503.41424525 1954.21337097 4197.67287321 3265.41440363
 3254.57548299 3896.31937127 3032.30281959 2990.04785459], 480.0
[3713.85884676 2498.78777945 1926.40687723 4196.20038033 3266.5279613
 3254.72750983 3899.21818814 3027.58823195 2981.79412966], 480.0
[3719.48281054 2511.16103561 1959.70513071 4197.22725458 3266.00982642
 3254.90741796 3908.27989912 3036.74478257 2991.96298451], 480.0
[3719.73294144 2512.73054898 1965.79213778 4197.75942945 3265.68993917
 3255.06117706 3901.29870152 3030.4979064  2992.36507015], 480.0
[3717.35878654 2504.25972176 1942.5853804  4197.15487127 3266.14384704
 3254.67453303 3901.954038   3035.96334841 2992.91716425], 480.0
[3720.17621927 2506.82842426 1941.73706028 4197.10005541 3266.37904787
 3254.43649378 3897.83704538 3030.58503046 2992.16929858], 480.0
[3720.68681369 2509.09404256 1948.89780602 4198.00963602 3265.69114013
 3254.29102983 3895.94203258 3038.56740899 2988.92804406], 480.0
[3724.68031759 2520.62412891 1975.24183457 4198.97462206 3264.93613777
 3254.32195582 3902.08046637 3030.52123835 2987.65221293], 480.0
[3710.3464025  2500.97825143 1917.00072879 4195.16181841 3267.6746542
 3255.22956238 3905.05013819 3038.74443052 2993.58969407], 480.0
[3712.71937404 2502.53851304 1916.66075656 4195.86638594 3267.2552712
 3254.26290402 3903.76397038 3036.32501683 2989.48841126], 480.0
[3717.49449973 2521.30177968 1955.23915164 4196.68059826 3266.52547083
 3254.86340303 3902.73700991 3033.32384121 2981.70914347], 480.0
[3722.54637284 2521.34441402 1970.15222194 4198.04000216 3265.53212442
 3254.47636547 3904.84591885 3036.7821789  2988.24670098], 480.0
[3720.22096424 2517.41702194 1958.71504951 4197.5692584  3265.88620758
 3254.67295256 3909.53575301 3032.71771827 2981.85404241], 480.0
[3712.31672864 2506.33309269 1923.01080164 4195.74636898 3267.21780987
 3254.57964563 3898.66347804 3036.83088739 2988.87292972], 480.0
[3717.8563447  2514.15323391 1944.11168108 4196.64472723 3266.76933522
 3255.00360374 3901.47767062 3034.5484894  2994.49123633], 480.0
[3726.30330491 2529.54052548 1978.92103081 4198.22514439 3265.36870093
 3254.28793569 3894.00371981 3035.10456278 2984.35942538], 480.0
[3726.15963235 2523.42149503 1971.49236114 4198.1271944  3265.32696576
 3254.62962914 3904.32755103 3034.89629993 2982.7130935 ], 480.0
[3721.17404604 2519.88439126 1962.1521474  4198.0151041  3265.48975215
 3254.43919497 3892.8306849  3038.88852866 2982.1929353 ], 480.0
[3729.87993746 2534.79963253 2001.96995765 4199.91404057 3264.53376045
 3254.35691862 3901.45950055 3022.18243446 2988.8690378 ], 480.0
[3721.70643082 2515.97173839 1961.2447506  4197.79703617 3265.66120949
 3254.63986216 3903.8223989  3028.15679946 2992.53909721], 480.0
[3724.33061743 2521.91351655 1975.46724125 4198.225776   3265.7101614
 3254.78014598 3900.81448922 3031.2952354  2985.19073093], 480.0
[3723.01394448 2525.66897471 1973.54590471 4198.38358927 3265.68663359
 3254.33860044 3893.83695836 3030.81423545 2992.65686278], 480.0
[3716.08724775 2509.89098756 1936.00222175 4196.16832914 3266.90840263
 3254.87199812 3903.12688375 3033.54269087 2991.77058663], 480.0
[3725.63754544 2528.86758978 1977.25949843 4199.04465208 3265.34113092
 3254.16922765 3907.31740127 3029.02672975 2982.92124436], 480.0
[3720.54992151 2513.95375085 1954.74470639 4197.30956984 3265.99020572
 3254.4448463  3900.52121177 3042.48425951 2988.54301302], 480.0
[3715.78898587 2506.22550058 1928.64773699 4196.11835518 3267.2224493
 3254.97128282 3896.46219711 3032.56356156 2985.58928053], 480.0
[3714.88927011 2509.89822423 1932.66272805 4196.17610998 3266.91974688
 3254.75410528 3901.27052007 3031.1732836  2988.58789237], 480.0
[3723.38943138 2522.59650605 1962.94689031 4198.15976152 3266.0160008
 3254.15262818 3892.03579903 3031.14960909 2985.13176029], 480.0
[3719.64872985 2517.5269161  1941.67298069 4196.97384911 3266.67858973
 3254.4293148  3904.93351383 3035.56624601 2984.28210034], 480.0
[3718.59047809 2510.52028956 1932.6709361  4196.53210621 3267.03124504
 3254.88555131 3902.83201504 3033.11939394 2992.57986948], 480.0
[3725.22808495 2525.51940315 1967.88600218 4198.63119888 3265.50363426
 3253.9110528  3902.83622217 3033.14612651 2982.55391405], 480.0
[3724.60533257 2522.35780332 1969.76224787 4198.64133005 3265.32210889
 3253.7885798  3905.337603   3034.77171738 2986.706408  ], 480.0
[3719.43981509 2511.96286695 1939.46698231 4197.3160058  3266.70377326
 3253.88709493 3896.65742064 3029.54358716 2985.99344349], 480.0
[3724.46821079 2515.58531785 1952.9714784  4198.20110064 3265.69995685
 3254.34054837 3895.93268709 3028.2140867  2987.23180511], 480.0
[3718.13837948 2513.18376446 1930.25423648 4196.8970562  3266.86247544
 3253.85260277 3904.90740771 3035.09245861 2990.25144649], 480.0
[3723.14922228 2517.32291405 1952.33514405 4197.99733076 3266.44629478
 3254.13417459 3895.91284637 3034.23071105 2987.42613156], 480.0
[3724.59757557 2522.70565314 1968.0509431  4198.42837105 3265.43239532
 3254.14415431 3906.16380277 3033.83302748 2989.3390919 ], 480.0
[3728.29679189 2528.0562922  1971.44591225 4199.26895685 3265.54834118
 3253.36574497 3893.82570519 3029.79787874 2980.94312098], 480.0
[3727.45166745 2524.52930849 1969.43845007 4199.20695486 3265.2118772
 3253.2558907  3899.86484551 3031.94075227 2983.08962514], 480.0
[3716.33059521 2511.82287703 1929.08976259 4196.58258562 3266.84208269
 3254.48567986 3904.65833683 3031.11024475 2987.4538693 ], 480.0
[3725.99168139 2515.94749446 1949.60446708 4198.48265381 3265.67663426
 3253.54832964 3897.32567172 3027.35430295 2985.86980317], 480.0
[3721.33012247 2508.74073648 1937.49387378 4197.52035646 3265.93575773
 3253.94553108 3899.82109866 3036.48996925 2988.78196588], 480.0
[3728.84698281 2522.42071733 1967.50910653 4199.49367151 3264.89615102
 3253.49866257 3905.23291502 3033.11884015 2993.94271052], 480.0
[3720.10877075 2511.83610926 1940.66741309 4197.88124142 3266.25167928
 3253.81011147 3899.87791295 3031.14559445 2990.69818885], 480.0
[3724.40758791 2515.56236291 1951.87344153 4198.50653124 3265.50973778
 3253.59342241 3906.81560078 3030.73417351 2983.16870549], 480.0
[3722.13641062 2511.31056092 1941.12138009 4197.91344309 3266.18063316
 3253.80523601 3894.27849603 3034.70569584 2993.71943183], 480.0
[3720.99441476 2509.71183035 1940.75481532 4197.58570404 3266.35813975
 3253.94244561 3902.22000861 3032.36033809 2984.29281862], 480.0
[3659.82666512 3042.40980315 2934.02300844 4215.73010197 3251.90055923
 3279.63137922 4011.61604009 2933.30851351 2977.29656322], 480.0
[3658.81131954 3041.48992066 2934.74943833 4215.69862642 3251.8460238
 3279.50521011 4009.55686822 2933.15886238 2980.64854982], 480.0
[3660.99529738 3040.94720435 2937.45761447 4215.61537542 3252.00593147
 3279.6245388  4011.04096875 2940.83236579 2982.52468957], 480.0
[3658.78186674 3040.78005571 2935.80862675 4215.7080493  3251.24290462
 3279.8429337  4020.05199695 2931.87976983 2970.6629905 ], 480.0
[3655.11712747 3040.77668791 2938.59932694 4216.07969351 3251.24244885
 3280.44112325 4014.9658608  2928.42842195 2973.83757128], 480.0
[3656.42561054 3041.69351144 2937.25945339 4216.53820839 3251.98899112
 3279.91878362 4012.18957    2932.29614525 2970.29703268], 480.0
[3655.3487071  3040.34892354 2938.99513564 4216.5407506  3250.98857183
 3280.01535201 4014.40367794 2929.26372263 2962.57978389], 480.0
[3659.46380167 3040.10335646 2939.44848256 4217.05011778 3251.98289294
 3279.58254666 4009.90395241 2941.40298128 2972.17388995], 480.0
[3655.41503453 3039.8968442  2937.76863227 4217.35536642 3251.55092578
 3279.42656126 4015.01733603 2929.82346084 2964.67215581], 480.0
[3657.49493032 3041.14218149 2940.2755321  4217.3595211  3251.81266184
 3279.92502923 4015.85226336 2940.81817756 2972.54725475], 480.0
[3653.43775058 3037.56024828 2938.40127096 4217.35289364 3250.79945154
 3279.53362026 4014.39286966 2933.44506226 2962.8475831 ], 480.0
[3653.64815583 3036.61405826 2934.40494356 4217.2367444  3251.06467686
 3279.09811754 4018.28309741 2929.96372427 2971.312848  ], 480.0
[3657.88806038 3040.01269479 2936.86007771 4217.31505747 3252.08670678
 3279.84625573 4023.78826375 2936.38389417 2973.44155104], 480.0
[3655.08997135 3041.36262984 2934.38731847 4217.31453772 3251.68299866
 3280.00189338 4016.02403421 2930.65513213 2962.93459641], 480.0
[3659.04481564 3042.03051243 2935.77325215 4217.03905554 3251.86583295
 3279.53773441 4016.86918001 2931.93444898 2966.67609768], 480.0
[3661.03088417 3040.63419275 2936.40808239 4217.35368576 3251.96236873
 3279.5640131  4016.49756374 2939.84041603 2980.36006328], 480.0
[3660.0135808  3042.02119904 2938.96990566 4217.59843969 3252.15069904
 3279.86186719 4014.22332292 2937.70218024 2980.85566254], 480.0
[3654.64459925 3038.82069707 2930.66384025 4217.61927996 3250.92211995
 3279.68891048 4013.19287324 2936.30033389 2972.59582503], 480.0
[3655.33218775 3037.0631084  2928.10021329 4217.24382648 3249.83103762
 3280.04025526 4018.70026922 2932.16765339 2977.41081185], 480.0
[3655.33716731 3042.44893637 2935.80987773 4217.82081919 3251.32215595
 3279.8209393  4019.29073358 2934.02615573 2982.1603423 ], 480.0
[3652.97337708 3041.4641407  2937.55667176 4217.73569088 3251.31706357
 3279.92863407 4013.08028898 2937.17809682 2970.16410561], 480.0
[3649.75369477 3041.17164168 2935.31833882 4217.83094912 3250.55143094
 3279.88499689 4012.86784844 2930.32889751 2963.74455044], 480.0
[3650.74615006 3041.42242255 2937.6188169  4218.00631018 3251.48059678
 3279.31266088 4016.46338024 2938.43810501 2971.18127542], 480.0
[3649.87580471 3042.07131281 2939.37103086 4217.5569273  3251.52876101
 3279.44814754 4008.74576054 2940.73360143 2965.85760875], 480.0
[3644.93299561 3041.54720039 2938.36641793 4217.91531076 3251.73364663
 3279.45753694 4013.26265788 2931.448303   2965.26126143], 480.0
[3644.24667549 3038.08756285 2934.34213085 4217.92721834 3250.47838831
 3279.28232579 4007.4956964  2929.42224983 2970.5234637 ], 480.0
[3642.06249156 3036.79870181 2937.83285685 4218.09135456 3250.59788852
 3279.8750011  4009.35460734 2931.61279045 2966.97559711], 480.0
[3644.44048777 3036.63314109 2934.79777312 4217.65871153 3250.21796541
 3279.92544456 4012.62117786 2930.47915988 2958.70408928], 480.0
[3649.9085669  3036.57379951 2936.67464271 4217.26843147 3250.68304543
 3279.57604666 4015.20471573 2945.682095   2972.46313192], 480.0
[3646.40494485 3039.85050855 2937.55268712 4217.28652229 3250.46698899
 3278.96998386 4010.49123187 2926.59208915 2953.55885749], 480.0
[3649.75534091 3037.13497791 2934.6120564  4217.21394234 3250.75997162
 3279.27579484 4015.41613636 2930.68773032 2957.03066201], 480.0
[3646.85925565 3036.13189483 2932.73145599 4217.58601961 3250.19134383
 3279.0982759  4012.45901923 2929.79592671 2960.60049121], 480.0
[3650.88490343 3040.58118901 2933.41490493 4217.25931587 3250.97239184
 3279.04055924 4018.04481449 2933.86766948 2953.20977169], 480.0
[3651.52670736 3038.63898978 2932.87270794 4216.35975056 3250.48972864
 3279.0678896  4014.50973129 2934.39986351 2951.87983116], 480.0
[3650.10478826 3035.81449327 2931.70052004 4216.50684309 3250.05976086
 3279.00290699 4006.28362403 2922.69134179 2958.71033924], 480.0
[3646.05793591 3034.71316061 2922.16684842 4216.10279942 3248.82210021
 3278.49872699 4012.81913691 2929.96587667 2948.06924911], 480.0
[3646.47827625 3037.68697238 2926.00680094 4216.53291998 3249.72510185
 3278.02134843 4012.45936751 2939.65448675 2957.46143943], 480.0
[3647.44597816 3040.11653175 2931.29732924 4216.34339581 3250.52069764
 3278.22373633 4010.46825995 2929.74367714 2956.41542866], 480.0
[3648.63702779 3041.86509089 2925.63348894 4216.2391592  3250.61967311
 3278.36020598 4006.05648084 2935.26195765 2958.56808696], 480.0
[3649.36013169 3041.82925    2928.10874047 4216.28884115 3250.34235148
 3278.21546965 4011.1845654  2932.5411041  2957.92368368], 480.0
[3644.41151185 3034.47843742 2918.05985408 4216.04305458 3248.12624946
 3277.61068478 4008.33589745 2930.62941253 2944.44839295], 480.0
[3647.77345452 3038.10966439 2921.53205781 4216.0915597  3248.94963694
 3277.42579446 4010.18282523 2931.47590451 2956.76043341], 480.0
[3646.1198288  3036.4613409  2919.24959922 4216.13694382 3248.16982274
 3277.56698556 4001.53354506 2923.63251565 2950.22815092], 480.0
[3652.91719971 3037.7513257  2927.45589929 4216.17960672 3248.94129882
 3278.14656606 4008.49048076 2930.21908067 2953.68154956], 480.0
[3650.4920558  3038.7975596  2925.98830037 4216.56260071 3249.35059347
 3277.99004755 4011.42021084 2924.1360033  2938.00040879], 480.0
[3650.37889047 3037.55142131 2924.02324963 4216.66521673 3249.1026031
 3277.36803122 4006.9551064  2922.90437617 2940.85274599], 480.0
[3650.56013651 3038.0319068  2926.56200185 4216.41899405 3249.56628761
 3277.79600759 4010.06103058 2920.46659882 2947.7348338 ], 480.0
[3648.96231174 3041.75851159 2928.69516449 4217.06592808 3250.38460078
 3277.43149843 4005.70339794 2927.80096214 2941.35086573], 480.0
[3639.75176349 3034.38146148 2923.82453055 4216.48775091 3248.92142978
 3277.2927072  4003.61311846 2907.79535043 2935.84217801], 480.0
[3641.45237427 3033.83818665 2924.16680622 4216.45362406 3248.25235682
 3277.89332442 4007.10806575 2920.37629426 2941.54805419], 480.0
[3642.80659323 3035.98228645 2929.52490344 4216.63498812 3249.60796452
 3277.57485676 3998.69370718 2919.48668607 2942.10465807], 480.0
[3647.87193589 3038.56214285 2930.54997835 4216.84667273 3250.34410992
 3277.25557804 4007.91228948 2925.03201481 2944.77539034], 480.0
[3644.86058311 3033.83752766 2924.68067617 4215.76483612 3249.14687972
 3277.07503095 4003.4182416  2920.88753488 2933.72333724], 480.0
[3644.37818713 3037.43382521 2922.46102767 4215.76590395 3249.11869879
 3276.91597619 4004.87782521 2927.28518429 2939.81906469], 480.0
[3643.78250442 3038.25032625 2925.47503581 4215.96042223 3249.32854972
 3277.20739675 4005.29632778 2929.17640843 2942.07915461], 480.0
[3642.89978013 3037.7137392  2922.7829741  4215.46857023 3249.0135798
 3276.41257238 4010.81622338 2920.5837775  2940.87373047], 480.0
[3641.02797208 3035.38373432 2917.59613147 4214.95469322 3248.76593838
 3276.11391463 4010.94882278 2929.58868761 2936.20276831], 480.0
[3643.3287065  3036.57567453 2921.77022862 4215.26744461 3249.52470169
 3276.3307497  4005.41186013 2932.59287939 2941.90600884], 480.0
[3648.17441826 3038.00516648 2921.58379164 4214.77488356 3248.80416517
 3275.77423363 4004.02372375 2925.69477704 2932.39891224], 480.0
[3644.79501076 3040.41552291 2918.78819761 4214.84154606 3249.45919847
 3276.5171165  4003.87780056 2923.2746839  2937.94484314], 480.0
[3274.46757429 2423.3152353  2336.47498748 4298.57295628 3346.52389007
 3345.313131   4220.08104715 3267.29886851 3277.41338387], 480.0
[3260.66692779 2407.25956666 2319.1622803  4298.46944962 3346.43884621
 3344.93955836 4216.25192699 3267.97331481 3273.52911844], 480.0
[3271.68788433 2423.40273193 2341.48628068 4298.51125631 3346.6219769
 3344.80115266 4217.61396637 3264.0276433  3272.75312729], 480.0
[3259.59619908 2410.47370445 2331.68120527 4298.48462353 3346.45380812
 3344.69363322 4214.26350141 3263.5943644  3273.18257141], 480.0
[3264.02395625 2424.89998851 2344.70202562 4298.58945503 3346.21633472
 3344.77298937 4213.49503517 3264.47592063 3274.75096889], 480.0
[3262.80311182 2419.18102899 2338.55312787 4298.39709921 3345.97956891
 3344.65384135 4211.25943699 3266.1780406  3275.61245952], 480.0
[3265.92706227 2422.1768337  2338.14621843 4298.93392286 3345.94565182
 3344.21648393 4215.86193776 3265.01021466 3280.84124804], 480.0
[3274.56443954 2438.49283832 2360.16364828 4298.38286095 3345.36199193
 3344.27394137 4216.7540895  3263.87155166 3272.86396179], 480.0
[3266.70608482 2435.40162653 2355.44755187 4297.85479488 3345.34131885
 3343.85662374 4210.07061219 3264.5228869  3270.5969008 ], 480.0
[3245.97762547 2409.68777691 2323.50296776 4297.57582302 3344.84585133
 3342.93006477 4207.9731245  3258.58433051 3270.3404294 ], 480.0
[3264.193066   2435.08563915 2354.0144887  4297.29494009 3344.17116847
 3342.14269962 4206.89638405 3259.37084084 3266.07972693], 480.0
[3246.06846859 2409.64341294 2324.06088035 4296.93698454 3344.04393501
 3341.72770367 4209.83746729 3254.54501066 3266.07840557], 480.0
[3262.27563756 2425.73416508 2347.25660808 4296.85487785 3342.84987559
 3341.06750751 4209.33382978 3247.12357821 3264.79722991], 480.0
[3261.82097564 2426.81651161 2346.51573828 4297.02220287 3342.90879169
 3340.7002418  4208.43837829 3246.73078165 3258.06939492], 480.0
[3257.28107049 2423.44238793 2344.48179827 4296.23464499 3342.90477414
 3340.67220974 4201.60874095 3245.29228806 3257.9172184 ], 480.0
[3250.61103773 2410.68490695 2326.04374553 4296.63392458 3342.62897248
 3340.57701344 4203.527525   3249.63966265 3256.17179828], 480.0
[3253.42736259 2419.44818711 2331.46194353 4297.28584423 3342.54023042
 3340.49096832 4205.75050621 3248.93850861 3260.75375695], 480.0
[3250.25918198 2412.53939115 2324.40570886 4297.90146933 3342.80504761
 3341.08548555 4204.26877899 3246.36819706 3262.33771105], 480.0
[3256.5381582  2415.14531841 2327.80798476 4297.70913353 3342.17953873
 3341.03147421 4201.02888441 3244.18839259 3266.01308169], 480.0
[3262.2382086  2425.33696872 2342.03279462 4297.40520735 3341.64478951
 3341.12521062 4193.54532995 3232.12679253 3264.47124634], 480.0
[3256.05635333 2414.82422367 2329.94398823 4297.20056353 3341.11325383
 3340.73854842 4192.66857967 3230.37095866 3265.6695694 ], 480.0
[3258.15363166 2418.690394   2334.08389899 4296.77310524 3340.74856133
 3339.85134711 4199.732692   3227.52632899 3265.35672889], 480.0
[3272.76949327 2448.94910154 2371.54596111 4295.75669384 3340.68563991
 3339.65930214 4192.82187495 3221.51915979 3266.06343732], 480.0
[3257.6873349  2432.89480878 2354.64580947 4295.45287151 3340.89541569
 3339.78485985 4192.1214684  3228.09845901 3264.28158722], 480.0
[3260.90885677 2433.83726065 2353.33648211 4295.5189373  3341.03125839
 3339.70414109 4193.21092076 3229.39101448 3266.0689496 ], 480.0
[3262.38211629 2434.28485378 2353.07362468 4295.34990139 3340.68459396
 3340.23167872 4198.47624245 3226.90343084 3267.42093773], 480.0
[3261.20881577 2432.10144508 2348.42180697 4295.62516289 3340.16184835
 3340.56027675 4198.49768481 3225.06882925 3266.31497087], 480.0
[3272.31507161 2452.30822259 2372.39570975 4296.14957113 3339.22127228
 3340.02719536 4198.59897928 3218.49603214 3267.91424532], 480.0
[3271.18314934 2445.98877836 2363.94536339 4295.76875343 3339.16618867
 3339.7643724  4202.23864188 3219.01960096 3268.38136711], 480.0
[3280.90936792 2454.32059404 2377.23907009 4295.82261534 3338.92827454
 3339.36075592 4203.40563126 3216.05039239 3267.31134734], 480.0
[3269.10707655 2441.78734914 2359.8679611  4295.37502604 3338.79150796
 3339.35934143 4204.97274413 3211.91496544 3264.17396302], 480.0
[3284.84796979 2458.55379003 2378.78908097 4294.69726629 3338.54472113
 3339.31185818 4202.77742553 3208.04642611 3261.96155806], 480.0
[3264.67655866 2428.11676747 2343.79114649 4294.59675283 3338.5245326
 3339.60146232 4200.91247578 3213.61725321 3258.56212254], 480.0
[3279.21080031 2449.13930616 2367.04478229 4295.33764877 3338.39177556
 3339.54537778 4204.4842536  3210.85903831 3257.44355774], 480.0
[3276.21942282 2438.57843909 2351.70019072 4294.56291952 3337.94836302
 3339.16882029 4204.61622467 3213.79928546 3254.97889395], 480.0
[3256.53428719 2416.56933267 2319.97112428 4294.44260721 3337.30362692
 3339.40265074 4200.11551042 3212.555547   3252.80702262], 480.0
[3269.58983121 2433.63170551 2341.03825977 4294.52754831 3337.46192713
 3339.06924014 4199.12171235 3213.7046483  3251.27476768], 480.0
[3258.06320326 2420.11042106 2326.52250829 4294.35025864 3338.0389523
 3339.69164319 4200.64742851 3215.56163898 3258.73096471], 480.0
[3251.09976065 2415.62744752 2312.15208048 4293.95714893 3337.87383432
 3339.18482828 4193.78550529 3218.31360373 3254.06202989], 480.0
[3278.17179794 2448.18661145 2349.78818595 4293.25853453 3337.83981819
 3339.27199717 4186.19064426 3222.48013473 3256.54047799], 480.0
[3242.4556952  2405.68605291 2294.40652931 4293.09219341 3337.51008859
 3339.53373041 4188.07096095 3217.56024246 3255.20163398], 480.0
[3271.10431271 2434.3572145  2324.37131968 4293.20812101 3337.35057092
 3339.04408588 4195.33777943 3218.26619687 3257.90434709], 480.0
[3275.51103446 2440.2595726  2330.26453611 4292.57625132 3336.79263115
 3337.67823038 4191.66567478 3220.11279917 3248.44392276], 480.0
[3276.64741657 2445.47410378 2337.35277622 4292.53804798 3336.97068405
 3337.59501634 4189.19388328 3221.33441949 3249.96466589], 480.0
[3263.85407803 2425.67884679 2311.71721979 4292.17691622 3337.09242144
 3337.7975225  4191.37411532 3222.89555116 3252.10016847], 480.0
[3276.44669418 2443.26001734 2328.36803192 4291.41762228 3336.79061022
 3337.46612711 4188.58490987 3221.46515498 3246.82574968], 480.0
[3279.48382397 2443.84841378 2333.96766341 4291.26044102 3336.40835876
 3336.25352459 4189.03889894 3218.44241223 3242.36485553], 480.0
[3272.44295094 2441.87286272 2330.26650263 4291.43872166 3336.31087885
 3336.71488891 4189.38724065 3216.68704424 3245.38561792], 480.0
[3279.77961042 2447.25637324 2335.56138721 4290.96130924 3335.81214428
 3336.43715234 4188.28337197 3213.19113059 3248.41448078], 480.0
[3261.91583531 2432.14043007 2321.86691986 4291.17711096 3336.48123894
 3336.3785666  4190.764605   3213.12697062 3242.76774926], 480.0
[3245.05952682 2411.68604918 2294.77953858 4290.64770546 3336.47573333
 3335.36644773 4192.85727482 3209.82720056 3239.87428966], 480.0
[3248.14759994 2411.04819777 2289.74166623 4290.46751804 3335.48311462
 3334.94889789 4192.09482379 3211.34684119 3240.21938615], 480.0
[3272.32293847 2447.92707086 2333.41663516 4290.63892012 3335.1834136
 3335.02206907 4188.32589908 3208.14031878 3242.34251776], 480.0
[3252.25651011 2426.25432576 2308.83785532 4290.75064869 3335.47396903
 3334.95077171 4193.18690238 3219.28954144 3240.32123747], 480.0
[3235.69518628 2410.4123988  2291.78606697 4289.97582178 3334.78508744
 3334.33909431 4186.97239528 3211.08198233 3238.5527504 ], 480.0
[3251.6191139  2444.4082323  2331.63736354 4289.25987568 3334.73020148
 3332.80432205 4183.70323925 3212.10957832 3242.54657769], 480.0
[3248.48002055 2432.18132063 2313.79646317 4289.48303366 3334.62440133
 3332.62749071 4179.43845067 3215.40156918 3241.89731474], 480.0
[3245.89539752 2429.33175532 2307.57792948 4289.75436735 3334.44287324
 3332.624125   4175.46829858 3213.01788635 3240.39759283], 480.0
[3242.97949913 2424.66797242 2304.90349026 4289.09890118 3334.67351642
 3332.95250545 4169.95478373 3214.10941372 3238.42543125], 480.0
[3261.64456093 2443.31168246 2329.13939582 4288.9125083  3334.14118161
 3332.48409619 4178.56756306 3209.12295003 3231.26527863], 480.0
[3703.02860689 3105.80057559 2863.94878836 4242.46149759 3275.55864191
 3305.48973923 4008.08779073 3026.75100088 3062.16027098], 480.0
[3703.29500227 3107.02195783 2867.39971852 4242.47015104 3275.33726978
 3305.36891894 4014.71892033 3030.31533842 3059.38645749], 480.0
[3706.73851161 3106.10181828 2865.95904241 4242.45525599 3275.41984463
 3305.07026358 3997.14781628 3025.36812296 3058.04016836], 480.0
[3704.80451708 3100.10860772 2860.02095864 4241.97023754 3274.39718256
 3304.67008758 4006.08313446 3023.60489283 3062.80763366], 480.0
[3706.04358153 3101.51060052 2861.21235847 4242.3507266  3274.91589403
 3304.71106844 3999.4063149  3027.46746476 3056.85905619], 480.0
[3705.952777   3098.83220606 2864.59044681 4242.63205147 3275.3786572
 3304.31462321 3992.76432428 3028.7019279  3061.04873917], 480.0
[3708.0637044  3100.93910284 2867.96661861 4242.50301666 3274.66726818
 3303.83525004 4006.34817538 3029.4881084  3061.59811013], 480.0
[3712.13061042 3101.94230771 2872.03541739 4242.12256308 3274.88477521
 3303.38306222 3997.99832988 3030.77770028 3058.47225208], 480.0
[3708.45255413 3098.23304181 2864.69685459 4241.9630126  3273.57891293
 3303.25692081 4009.4940093  3030.42582321 3063.87461481], 480.0
[3713.15138502 3100.457686   2869.15052965 4241.23897257 3272.65375633
 3302.48227549 3991.82178631 3021.41595495 3061.11281722], 480.0
[3710.82920694 3101.62106338 2866.7055295  4241.22289019 3272.74069633
 3301.6119     3997.48716383 3022.65743141 3057.69978764], 480.0
[3713.65258088 3103.41182551 2873.94085679 4240.56444244 3272.63069539
 3301.70588555 3992.84175363 3023.34755967 3060.36955979], 480.0
[3710.71586094 3098.9793962  2867.20822752 4241.04132595 3273.64936481
 3302.13046618 4001.28782272 3019.66335437 3060.46588767], 480.0
[3707.65046887 3103.04535589 2878.36279554 4240.94556379 3274.55268884
 3301.66198258 3986.15917358 3027.76460359 3057.73749731], 480.0
[3702.88776102 3099.04134779 2864.53637064 4240.85831661 3272.55957475
 3300.90259905 3994.93768072 3024.20672154 3059.18942146], 480.0
[3705.66507139 3103.95364814 2872.04985948 4240.66038246 3274.08490062
 3301.67843618 3990.46124706 3025.74304042 3057.22111952], 480.0
[3707.3448175  3100.64547906 2867.93943243 4240.97053442 3273.09160776
 3301.42318306 3994.57900348 3026.32223661 3054.37549999], 480.0
[3706.5030499  3100.72158165 2863.84815264 4240.07076931 3274.22005725
 3301.14742012 3978.70093894 3022.91246707 3056.97024226], 480.0
[3709.44548841 3105.22782273 2872.9033757  4239.90629358 3274.54574571
 3302.07946334 3985.55214887 3026.17349412 3059.72815692], 480.0
[3704.71877851 3100.73364682 2868.53497882 4239.6261694  3274.24470887
 3302.06126966 3987.50633502 3017.06026266 3058.68799648], 480.0
[3700.12144885 3099.07106919 2868.91977615 4239.44853697 3273.113518
 3301.72672992 3987.24594436 3017.65889301 3058.22300172], 480.0
[3702.27834501 3099.82261972 2863.37542193 4239.68441429 3272.69169993
 3302.23867564 3988.60747771 3010.60833814 3052.92836504], 480.0
[3707.60147667 3106.77686901 2875.93228264 4239.29504566 3273.74252629
 3301.87202678 3984.74962811 3014.86978383 3049.90024729], 480.0
[3708.03063726 3104.61585622 2874.78375745 4238.41335697 3272.92000217
 3302.02235279 3983.57022343 3015.836133   3053.19163959], 480.0
[3703.28149323 3101.4125061  2872.74264812 4238.77599792 3272.70119019
 3301.33138452 3988.51339417 3014.5945406  3046.97888086], 480.0
[3710.93843055 3104.13350515 2874.15653458 4237.95594149 3272.80850196
 3301.09571548 3991.17259007 3017.12095699 3055.39089584], 480.0
[3709.06292701 3103.42065663 2876.83389559 4238.15036249 3272.8511075
 3300.8298008  3989.27832832 3017.70164196 3057.01589229], 480.0
[3710.10682282 3101.53360639 2881.90956097 4237.88472137 3271.96005282
 3300.75169735 3999.14642615 3021.52708247 3054.92528703], 480.0
[3714.1802876  3101.69250321 2883.05536475 4237.26756916 3270.6947319
 3299.79702244 3996.12854199 3017.59653721 3057.69584861], 480.0
[3715.29397697 3102.42725258 2886.45290108 4237.86937494 3271.76901402
 3299.33735771 3997.80804152 3020.46432745 3052.15465157], 480.0
[3713.77807274 3102.92407894 2889.83977752 4237.14792175 3271.01917968
 3299.64435749 3985.34586768 3018.39190314 3058.87756641], 480.0
[3714.02186785 3103.76325254 2889.17631145 4236.84849434 3270.70198112
 3299.72736716 3999.16568742 3012.64954927 3062.77953975], 480.0
[3713.12924809 3102.15575161 2882.1247725  4236.29532986 3269.89722495
 3299.30841541 3995.40909047 3014.54385607 3059.85518937], 480.0
[3714.13403454 3105.91497931 2879.3229023  4236.75041866 3270.59089727
 3299.53076386 4001.52429743 3013.62354898 3054.38487606], 480.0
[3708.59892306 3102.3468029  2871.49766188 4237.09085541 3269.45005116
 3299.40755997 3996.70810914 3006.68869045 3055.2251323 ], 480.0
[3709.59303951 3103.64205408 2872.58203938 4236.71320295 3269.18319211
 3298.72677279 3992.68382363 3009.58575983 3047.14738297], 480.0
[3707.30256619 3107.07717643 2880.93759093 4236.9882453  3270.68656921
 3299.608074   3995.95988193 3013.67627888 3057.22127442], 480.0
[3704.09977136 3100.68538451 2864.91368675 4236.26259241 3269.318331
 3299.3537148  4002.6398458  3012.31082895 3052.71968107], 480.0
[3715.60340071 3109.25586367 2875.62621374 4236.87886333 3271.45971899
 3299.93602114 3996.18125777 3007.71625297 3056.85809703], 480.0
[3716.3158175  3111.47440653 2885.24409184 4237.4354579  3270.92794075
 3299.75707421 4005.11198535 3012.38777158 3065.38395557], 480.0
[3714.43136888 3109.59754977 2881.34470539 4236.80692205 3270.81761236
 3299.81806526 3998.1136673  3007.41109178 3055.1055218 ], 480.0
[3709.45355272 3108.27611814 2870.46507244 4237.32288809 3270.15431705
 3299.64528012 4013.88318982 3012.97783928 3055.01388607], 480.0
[3707.27348008 3105.7662107  2872.29262133 4237.29027262 3269.97467961
 3299.01053281 4002.29342713 3003.98038433 3053.32883103], 480.0
[3699.70201969 3101.21437712 2873.45540199 4237.75204391 3268.44073038
 3297.96891375 4010.48346934 3008.7851795  3040.69757721], 480.0
[3702.12690959 3102.61370049 2882.82748985 4237.86420794 3269.51823335
 3298.01969304 4007.49252572 3011.48192015 3047.4977509 ], 480.0
[3706.27223258 3105.61427422 2891.04301362 4238.05657701 3271.40019016
 3298.37419214 3999.63887463 3014.43255928 3045.00127916], 480.0
[3699.51294627 3101.57231503 2873.08204656 4238.63635254 3270.07508998
 3297.61700149 3996.95644002 3011.12618315 3039.43329625], 480.0
[3698.96279244 3102.78552742 2886.96632252 4238.14210768 3270.50739942
 3297.49437599 4000.67302818 3012.44168279 3041.96023154], 480.0
[3699.65035138 3099.69889936 2880.89405694 4236.86755457 3269.04004374
 3296.89333978 3997.56345682 2997.79128602 3048.97268119], 480.0
[3699.42931609 3094.83106523 2874.30906835 4236.63960047 3268.71141515
 3296.05534372 3998.95126567 3002.29683833 3038.37737298], 480.0
[3700.97188668 3102.50172696 2893.64717278 4236.69847174 3271.26678119
 3296.5886621  3990.67491479 3004.7441541  3042.03417029], 480.0
[3696.05877643 3099.01754327 2889.48757768 4236.58844023 3270.52177582
 3296.43494511 4001.47202549 3000.64986501 3047.46268649], 480.0
[3700.82762694 3099.33114524 2882.63182735 4235.93276062 3270.57659426
 3296.42155175 3997.61076326 3007.5691396  3046.1761318 ], 480.0
[3696.85998149 3097.72462454 2873.47814999 4235.09471607 3269.49178057
 3296.12723355 3990.77507057 3002.162026   3045.18251061], 480.0
[3695.40356798 3095.19248285 2875.08720961 4234.79062567 3270.67795315
 3296.0177259  3991.78727522 3006.89672508 3045.39404438], 480.0
[3690.1769135  3095.06033416 2873.76191626 4234.95285683 3270.99343729
 3296.08757854 3985.72623224 3002.01942422 3042.69681025], 480.0
[3691.45720668 3097.41499877 2871.39328809 4234.28297691 3271.88600612
 3295.80309229 3985.78425369 3010.13781886 3038.10631597], 480.0
[3690.79999428 3092.33304434 2862.15974636 4234.67564516 3270.85889387
 3295.45916629 3987.4716815  3012.06265113 3042.42295265], 480.0
[3690.80918121 3094.52306328 2867.13747191 4233.6297616  3272.26331086
 3295.14479141 3987.80108175 3006.96621876 3037.06140954], 480.0
[3695.49541187 3093.34161062 2865.82648911 4233.77769556 3272.82608328
 3294.95244226 3984.20090165 3017.92389812 3043.64160433], 480.0
[3707.90106592 3019.82808619 2969.57031264 4221.89559364 3249.95086823
 3283.77701554 4038.71984034 2949.67485723 2919.94771187], 480.0
[3708.96875744 3022.12372575 2971.65880995 4222.07092543 3250.4801568
 3283.83564801 4039.85759583 2949.884496   2925.32556776], 480.0
[3705.22166266 3017.51056671 2965.44697509 4221.55709829 3249.5993536
 3283.27951388 4043.33082542 2943.25248318 2920.43733372], 480.0
[3710.965065   3023.11969676 2969.27107472 4221.18378    3250.87626996
 3283.79003391 4044.07623515 2957.33605309 2921.01088446], 480.0
[3706.04678049 3017.11015754 2960.8210484  4220.86728115 3249.80522084
 3282.81508627 4043.69748707 2950.24032831 2917.20125231], 480.0
[3712.37087836 3018.4537251  2959.12814093 4221.31313334 3249.72574039
 3282.23748055 4041.80458674 2948.9159802  2914.4065482 ], 480.0
[3707.82996426 3018.4791357  2967.28164864 4221.61755533 3250.55888925
 3283.20963979 4041.5509973  2944.43994668 2924.53828039], 480.0
[3703.64703145 3014.32456894 2964.762746   4221.53335505 3249.87490001
 3282.66017065 4042.5462604  2951.6309302  2923.01796343], 480.0
[3703.22986279 3011.70600576 2963.06103778 4221.65096531 3249.4553647
 3282.75751176 4046.56455145 2942.09845815 2922.44891717], 480.0
[3704.39861073 3014.18327694 2970.10025845 4221.55757875 3249.5009007
 3282.94169559 4044.04604187 2945.44865229 2926.41756858], 480.0
[3704.4575583  3019.52103543 2971.1145987  4221.59869614 3250.25836215
 3282.83671222 4039.03618464 2944.26298835 2931.17914891], 480.0
[3703.68627758 3020.69492216 2968.33357592 4221.45983171 3249.6199502
 3282.24458127 4029.71947174 2943.01544883 2915.9390457 ], 480.0
[3705.79916892 3017.03818822 2964.02109332 4220.57030535 3248.96544442
 3282.21876254 4036.46120167 2942.78357878 2916.13784828], 480.0
[3708.30258408 3023.1305624  2969.50716872 4220.94536123 3249.99742322
 3282.10735993 4034.30810642 2945.25290327 2917.81774337], 480.0
[3706.8563468  3024.853374   2972.74363861 4220.95428896 3250.72557931
 3282.98092256 4033.97532616 2945.56555467 2913.33792646], 480.0
[3708.43231864 3022.61296105 2969.73222518 4221.22002707 3249.30994792
 3281.86048851 4039.28966417 2939.54385221 2917.98560508], 480.0
[3712.66303267 3019.9155704  2973.09199691 4220.97231188 3249.38438191
 3282.36612024 4036.91438274 2937.73097801 2917.04070255], 480.0
[3711.32218447 3024.48469439 2975.36274385 4221.43395319 3249.73757987
 3282.315909   4036.63999319 2935.83100131 2912.08552464], 480.0
[3708.20126905 3022.15499077 2969.99664035 4221.25697889 3248.19652104
 3281.73823695 4038.53001313 2938.53833013 2912.40090977], 480.0
[3711.17466383 3025.19945869 2974.68032174 4221.51231661 3249.00172229
 3281.8220283  4030.98700466 2935.01046596 2907.56479663], 480.0
[3706.63352213 3025.5786315  2972.54864073 4221.65755892 3249.87895575
 3281.72246232 4032.57824316 2937.20158587 2903.40253723], 480.0
[3707.01709595 3023.67892966 2971.07270112 4220.81222067 3248.9283114
 3281.09632354 4031.04100904 2927.55707827 2910.82901282], 480.0
[3710.28399711 3028.47937245 2971.31377983 4221.3799428  3249.82665906
 3280.81873627 4033.80849285 2936.41633291 2913.14954681], 480.0
[3704.07251096 3021.88548937 2966.27048774 4220.83063068 3248.35587497
 3280.39733729 4028.93490133 2924.37361181 2908.01485776], 480.0
[3703.0727684  3024.48838167 2971.33303151 4221.75541935 3248.93435245
 3280.13893318 4028.57742953 2926.87812908 2896.79373688], 480.0
[3697.05886974 3023.99241219 2967.17200656 4221.50535688 3247.96936755
 3279.91856608 4023.91581812 2924.00137169 2898.98790516], 480.0
[3702.09163747 3022.90039244 2973.58292727 4221.20125103 3248.78397837
 3279.41461787 4030.81228023 2935.3861074  2918.26388624], 480.0
[3706.05863538 3020.68066244 2976.0151051  4220.67376909 3248.16289153
 3280.47612443 4024.73359532 2933.04869528 2906.43271987], 480.0
[3705.44544544 3018.74807134 2977.4029099  4220.55349588 3247.92512794
 3279.57482033 4025.74731851 2929.32048552 2909.30047356], 480.0
[3704.73629832 3019.15520287 2974.02302456 4220.47001867 3247.30055728
 3279.03488607 4023.79036293 2924.98180099 2908.38177981], 480.0
[3709.98317971 3017.18947554 2977.31300411 4220.70458641 3247.67171278
 3278.89977779 4027.79283848 2929.08929465 2905.48052757], 480.0
[3710.88772602 3016.88118639 2974.676964   4220.75536709 3248.0788939
 3278.67635403 4027.32616463 2934.06253359 2915.4247692 ], 480.0
[3713.95327535 3016.32133632 2979.48986716 4220.85056543 3248.34896164
 3279.24748478 4023.81206527 2933.73106154 2902.9958266 ], 480.0
[3706.2029861  3016.39763308 2976.07626123 4220.33741093 3247.32490611
 3278.3063374  4015.74190226 2921.07477512 2892.47438738], 480.0
[3707.3435823  3020.50598168 2978.98456383 4220.21348038 3247.78952398
 3278.00037489 4023.28208594 2920.29934196 2903.85170636], 480.0
[3707.98175812 3015.24283047 2976.30244217 4219.98962288 3247.12772884
 3277.51697636 4024.40207829 2918.40587552 2895.08905238], 480.0
[3704.74199786 3009.92059784 2971.81534128 4219.09326973 3246.18007221
 3276.8071701  4019.89551382 2916.20635686 2894.98760076], 480.0
[3708.79127345 3015.54868531 2976.20290313 4219.51518364 3248.03529372
 3278.35740242 4011.55153193 2925.27296789 2907.05089934], 480.0
[3701.13647952 3009.68971462 2970.62439041 4219.12127628 3246.4005301
 3277.51551647 4016.44099984 2919.1475457  2895.3366693 ], 480.0
[3708.33572402 3010.88439641 2978.5745976  4219.62790136 3247.56146255
 3278.29268522 4018.32369356 2924.85948638 2909.56674513], 480.0
[3708.16863785 3008.84214816 2977.60664992 4219.78695574 3247.17627997
 3277.78568897 4027.02849493 2926.52080102 2905.48451221], 480.0
[3705.01432862 3008.58808684 2978.5805747  4220.21568708 3247.25515122
 3277.59596992 4021.86434641 2918.66561651 2898.88572605], 480.0
[3708.48583798 3008.28355689 2982.60213404 4220.51132669 3247.1568327
 3277.67709208 4022.31704979 2920.61534297 2900.30413777], 480.0
[3708.5787972  3009.46902194 2982.20851965 4220.18389549 3246.56500163
 3277.0215642  4022.68856349 2920.05591711 2896.37394296], 480.0
[3712.02649374 3007.55494666 2985.43066754 4220.10947704 3247.28686204
 3277.76566405 4022.36587839 2922.87365813 2906.80371504], 480.0
[3711.67409415 3007.22190471 2984.82833261 4220.50169697 3247.23202825
 3277.86908708 4028.68837986 2919.37115039 2897.77752635], 480.0
[3710.51306973 3007.34396663 2985.13886914 4220.48530903 3248.04709597
 3277.75975995 4030.00493097 2927.0526607  2908.92221597], 480.0
[3711.62906747 3005.57314787 2981.58855362 4220.20684681 3247.53947287
 3277.21927447 4023.03332796 2930.4382717  2902.43620468], 480.0
[3712.29645109 3003.98892512 2987.18644452 4220.27921696 3248.51161079
 3278.07853808 4023.87371979 2924.52051997 2916.48634439], 480.0
[3708.4177392  3003.74775748 2979.15571027 4219.84292641 3246.54460568
 3276.85589361 4023.39018922 2923.71212127 2906.43115166], 480.0
[3710.20287399 3002.58498507 2982.9930932  4219.75909405 3247.10865803
 3276.5410573  4023.23014331 2927.87531891 2901.67302165], 480.0
[3707.53658504 3005.16814146 2980.57494893 4219.14795475 3247.08534522
 3276.45338979 4021.84170518 2912.90064632 2906.06347468], 480.0
[3707.78361373 3002.80657282 2979.37141061 4218.46930304 3246.66386318
 3276.20140615 4020.62746973 2916.99307342 2903.10614953], 480.0
[3710.45673714 3007.53686743 2981.78490052 4218.20895262 3248.23422117
 3276.97438216 4022.91664109 2931.25306582 2906.53783206], 480.0
[3709.11668954 3002.76633534 2977.43825994 4217.76313963 3246.64108553
 3275.49891438 4023.62298703 2917.7551037  2904.06282104], 480.0
[3712.46619391 3004.81822462 2978.29143543 4217.79733896 3247.51494374
 3276.1162775  4017.51923923 2925.41704776 2907.75242248], 480.0
[3720.92296567 3005.44507861 2985.9919971  4217.49184465 3248.43084674
 3276.90031228 4019.96374478 2931.17298373 2903.36527333], 480.0
[3714.05814772 3005.098914   2976.8640871  4217.31849661 3246.60176368
 3275.38105526 4020.94885912 2922.13391562 2892.83558369], 480.0
[3719.75460539 3007.87965732 2981.67233453 4217.91724224 3248.66144676
 3277.04545207 4015.86027174 2925.72657082 2892.25471561], 480.0
[3717.02659526 3007.64873142 2979.8318213  4217.62748899 3247.99669271
 3276.64045529 4012.261904   2932.72727429 2898.99257202], 480.0
[3714.88269987 2528.01742861 1951.74594202 4195.38482208 3265.98933163
 3253.95713286 3903.15302467 3026.08154745 2972.88813679], 480.0
[3721.28388834 2539.92956471 1995.53202826 4197.4475009  3264.36497083
 3253.86243348 3895.94159846 3028.24214215 2976.7591342 ], 480.0
[3711.18823848 2530.31952052 1951.93196572 4195.0501915  3266.4620059
 3254.40145693 3889.09414823 3030.69338584 2971.54386239], 480.0
[3718.81404877 2539.72631464 1998.29023294 4197.51545696 3264.68661609
 3254.60439196 3900.5042459  3025.39180839 2972.52164068], 480.0
[3717.52313924 2540.49303393 1988.73284512 4196.92371073 3264.95331068
 3254.5109138  3899.34318824 3027.29141023 2971.68246093], 480.0
[3710.7676661  2530.08876989 1962.70903562 4195.00193644 3266.01199832
 3255.06738958 3901.13797865 3032.61723318 2980.67084267], 480.0
[3713.58408618 2534.48223476 1982.09875706 4196.27488317 3265.40053654
 3254.7882031  3904.46406207 3029.93447948 2968.72700064], 480.0
[3725.8819602  2558.79696376 2049.40726049 4199.23258276 3263.75711827
 3254.55737734 3890.20154052 3013.44248135 2968.98666971], 480.0
[3719.89747906 2546.97069836 2014.91959679 4197.46730709 3264.7003087
 3254.55282879 3895.10242062 3023.60570185 2965.58542687], 480.0
[3713.87547941 2535.55063541 1984.69473704 4196.54752531 3265.5184051
 3254.90219784 3890.01000276 3019.57809136 2972.69361484], 480.0
[3720.34557185 2544.25022869 2007.92379855 4197.30682001 3264.76490955
 3254.7796186  3888.4015564  3015.84829118 2977.14749498], 480.0
[3714.49244604 2537.90517399 1985.44715605 4196.15157566 3265.59132829
 3254.97628446 3903.76181393 3020.89676807 2970.7886096 ], 480.0
[3716.58073606 2541.32849236 1986.07664005 4195.42076492 3266.10536885
 3255.22390466 3902.8417397  3019.05980692 2968.93564384], 480.0
[3721.5342309  2552.30730867 2023.09319191 4197.54340334 3264.98765922
 3255.02084208 3890.2462616  3019.08945353 2966.46434325], 480.0
[3718.63471828 2540.3753726  2001.07214546 4196.1787385  3265.3297205
 3255.56061358 3896.29559555 3023.24870434 2982.62137017], 480.0
[3719.94214911 2542.84267673 2005.14204806 4196.55637312 3264.83683934
 3255.48144989 3901.87496848 3020.12002628 2975.33747354], 480.0
[3716.16428275 2545.41260126 1992.44362924 4195.18260098 3265.86069303
 3255.53405628 3904.10508733 3021.78130958 2980.37973766], 480.0
[3721.57124109 2557.43851726 2021.36180893 4196.21452456 3265.20863781
 3255.50780754 3899.24982388 3025.67349296 2974.24755473], 480.0
[3719.2829185  2553.23120174 2012.61959047 4196.2012702  3265.0229691
 3255.34727306 3895.1491775  3020.91592917 2972.98283098], 480.0
[3720.7348702  2555.64481304 2019.85871911 4196.30477743 3265.22543259
 3255.12721233 3896.43131366 3017.58156722 2979.48689344], 480.0
[3724.07616267 2564.93834524 2044.63213394 4197.80467739 3264.34729886
 3255.38932738 3898.87289867 3020.89368839 2980.84389064], 480.0
[3717.16164412 2555.91150317 2004.40501683 4195.31423197 3266.03522778
 3255.76098528 3897.66787148 3024.10002055 2981.50564146], 480.0
[3717.86234097 2557.96537805 2013.92031512 4195.36532984 3265.2142602
 3255.47465138 3895.51643066 3019.8132287  2979.05495729], 480.0
[3723.03596029 2565.2637955  2035.12088844 4196.90703459 3264.69172664
 3255.33709831 3892.6683465  3019.22200308 2972.82728775], 480.0
[3725.30155282 2562.56433663 2046.72216345 4197.95780153 3263.63648877
 3255.1555542  3890.80265756 3014.94603028 2967.46258993], 480.0
[3722.1185267  2563.62429543 2033.31046697 4196.86322584 3264.94139576
 3255.30918574 3894.99373932 3017.52378142 2975.26890354], 480.0
[3722.92585378 2560.11830654 2034.81222672 4196.69878054 3264.51325774
 3255.29357772 3883.08275175 3007.72108502 2966.09210482], 480.0
[3722.74211016 2559.60442836 2042.05018083 4197.13439388 3264.35982094
 3255.34925776 3892.66943297 3013.93371451 2968.64218311], 480.0
[3722.69499507 2565.30411329 2030.06302384 4196.22061148 3265.27469707
 3255.44906845 3884.00093303 3014.06080644 2971.6176038 ], 480.0
[3723.25082164 2564.80322416 2033.9024004  4196.84680347 3265.03131437
 3254.93111486 3882.33752012 3015.54363401 2967.46019125], 480.0
[3716.35721779 2561.26542718 2006.20549598 4194.83870087 3266.00936246
 3255.60052547 3897.15850277 3018.05557475 2976.12510707], 480.0
[3718.87075863 2560.78954561 2012.32762619 4195.79908905 3265.47928619
 3255.32487149 3886.84867783 3022.08267181 2969.5923537 ], 480.0
[3717.54557953 2559.9706661  2010.11499324 4195.39444637 3265.48782277
 3255.37323666 3885.15960827 3018.71592152 2969.00765644], 480.0
[3720.15963197 2553.61440957 2010.28955731 4195.8550168  3264.76293545
 3255.78945861 3887.53718057 3021.28877361 2970.23801966], 480.0
[3716.77290416 2552.87050178 1992.79427282 4195.63951159 3265.5275178
 3255.01234951 3898.76652908 3019.50411859 2974.6409687 ], 480.0
[3713.73590827 2547.64581232 1981.09626733 4194.4889924  3265.6518167
 3255.69131584 3890.42424126 3020.42214878 2974.30077777], 480.0
[3711.67287602 2539.13551457 1969.87237251 4194.50597973 3265.66289377
 3255.5741807  3894.69788337 3027.60212278 2980.38885102], 480.0
[3711.33204842 2539.6055182  1965.54060396 4194.50702438 3265.68937411
 3255.21724954 3898.41722488 3022.83308692 2980.74919086], 480.0
[3714.51402721 2538.81278324 1985.42308598 4195.69985666 3264.80619121
 3255.45480871 3893.42893362 3020.25439928 2970.48605738], 480.0
[3717.36431704 2543.4181895  1995.36640244 4195.96485205 3264.50407653
 3255.22475295 3892.96385946 3020.13674619 2970.37170973], 480.0
[3715.17725439 2545.7500628  1993.50768292 4196.20868626 3264.32159648
 3254.6828722  3889.35103116 3023.10673723 2976.06101599], 480.0
[3720.78016682 2550.99959764 2006.42991871 4196.72994747 3264.16511703
 3254.64696598 3886.81909127 3015.95837593 2971.01016304], 480.0
[3720.3417686  2543.26638494 1990.7413103  4196.24954872 3264.36792817
 3254.64461999 3887.64855108 3023.17596595 2980.56985292], 480.0
[3725.86990595 2559.05050547 2035.02985575 4197.84078178 3263.00383368
 3254.62193394 3890.19578452 3015.61167855 2981.09398463], 480.0
[3720.82245765 2546.53030457 2007.75801077 4196.67814474 3264.02624021
 3254.58274031 3887.32986426 3013.3196528  2979.60100803], 480.0
[3719.6325017  2544.30717795 2013.86425641 4196.28133421 3264.01736441
 3255.26878495 3892.79706197 3017.01130092 2981.890135  ], 480.0
[3720.26981602 2555.2973011  2023.00148324 4195.93599072 3264.32397122
 3254.85352931 3890.72973504 3018.88240986 2972.44398201], 480.0
[3718.90794501 2554.87207072 2019.56696197 4196.9646637  3264.51477237
 3254.87695398 3885.97266974 3023.4489171  2972.72916214], 480.0
[3708.62871876 2544.5448936  1984.49495597 4193.59369469 3266.46026931
 3255.29415035 3891.9558743  3016.28034968 2979.93942316], 480.0
[3717.35730691 2552.51234217 2017.70289598 4196.57069921 3264.52907233
 3255.19901953 3883.85512795 3018.30860808 2972.01778297], 480.0
[3716.43162951 2544.69193516 1999.58643469 4195.57508955 3265.45448756
 3255.38252778 3882.06402116 3013.56427579 2974.26041341], 480.0
[3714.99469752 2538.07498465 1996.26391389 4195.99665232 3264.74657121
 3255.25681744 3882.71012664 3026.91399126 2969.98064771], 480.0
[3716.09902835 2544.55240664 2007.42874544 4195.96860895 3264.44651508
 3255.34589353 3877.64082451 3016.34104741 2964.31165316], 480.0
[3720.39060407 2549.5389092  2027.131876   4196.82767544 3264.4936307
 3255.44995871 3890.28396087 3019.6577383  2984.09094703], 480.0
[3722.02076063 2551.06678464 2026.61001416 4197.12541637 3263.69360952
 3255.29953604 3887.55966992 3022.34293375 2974.36314945], 480.0
[3726.71725221 2553.09413688 2044.85118839 4197.48194351 3263.30303249
 3255.20091043 3878.79235761 3011.87484257 2967.07491031], 480.0
[3716.81679311 2542.1832588  2005.2529875  4195.27728825 3264.83604565
 3255.68704553 3892.17770844 3011.74411287 2968.24205747], 480.0
[3720.71058187 2540.28031843 2014.09952725 4196.38009996 3264.20561523
 3255.54421406 3892.07748113 3015.8383687  2976.51604364], 480.0
[3724.73146172 2548.4548789  2031.9396443  4197.74943037 3263.9787353
 3255.50205069 3886.34302847 3017.42900562 2972.70569315], 480.0
[3723.65395012 2547.17739999 2023.8481509  4196.01556263 3264.42278395
 3255.93066201 3879.40667768 3014.90697405 2975.37780583], 480.0
[3643.4568522  3036.43277669 2915.05057545 4214.35864153 3248.22379251
 3276.07864151 4000.47825537 2921.99590871 2934.5904048 ], 480.0
[3644.33772955 3040.93216815 2918.37960248 4214.74638462 3249.34925017
 3276.35702    4007.73763371 2936.21758432 2939.07109877], 480.0
[3643.42915306 3037.4586453  2915.49862094 4214.12857666 3248.47559967
 3276.30188928 4002.97159338 2928.24876029 2935.47073294], 480.0
[3636.23161683 3035.70122981 2912.80024972 4213.70924473 3248.56346831
 3276.4039309  4001.40519156 2926.01259229 2928.05066147], 480.0
[3635.928862   3040.57928405 2914.49120927 4214.26068945 3249.47178097
 3275.74958854 4001.80959044 2927.55161312 2928.25843949], 480.0
[3633.84611254 3039.25826535 2913.8919692  4214.46172552 3250.02735806
 3274.89646592 3994.83879113 2919.20521894 2932.7225683 ], 480.0
[3635.7948998  3039.30553293 2915.29193659 4214.33299427 3249.19990234
 3275.74476275 4003.95437651 2931.76284909 2925.96769513], 480.0
[3634.30050793 3037.73485222 2911.7789959  4213.85398111 3249.02643447
 3275.55148888 3999.1786922  2922.65383377 2923.69351943], 480.0
[3633.16908326 3034.65949888 2912.80536442 4214.05908232 3248.66337147
 3274.98678646 3994.69947762 2924.82914939 2919.56018987], 480.0
[3632.03910737 3037.26378164 2915.66648421 4214.14995451 3249.03617806
 3275.82459364 3994.80141072 2919.83564939 2915.57545397], 480.0
[3631.94349208 3033.62250872 2913.82693582 4213.86926374 3248.38970675
 3275.39437623 4002.35153008 2921.50432701 2920.95234212], 480.0
[3630.83719535 3035.21240616 2914.03435106 4214.12247686 3249.22706804
 3275.32132492 4002.94093013 2926.57445703 2919.47370169], 480.0
[3633.60366073 3038.71811461 2916.45910091 4213.80526733 3249.5459528
 3275.69321685 4000.59076571 2923.89258242 2926.1378884 ], 480.0
[3629.22933249 3035.39786072 2913.34440002 4213.93538408 3249.49589467
 3275.03696184 3999.95038157 2919.2395889  2927.40491738], 480.0
[3631.33850226 3039.00896511 2917.35499191 4214.09473248 3250.12298493
 3275.91940851 4004.32306123 2925.01541864 2921.62618488], 480.0
[3632.5478652  3038.43368979 2917.19414959 4214.14386368 3249.42337089
 3276.26303005 3993.34932156 2922.85662284 2928.76660275], 480.0
[3634.25339189 3040.19766436 2918.88691287 4214.75311298 3249.80049567
 3276.11016159 3994.21459894 2925.5800034  2929.07932763], 480.0
[3633.08113856 3040.41354675 2917.10668135 4213.97685175 3250.13220105
 3276.29856763 3988.20698762 2924.98371642 2918.9392943 ], 480.0
[3629.69049625 3038.05311151 2914.29544659 4214.15416222 3249.07914867
 3276.06037087 3989.12700205 2920.01650856 2913.80391608], 480.0
[3631.67039776 3040.29270992 2918.43896999 4214.80309925 3249.91832762
 3276.35271225 3994.78597465 2926.09075072 2931.42554579], 480.0
[3636.24466362 3040.3519073  2917.98990955 4214.06626654 3250.52272439
 3276.24764037 3985.29709821 2918.74050608 2912.04242692], 480.0
[3631.01353631 3042.43760071 2919.68368287 4215.03823204 3250.84894261
 3275.87521625 3993.24972353 2915.17053752 2922.05460209], 480.0
[3630.2695611  3039.33577914 2920.15843587 4214.54159575 3250.17793565
 3275.47632117 3989.46477242 2916.90229604 2912.75970483], 480.0
[3629.72861223 3042.73667064 2924.90824709 4214.50969286 3251.14584818
 3275.70305452 3986.38664255 2917.79063618 2904.27304541], 480.0
[3623.92302237 3037.26886311 2918.91201911 4214.31248302 3249.54697056
 3274.91771336 3981.2643774  2901.55958402 2907.70216411], 480.0
[3625.50550027 3033.58215971 2916.84288611 4213.63692799 3249.10105572
 3274.57344766 3990.06052966 2907.53827305 2913.28862933], 480.0
[3626.31965241 3033.45433278 2919.96762953 4213.05322638 3249.03535476
 3274.68409414 3985.98829999 2909.83476415 2907.6802356 ], 480.0
[3621.55616193 3033.90802321 2916.44086962 4213.71426706 3248.75623283
 3274.21954818 3979.36306729 2909.16471944 2907.25692453], 480.0
[3620.30474005 3030.20321026 2915.39212179 4213.53871155 3247.66084027
 3273.41000161 3982.50477858 2902.71513827 2898.25075537], 480.0
[3623.72773604 3036.68016157 2920.18374667 4213.96445513 3249.42079592
 3273.54057846 3983.96791954 2914.15509024 2902.96559464], 480.0
[3618.70090308 3033.89291143 2917.69799905 4213.90281048 3249.11005249
 3273.11768188 3985.9640461  2907.1336324  2900.81143117], 480.0
[3621.79502335 3033.67580261 2916.52477508 4213.83413439 3248.04622979
 3272.86333637 3985.25373454 2905.52536163 2891.88502898], 480.0
[3618.8039865  3033.05822992 2913.14237013 4213.33738222 3247.53954978
 3272.64322062 3984.09734983 2900.25122342 2901.9183965 ], 480.0
[3609.46744914 3031.36754484 2907.42310448 4213.24680519 3247.15856571
 3272.11088576 3987.22346258 2904.36983874 2899.43315837], 480.0
[3612.10702109 3037.96920557 2912.83391032 4213.73991756 3248.5691503
 3272.53868084 3984.15570459 2907.63219559 2913.80467558], 480.0
[3613.89266658 3035.36579366 2908.01886473 4212.50124741 3247.20514793
 3272.58149815 3989.3805644  2912.54719512 2898.02447028], 480.0
[3617.30535593 3036.62008705 2909.25183468 4212.35754519 3248.38726249
 3272.84599266 3975.84899712 2916.62306356 2911.91363611], 480.0
[3611.61954527 3037.41505542 2909.19758978 4212.86863565 3248.56345553
 3272.5324348  3982.43144631 2905.33599784 2911.3825232 ], 480.0
[3609.63860402 3035.29905825 2902.62263207 4212.44797754 3248.20042815
 3272.89660063 3976.76149364 2907.7060056  2902.14567703], 480.0
[3607.8872715  3036.61388721 2908.3024724  4212.80442982 3248.23722577
 3272.81395798 3975.92954617 2899.00096192 2901.26780991], 480.0
[3605.74980569 3030.42478065 2902.01037812 4212.00809202 3246.58284206
 3271.57805967 3975.39600611 2899.35871916 2905.20462835], 480.0
[3611.22214828 3034.6591146  2910.32416615 4212.70455112 3248.67333913
 3272.79214301 3978.43353148 2909.18340306 2915.48124765], 480.0
[3607.43022985 3033.2014061  2907.07496538 4212.63037901 3246.94987288
 3272.57579327 3981.58773909 2902.23977787 2900.35984571], 480.0
[3606.01617508 3028.68037744 2906.26204238 4212.6811183  3246.4797369
 3271.24702134 3978.44119692 2893.71840931 2891.64472256], 480.0
[3610.3871325  3033.62500315 2909.14751391 4213.12239819 3248.12099943
 3271.42281408 3972.1495285  2889.73559455 2906.60113672], 480.0
[3609.99711099 3030.03892555 2903.20581336 4212.98743067 3246.43403029
 3271.20657597 3984.98701062 2892.67352426 2898.74960382], 480.0
[3608.20593772 3033.42933865 2911.00013237 4213.115765   3248.31071415
 3271.63385258 3976.284339   2890.09626064 2902.18883927], 480.0
[3607.63013568 3031.11171184 2906.81142745 4213.14458771 3247.62615585
 3270.95871215 3972.73094144 2897.05903871 2896.07411271], 480.0
[3608.41210837 3032.60540347 2907.57303071 4212.87005987 3247.86378837
 3270.78144512 3971.31773272 2891.46975155 2906.61095374], 480.0
[3609.20753593 3031.26452398 2906.42388363 4212.26026211 3247.32477388
 3270.68669724 3966.51232076 2882.75752436 2893.5523525 ], 480.0
[3612.65350199 3031.59191489 2907.04025908 4212.16056471 3247.36052742
 3270.1278213  3964.97087893 2890.02481718 2889.7617743 ], 480.0
[3608.69195285 3033.17245874 2909.35692315 4212.37889185 3248.59436722
 3270.18726683 3967.59946079 2895.85495393 2897.38709013], 480.0
[3607.58754721 3030.64118476 2905.41368713 4211.41869354 3246.95139203
 3269.59803033 3953.11820292 2886.7119586  2888.71103446], 480.0
[3606.97816658 3033.29606895 2903.02665572 4210.96407166 3247.83653059
 3270.15442491 3963.30439463 2891.48614043 2893.76896127], 480.0
[3607.53587294 3027.70071535 2898.96518049 4209.79575796 3246.33738885
 3269.03142056 3967.70412741 2883.93180407 2882.39514068], 480.0
[3608.75220995 3031.33741317 2900.7050282  4209.95269508 3247.15495772
 3269.22666292 3953.53153019 2891.97790908 2892.00627915], 480.0
[3612.8838562  3032.4450851  2899.43641891 4209.37902632 3247.47552457
 3269.47285953 3960.56696754 2896.27909443 2889.48184879], 480.0
[3608.99971724 3032.94318361 2898.2060955  4209.30184326 3247.45574269
 3269.25817938 3956.48304696 2893.12795882 2890.34684501], 480.0
[3607.42532573 3030.62808776 2891.59594436 4209.06463242 3246.95077124
 3269.11123357 3962.47556272 2887.36697097 2893.05282956], 480.0
[3614.64488287 3031.36264911 2895.06535707 4208.34655828 3247.22962632
 3269.38510141 3965.53825765 2892.04577224 2883.9780697 ], 480.0
[3714.26054306 3004.76309214 2980.50906034 4217.30369415 3246.87341642
 3275.83084717 4017.14148364 2914.81210291 2892.60140245], 480.0
[3711.62211943 3001.03255415 2978.88709941 4216.75126352 3245.83293219
 3275.418434   4014.57886281 2920.92541866 2886.04432805], 480.0
[3713.01985946 3003.34687576 2981.3787662  4217.25103807 3247.00737967
 3274.94710431 4014.70340767 2916.52579663 2887.74229288], 480.0
[3715.9301445  3004.36530647 2982.03964601 4216.93680534 3247.27778339
 3274.92002983 4004.50664635 2927.77384486 2897.57993643], 480.0
[3712.43283472 3003.48982983 2982.76001992 4217.24058962 3247.15182476
 3274.60635524 4009.27066493 2925.90012497 2887.18754952], 480.0
[3710.9688942  2999.07558146 2976.42976546 4216.14422216 3246.47268891
 3273.6835391  4012.5560545  2914.55415338 2888.11617622], 480.0
[3716.57548237 3003.29084296 2983.3319015  4215.85349464 3247.97336864
 3274.64395094 4009.77275176 2930.37778924 2890.6512225 ], 480.0
[3707.77810941 2998.75680723 2979.15595646 4216.39084959 3246.03118587
 3273.03886571 4012.17506909 2922.70902681 2885.00172009], 480.0
[3711.81537256 2995.62614598 2979.79944258 4216.20221548 3246.49201627
 3273.64989481 4010.77431965 2924.59393864 2884.01342212], 480.0
[3709.68632126 2997.71438465 2980.80086899 4216.5476428  3246.82012525
 3273.81644988 4015.30307984 2915.92889491 2890.12805619], 480.0
[3707.57886534 2995.94312763 2980.64094915 4216.63415174 3246.6940958
 3273.14791241 4013.97787762 2922.52245874 2895.46633381], 480.0
[3707.60568538 2995.14611206 2978.58215022 4216.63270493 3247.24192948
 3273.28965116 4004.92887316 2922.73336632 2888.39307003], 480.0
[3712.10380454 2996.52145152 2977.86426682 4216.46339302 3247.86568623
 3273.7862371  4006.97280922 2930.01349216 2900.94212182], 480.0
[3704.53440905 2999.37998099 2974.90465879 4216.92120085 3247.23788109
 3272.96403241 4003.21471472 2910.70352504 2884.62217689], 480.0
[3705.34135075 3001.37892628 2975.82415748 4216.58477144 3247.89326973
 3273.71430621 4007.65193377 2926.06172616 2896.33828677], 480.0
[3706.16423497 2999.91292372 2973.70347366 4216.81025972 3246.52385101
 3273.28754272 4002.26050711 2914.29231485 2893.87543288], 480.0
[3709.27434649 3002.70299573 2977.69914498 4217.27973299 3247.47697616
 3274.60992184 3999.8517735  2922.13338962 2901.58281562], 480.0
[3707.53489842 3006.77215424 2974.65863543 4216.65731649 3245.98526931
 3273.5702281  4001.15610991 2927.65942892 2896.42070279], 480.0
[3706.80630484 3008.12647305 2978.07492456 4217.24046268 3246.73720698
 3274.15095081 3995.00824232 2918.71109905 2898.54250474], 480.0
[3703.82651639 3007.86394639 2974.55021763 4216.98334961 3246.17149816
 3273.69867554 3996.05725036 2919.12163705 2888.46927785], 480.0
[3708.52057939 3007.32150378 2974.78658857 4216.94847984 3246.38911996
 3273.73978848 3989.74010363 2920.57388648 2889.82282231], 480.0
[3712.60681753 3011.7426178  2980.01182342 4216.91375656 3247.35278692
 3274.85479841 3999.36639409 2922.14449682 2892.65404352], 480.0
[3712.48256741 3010.20450897 2975.97367678 4216.30986099 3246.63774705
 3274.32468987 3993.3856905  2919.41503389 2891.51324432], 480.0
[3715.04131126 3016.16236401 2979.16347709 4216.63263903 3247.28049164
 3274.11723943 3990.82891688 2917.74847524 2881.39233916], 480.0
[3709.47018824 3012.93733926 2975.25555844 4216.81408434 3246.58973179
 3273.81916714 3995.40356812 2908.94805998 2879.32456495], 480.0
[3708.52277393 3011.94423132 2975.93545408 4216.86394348 3246.64807801
 3273.38441563 3985.6156455  2914.53250108 2888.02707736], 480.0
[3708.63863597 3007.5909276  2974.7899229  4216.47042885 3245.54666095
 3272.6858901  3986.05432692 2904.25656404 2881.73454833], 480.0
[3712.77564855 3004.24097748 2975.28379793 4216.46519794 3245.67371058
 3272.65418105 3988.14102926 2909.76787997 2885.31719111], 480.0
[3712.35047388 3004.24054832 2974.50626574 4215.67625666 3245.55630426
 3272.86623869 3987.37361398 2915.54809892 2884.33784589], 480.0
[3714.26158338 3008.31699038 2980.7199254  4216.48791084 3247.00963464
 3273.46576195 3989.55085711 2911.34755431 2887.19180509], 480.0
[3712.2955163  3004.03250036 2976.05193486 4215.92541618 3245.60400071
 3271.69730673 3985.24130149 2909.26221097 2874.00312226], 480.0
[3714.01423583 3004.18410687 2979.29657755 4215.30671768 3246.26023006
 3272.65366597 3983.64924312 2910.62719829 2879.74967586], 480.0
[3710.80664196 3005.0440104  2975.85168324 4215.08545637 3244.59249325
 3272.08497896 3984.36606579 2903.8134343  2882.51825613], 480.0
[3715.61769314 3005.82748227 2975.54902954 4215.00382776 3245.16507745
 3272.09978313 3983.58972626 2909.63389739 2876.18074645], 480.0
[3715.72942071 3004.80646534 2975.9189816  4214.92179346 3245.29432716
 3272.45400777 3985.10585308 2907.44566159 2890.80279732], 480.0
[3722.78414612 3006.2555407  2983.77955813 4214.74353733 3247.08583589
 3273.99767971 3985.67540407 2913.63196898 2893.52900341], 480.0
[3715.24102635 3002.8802032  2975.72156148 4214.02164087 3245.17016058
 3272.87370553 3981.60180631 2911.49350367 2885.09223303], 480.0
[3715.93310471 3004.94778934 2979.17385349 4214.10053139 3245.4156877
 3272.6368248  3985.02752714 2905.63544271 2890.26448385], 480.0
[3712.40093536 3004.35770473 2976.6025907  4213.86392508 3246.15180111
 3272.8136899  3976.30011373 2904.48178098 2872.6319331 ], 480.0
[3717.99663563 3002.70266476 2979.10830417 4213.72720995 3245.96099195
 3273.66088777 3984.44634318 2905.58948876 2877.71636196], 480.0
[3716.55396261 2996.55439148 2976.95928955 4213.48017464 3245.1027626
 3272.75193992 3981.46966872 2904.77992799 2883.08862453], 480.0
[3716.33515315 2998.82965212 2979.63368611 4214.06710052 3246.08667512
 3273.39152403 3984.23053126 2909.17421732 2879.99234632], 480.0
[3716.04195137 2997.7620398  2984.13984394 4214.83545742 3245.75408406
 3273.34654489 3980.27941241 2911.25367953 2891.31309438], 480.0
[3719.88950243 2993.98513765 2984.09933639 4214.82690516 3245.9836606
 3273.02924366 3983.92177119 2912.34495895 2879.21269941], 480.0
[3713.72488003 2992.4494401  2979.63027034 4214.74359474 3245.49846416
 3272.91639128 3978.14185514 2912.44750514 2881.26340058], 480.0
[3719.25541635 2988.91702099 2979.68331914 4213.78079624 3245.8142642
 3272.42213364 3978.62700849 2908.90083903 2885.46014544], 480.0
[3713.358148   2991.80580735 2979.40184274 4213.86852388 3245.01196938
 3271.51730385 3977.03925681 2898.60185883 2878.71618137], 480.0
[3715.06475391 2992.36434035 2981.06121435 4214.25009117 3245.73307061
 3271.58341093 3987.83491077 2916.18894124 2883.85859597], 480.0
[3714.0166573  2991.07922444 2974.79704075 4212.8678648  3243.91282935
 3270.16462836 3980.19088998 2899.51735837 2879.69924923], 480.0
[3719.95860829 2992.35319614 2984.66870317 4213.14948864 3245.57887268
 3271.50252023 3979.06891012 2909.28548762 2881.37268338], 480.0
[3710.93216271 2987.72384381 2982.48400931 4212.73359318 3243.37693887
 3270.08689833 3980.90022769 2888.76652614 2872.14011331], 480.0
[3715.97931509 2989.51498656 2985.53589149 4213.17564182 3244.95923948
 3270.63549719 3972.77197704 2892.53447384 2882.50580534], 480.0
[3713.25928025 2984.19965968 2984.35346055 4212.07975922 3243.88718567
 3270.221173   3977.04545784 2898.66097341 2878.55304697], 480.0
[3710.77539654 2983.85026584 2983.39069695 4212.04200239 3243.68145561
 3269.21733422 3983.629421   2886.12869052 2865.25099986], 480.0
[3712.34987164 2985.37396755 2985.89438295 4211.80173445 3244.99093165
 3269.57342534 3976.19137669 2893.26838253 2875.02835722], 480.0
[3711.75225024 2988.87694135 2983.31398406 4210.96338243 3244.3472311
 3270.16683264 3974.51953268 2890.12101196 2877.92081542], 480.0
[3713.76826596 2988.89488716 2982.67929683 4211.31802864 3245.11034198
 3269.69360819 3973.94662805 2897.38843522 2883.84019485], 480.0
[3714.46258821 2986.08863249 2981.24136343 4210.58076925 3243.90447221
 3269.78577919 3983.32287979 2894.51314982 2889.28370388], 480.0
[3712.44602194 2989.80216188 2985.10195103 4210.78842487 3244.41392961
 3270.55116391 3965.88373909 2893.91523641 2881.90076131], 480.0
[3719.74462991 2986.20973053 2985.40424376 4210.07756615 3244.855474
 3270.98645453 3972.07183089 2900.95040284 2889.33216829], 480.0
[3724.83480954 2520.6364902  1954.65460873 4198.51179657 3265.8953259
 3253.36312599 3900.74521313 3032.44028075 2979.275138  ], 480.0
[3716.93185039 2505.01839035 1918.00201094 4196.1115099  3267.49555111
 3254.42296767 3899.60911536 3033.09388111 2985.01597443], 480.0
[3725.35857468 2516.27207408 1962.34758505 4198.75936174 3265.4605319
 3254.08263521 3896.14532614 3031.77557425 2981.54511521], 480.0
[3724.94806032 2512.98016546 1958.48257073 4199.02783718 3265.16014538
 3253.8749507  3899.68296528 3034.98244507 2992.21974077], 480.0
[3713.49278464 2496.32716463 1910.88283455 4195.74728403 3267.53820791
 3254.52875109 3897.86547909 3032.87737961 2990.9111028 ], 480.0
[3722.64780283 2506.80953968 1950.82864641 4197.93911314 3265.91245275
 3254.22554026 3896.50154877 3026.55581484 2983.64334819], 480.0
[3721.60358963 2504.81907322 1943.2590856  4198.10432625 3266.32340174
 3254.34411926 3900.51387873 3032.67065029 2994.40333687], 480.0
[3718.47269282 2501.97296226 1933.86366069 4197.29056654 3266.45581045
 3254.41358309 3898.24178319 3035.79059889 2993.00505853], 480.0
[3724.03526249 2518.2681742  1967.50132303 4197.97131739 3265.43320765
 3254.02919335 3891.83600736 3031.17584677 2978.18802507], 480.0
[3715.08708463 2494.64103112 1920.31006349 4196.43759203 3266.9002615
 3254.60377431 3894.09790034 3026.87827811 2984.49677043], 480.0
[3716.18363762 2496.5595962  1930.63544767 4197.13451881 3266.36406884
 3254.68492279 3900.64120669 3038.14236732 2986.6848001 ], 480.0
[3716.24188547 2498.32617877 1924.70401598 4197.12271442 3266.53174987
 3254.22643251 3894.43977122 3029.78566206 2987.57487264], 480.0
[3721.90722036 2510.25324867 1948.02365301 4198.46086311 3265.6110374
 3253.63153124 3904.31767735 3034.37535045 2988.67843176], 480.0
[3722.53625956 2509.55272427 1949.98921165 4197.81159563 3265.84588132
 3254.37089033 3901.38849816 3031.93178866 2984.49137127], 480.0
[3720.52337022 2506.74006376 1935.31595774 4197.86694517 3266.19785399
 3253.6659626  3898.62877707 3029.99440844 2986.95840099], 480.0
[3718.4187757  2499.15449307 1922.443899   4197.12754936 3266.79883194
 3254.19791503 3908.80733151 3035.50735853 2993.67165728], 480.0
[3725.43924208 2518.98988111 1961.79140565 4198.6445076  3265.50669994
 3253.7473527  3900.37951694 3037.02635541 2991.84308255], 480.0
[3721.78993716 2514.31224968 1951.74332207 4197.40694189 3266.33178539
 3254.31709976 3891.36354685 3032.74056101 2995.21242883], 480.0
[3721.98948574 2504.11325035 1932.69480475 4197.87021008 3266.56150274
 3254.09321394 3898.89163384 3033.03559396 2986.82304275], 480.0
[3721.92377338 2503.72825508 1937.2715831  4198.11102076 3265.8784862
 3253.88448811 3904.93241062 3034.93457234 2989.31410277], 480.0
[3725.0043364  2509.6187912  1959.37093507 4198.79487228 3265.17188497
 3253.63565784 3897.48870635 3026.60260875 2992.37647443], 480.0
[3724.36458368 2505.42511446 1950.18142295 4198.73699217 3265.15686145
 3253.85471201 3897.04097428 3028.19420421 2986.73750136], 480.0
[3721.36839771 2505.85550203 1939.90144371 4198.0357769  3266.10350032
 3254.24818549 3893.28459091 3035.89199517 2994.10421381], 480.0
[3719.51156373 2506.46563008 1934.42671359 4196.7792572  3266.92943673
 3254.52350554 3896.14360023 3031.38840637 2989.74614818], 480.0
[3723.26504817 2509.22928586 1950.20878006 4197.75680828 3266.31308546
 3254.28925099 3901.11407137 3029.54381402 2985.98340828], 480.0
[3728.95611944 2520.37744505 1975.36363622 4199.49028025 3264.75331292
 3253.79004002 3896.54865026 3031.71853981 2989.48504379], 480.0
[3727.92357922 2515.48484797 1958.88007859 4199.3919714  3265.33789692
 3253.5683424  3892.22591467 3035.19144094 2989.7454772 ], 480.0
[3719.2027688  2507.99132624 1939.53220806 4197.31403112 3266.90149293
 3254.278863   3900.54686589 3030.08458505 2991.77289836], 480.0
[3727.33388186 2513.16392293 1954.90175911 4198.89679708 3265.58775501
 3253.64706607 3893.70776348 3035.06225381 2989.74200826], 480.0
[3731.02517133 2521.53036807 1973.9256132  4198.8951355  3265.35525417
 3254.01948333 3900.08136616 3031.3906713  2986.16502445], 480.0
[3725.29185414 2514.2397094  1948.80978231 4198.42800913 3265.84602857
 3253.68910627 3898.07571402 3035.22118804 2986.35864525], 480.0
[3727.54868903 2515.91035442 1965.79411134 4198.78877726 3265.22185469
 3254.00726614 3898.13924565 3037.56102335 2991.03298512], 480.0
[3728.82938375 2519.95324984 1968.71083548 4199.28272943 3265.06029224
 3253.78631258 3897.87241545 3037.21373987 2988.76883402], 480.0
[3710.81971483 2492.58406389 1887.26967847 4194.7556344  3268.43926315
 3254.40261946 3897.67991166 3037.98048613 2991.68205686], 480.0
[3723.61841083 2507.27487462 1945.9268887  4198.02816133 3265.86992273
 3254.178548   3899.09391332 3034.94828002 2990.53247781], 480.0
[3724.02629514 2502.27905655 1932.48802972 4198.60104485 3265.82422385
 3253.13266087 3898.27329259 3042.66410277 2991.2964366 ], 480.0
[3723.32144737 2510.20096481 1954.99455872 4198.49134188 3265.64606338
 3254.1263298  3895.77906132 3032.12607496 2988.57393427], 480.0
[3716.64113264 2499.20587206 1916.33700529 4196.42357998 3267.17455931
 3254.24886808 3905.20540819 3035.81645391 2989.20650177], 480.0
[3717.57245193 2494.45145106 1898.97427617 4196.55530205 3267.50580864
 3253.88731642 3900.43044844 3034.99701591 2990.77418306], 480.0
[3729.08414655 2515.45888164 1963.52754035 4199.22253847 3265.19450436
 3253.68801298 3907.28370876 3036.11232083 2986.97768836], 480.0
[3722.78322277 2503.43076351 1941.74676667 4198.12080383 3265.92590079
 3253.93944883 3900.94631052 3036.40506752 2993.30572104], 480.0
[3724.68514571 2508.93319464 1947.29325972 4198.76169453 3265.84920392
 3253.61779833 3897.08780236 3035.46279728 2998.57366211], 480.0
[3730.37290673 2509.64898193 1960.69590871 4199.60500393 3264.78679075
 3253.48035398 3901.74648824 3035.40821064 2993.63825874], 480.0
[3717.65197377 2492.76111009 1902.09282908 4196.80260611 3266.97426071
 3253.58258591 3897.35171356 3039.21042852 2988.73116761], 480.0
[3723.58467822 2503.07716017 1926.66907207 4197.89872265 3266.26626163
 3253.54202938 3899.06848335 3035.74038374 2993.40506265], 480.0
[3719.19492311 2495.7889894  1920.74195837 4197.35423613 3266.28687096
 3253.92936268 3906.88833895 3031.39203248 2988.80463204], 480.0
[3723.11699214 2510.50750437 1940.07858346 4197.41155663 3266.07580934
 3253.80848913 3891.40764108 3039.25092895 2982.90770204], 480.0
[3722.73304014 2510.04233394 1943.39257026 4197.99103699 3266.22041821
 3253.59000182 3895.15568218 3040.52959626 2990.72199624], 480.0
[3729.7886909  2516.7362849  1976.47506213 4199.89929438 3264.59719167
 3253.21346173 3889.77933073 3035.54043629 2981.51154838], 480.0
[3720.17672215 2491.01798184 1917.82057949 4197.54079313 3266.6346806
 3253.96914372 3899.96392035 3040.0142776  2991.8018404 ], 480.0
[3724.67412128 2498.95083153 1939.50007367 4198.43886547 3265.93189049
 3253.69807162 3891.39820662 3032.87270133 2983.71510611], 480.0
[3720.44719529 2498.27996721 1930.20579695 4197.44088068 3266.7190062
 3253.73440175 3891.21169848 3033.26505308 2994.08941143], 480.0
[3720.16864352 2490.07465742 1921.80797482 4197.70842199 3266.45845804
 3253.96733932 3894.92231097 3039.74325342 2994.17640257], 480.0
[3722.3552433  2498.67841961 1932.44256524 4198.12472429 3266.14801569
 3253.77550859 3900.30726376 3031.42716324 2996.13159628], 480.0
[3722.24894276 2497.2926192  1933.77399915 4198.1363492  3266.08788018
 3253.66389809 3900.59171252 3030.19113817 2988.07795119], 480.0
[3723.72952995 2504.21362586 1938.97774833 4198.04526882 3266.05763078
 3253.6583508  3908.17949328 3037.53532553 3001.24926586], 480.0
[3724.54316702 2501.9152514  1946.46049429 4199.19526339 3265.5863687
 3253.58602571 3900.06066399 3034.95876131 2998.44835181], 480.0
[3719.58426137 2494.31098773 1923.05898252 4197.62659082 3266.4488905
 3253.81163492 3899.6055964  3036.68589787 3000.06714535], 480.0
[3722.41209011 2501.94528339 1943.37542804 4198.22841845 3265.81030626
 3253.78888593 3891.06941342 3035.31209886 2986.71118481], 480.0
[3723.85026999 2501.45659192 1941.26502888 4198.53398199 3265.77881927
 3253.70493174 3896.57991476 3034.78992305 2987.03591912], 480.0
[3721.38006954 2542.78016763 2016.52987239 4195.82704439 3264.48152995
 3255.85289712 3885.46706266 3009.10005262 2961.30447701], 480.0
[3717.10104413 2535.70723422 1992.388416   4194.08323259 3265.41274447
 3255.9893404  3887.34464722 3016.07364173 2979.28017783], 480.0
[3715.25499721 2526.12823677 1978.5347505  4193.88434458 3265.17644372
 3256.24503617 3884.73265481 3016.1888509  2969.8011935 ], 480.0
[3722.22737985 2537.58483341 2015.36763929 4195.3924511  3264.26451015
 3256.12640619 3878.45864086 3021.13710003 2974.35515146], 480.0
[3725.2676713  2545.16273251 2031.23071584 4195.98132982 3264.1239872
 3256.09366398 3878.81044917 3011.02059085 2972.58802812], 480.0
[3725.01056418 2545.876964   2038.0118086  4195.3528573  3263.68676243
 3256.224966   3874.15317879 3015.49506276 2973.37916031], 480.0
[3720.26737204 2533.01017957 2010.35455441 4194.84989023 3264.2464911
 3256.78608446 3878.71929336 3017.42092037 2979.44502647], 480.0
[3711.84599137 2523.65316002 1979.64516273 4192.91953373 3265.58065772
 3256.8583643  3880.2662518  3020.60953698 2977.09727125], 480.0
[3727.17371502 2545.24417739 2041.3979188  4196.60800104 3263.28702064
 3256.66952844 3878.50663304 3021.70910747 2976.46990982], 480.0
[3720.95469298 2525.4934552  2010.21399281 4195.13624601 3263.72222738
 3256.90446467 3878.93446455 3015.03249063 2974.68085687], 480.0
[3730.65334473 2545.49798043 2038.63423867 4197.46252813 3262.5072186
 3255.6665678  3886.37558355 3010.86293459 2977.99654078], 480.0
[3726.38100634 2542.34263527 2028.41058402 4196.04008379 3263.43402915
 3255.94210439 3872.80353942 3007.90720019 2964.96188009], 480.0
[3725.34609337 2528.52648859 2003.34679884 4196.04236879 3262.93183756
 3255.79425654 3884.48382802 3018.43933048 2965.38109438], 480.0
[3722.6697957  2534.65039973 2001.94698377 4195.18558874 3263.4794858
 3255.73859935 3884.74122109 3018.33885238 2976.66362655], 480.0
[3721.39539042 2531.05307038 1996.01710576 4194.73168631 3263.93683386
 3255.67125049 3878.39882412 3010.54840934 2975.95213419], 480.0
[3730.4454113  2536.49798152 2029.73233885 4197.14959822 3262.71876655
 3255.54431176 3872.6052525  3012.56187592 2975.26299157], 480.0
[3724.02168827 2532.2490521  2000.71244415 4195.27611399 3263.33219171
 3255.70537963 3873.77210817 3014.57824731 2974.96602354], 480.0
[3722.10449233 2527.47518744 1999.0021243  4194.90584469 3263.99115257
 3256.14864645 3884.9921941  3021.53888147 2983.20093911], 480.0
[3732.27927914 2542.8643254  2041.5598106  4197.41477928 3262.1120966
 3255.40368552 3875.97133412 3011.68463039 2966.04189003], 480.0
[3721.57454357 2532.85571566 1993.96305043 4195.6860836  3263.97505879
 3255.6593524  3887.56969743 3019.02997801 2972.9938201 ], 480.0
[3732.02327805 2548.25148678 2031.88499662 4197.65843153 3262.17113671
 3255.05911932 3876.25574353 3012.84446154 2968.55230796], 480.0
[3718.9961925  2526.23281987 1984.31490923 4194.75280333 3264.02026906
 3255.92651758 3876.16204085 3012.06952806 2969.34551058], 480.0
[3718.84604301 2525.35903912 1982.36500351 4195.08536015 3263.76081834
 3255.6306386  3892.46878276 3018.54227731 2978.90438607], 480.0
[3728.18297858 2548.49344249 2020.08756654 4196.8011488  3262.80286555
 3255.27848744 3882.47130861 3016.09313905 2969.11200504], 480.0
[3732.37761979 2552.79821322 2048.93211807 4197.69364376 3261.70961895
 3255.08534746 3874.19405293 3014.66446753 2969.99555721], 480.0
[3723.48251619 2537.38654947 2001.10022162 4195.69642429 3263.87976027
 3255.86577783 3882.98777227 3017.87057025 2964.35513613], 480.0
[3728.95023489 2544.71459343 2030.13719869 4196.57536297 3262.45650315
 3255.6515954  3878.64011703 3011.24316714 2969.46472566], 480.0
[3730.94554672 2549.47438436 2040.66717525 4196.52476044 3262.29367142
 3256.01461315 3875.87389545 3016.6202925  2970.01587377], 480.0
[3729.80141754 2547.82741888 2023.03500524 4196.03845682 3262.24883461
 3255.58514342 3882.99094443 3016.23121448 2967.18982189], 480.0
[3723.86146522 2538.36667373 2006.84058584 4195.3096818  3263.48950138
 3255.609655   3880.38951664 3012.00441878 2962.84046121], 480.0
[3725.50100646 2537.4359401  2018.30624696 4195.3996974  3262.77364807
 3256.05895882 3873.45985727 3015.93820655 2971.21919572], 480.0
[3733.79825811 2542.13228409 2039.04619497 4198.05083981 3261.84691591
 3255.20274057 3875.62599416 3017.0115896  2965.08099475], 480.0
[3722.99098773 2529.87836556 1994.06499481 4194.81491156 3263.46261854
 3255.53799248 3872.76236048 3016.78196638 2969.86552873], 480.0
[3713.11459765 2516.97317851 1950.64820912 4193.30569839 3264.78009801
 3255.74905977 3883.45263009 3022.77530785 2967.29608839], 480.0
[3731.37263536 2532.9033999  2022.58277875 4196.74453144 3261.79374251
 3255.76747994 3877.66654022 3015.40465264 2971.06625144], 480.0
[3728.29406581 2533.23661265 2020.97825111 4197.14517097 3261.9913559
 3255.4371738  3875.37393689 3015.71457188 2961.93032402], 480.0
[3726.92365832 2529.73385799 2007.57114182 4196.78231716 3262.0129478
 3255.09965777 3878.76633115 3015.61503863 2959.59588375], 480.0
[3722.26066365 2528.3216306  1993.68701203 4195.89942503 3263.22297931
 3255.28846102 3879.25720046 3014.53407218 2969.62350807], 480.0
[3726.6309814  2525.10408792 1993.56301998 4195.9961463  3262.63234968
 3255.34001684 3887.82930942 3021.94741726 2975.89556835], 480.0
[3725.8109334  2524.17094808 1984.77750975 4195.80689306 3262.7049212
 3254.95745616 3884.18742876 3017.54726944 2965.98914911], 480.0
[3726.42016015 2526.8663137  2003.07232014 4196.84501944 3262.42738523
 3254.85243206 3867.06753402 3015.72800851 2963.06892021], 480.0
[3725.56682892 2527.08847706 1990.42347351 4196.51411018 3262.99963741
 3254.32986197 3877.0113575  3012.81690989 2957.73168557], 480.0
[3722.97948709 2519.31444907 1968.27758158 4195.57693167 3263.37910528
 3254.49975009 3881.43899803 3013.96615634 2971.18866739], 480.0
[3726.6368772  2530.45133166 1987.90554599 4196.27882214 3263.12384329
 3254.19832139 3878.65783663 3016.6068892  2966.38487194], 480.0
[3723.7944025  2537.13432128 1998.24790667 4195.7543128  3262.97205572
 3254.32822695 3877.19936142 3013.24383092 2956.65972521], 480.0
[3724.81921411 2528.9892349  1994.0185483  4196.31821432 3262.58188777
 3254.58174157 3878.83451099 3020.06242907 2966.14547963], 480.0
[3724.3557488  2527.34891949 1987.99982612 4196.44235544 3262.74209442
 3254.50169153 3886.71247153 3018.19998913 2969.93468096], 480.0
[3727.113974   2534.45206811 2007.67707568 4196.45089312 3262.6149168
 3254.43693027 3878.58889184 3009.79028926 2965.70401826], 480.0
[3729.76205587 2538.12770295 2017.01044666 4197.46441717 3261.95975556
 3254.09629769 3878.46520028 3017.37309935 2959.87375932], 480.0
[3723.651615   2518.93446422 1991.99463226 4195.77578449 3262.70738091
 3255.1121696  3884.99677176 3006.86433952 2961.08551296], 480.0
[3721.34144287 2523.46868789 1992.52060454 4194.97601252 3263.36551204
 3255.54636259 3875.37331767 3013.2702199  2973.76048841], 480.0
[3716.66218247 2515.3012464  1978.93557485 4194.25688038 3263.26384768
 3255.51801562 3891.70075617 3013.12458663 2962.49335742], 480.0
[3722.36659493 2511.43773074 1978.80033197 4196.11952591 3262.80732131
 3255.3483397  3876.9751265  3017.23654609 2962.42931576], 480.0
[3729.07328157 2526.63600986 2010.91384697 4197.62719707 3262.08975935
 3255.01713481 3877.74373832 3009.79045405 2965.21100374], 480.0
[3725.80202041 2526.67428601 1995.47384181 4197.03261175 3261.77718744
 3254.50156627 3888.49526482 3017.91063187 2970.06776645], 480.0
[3721.56596227 2525.25192144 1983.81584015 4196.09729214 3263.13371301
 3254.62051992 3876.49781992 3014.95801685 2968.08483195], 480.0
[3725.00792184 2529.34860051 2001.80587724 4196.39435568 3262.53045006
 3254.82233901 3878.16111403 3016.64232764 2969.9509784 ], 480.0
[3719.12118297 2521.80184054 1964.61870154 4194.36901798 3264.2737782
 3254.52659326 3876.89510083 3019.19120562 2965.97224123], 480.0
[3727.38908763 2538.72415254 2020.88743868 4196.5663044  3262.99187231
 3255.16271167 3879.72905316 3012.2583879  2956.13796912], 480.0
[3723.59897375 2523.27773747 1994.15412807 4196.43755684 3263.12941275
 3254.61780276 3882.64506116 3017.25396392 2958.51403804], 480.0
[3238.54943044 2424.81819504 2305.30477536 4287.94097815 3333.75560613
 3331.87843809 4171.38301992 3215.27758474 3231.56111131], 480.0
[3236.39763563 2424.50956461 2309.10460372 4287.204914   3333.09926853
 3331.41686311 4165.32676888 3212.01488366 3232.81663752], 480.0
[3219.34164956 2403.05389124 2282.15101346 4287.84166327 3332.42023945
 3331.84801664 4162.37614756 3206.48069034 3231.52484078], 480.0
[3223.62013874 2409.21413746 2290.97165103 4287.1398653  3332.07850695
 3331.20631928 4162.54971957 3204.12993736 3229.49135084], 480.0
[3246.3875736  2439.27104957 2326.20332257 4287.49845572 3331.85288472
 3331.55787354 4167.89895    3210.9963098  3233.95380383], 480.0
[3207.90923498 2394.00008663 2270.0415044  4287.06500902 3331.50647554
 3331.5329741  4164.99669614 3204.78137541 3218.96156874], 480.0
[3222.71194608 2416.96075671 2300.53130045 4286.44450378 3331.30861521
 3330.95763664 4163.56550469 3207.33884969 3223.72324443], 480.0
[3241.39766963 2442.01492808 2327.22445976 4286.5603281  3332.07672887
 3329.83543801 4159.50778537 3212.23872137 3222.95091734], 480.0
[3228.30124388 2422.14730949 2292.96639335 4286.20106544 3331.61134858
 3329.86866317 4157.21364183 3206.95537953 3219.72414236], 480.0
[3225.31295702 2429.85225148 2297.74508916 4286.00892124 3331.6780376
 3329.09379406 4151.79652596 3215.31600003 3221.6513823 ], 480.0
[3233.41778667 2436.30027033 2308.59279178 4286.45049505 3331.6813323
 3329.17249246 4158.28038468 3207.13834066 3221.1212676 ], 480.0
[3225.06798623 2412.10525583 2275.92653784 4286.24858637 3331.68719091
 3329.04876871 4157.97658176 3212.22813807 3222.12544346], 480.0
[3246.82596936 2436.49780663 2306.08500222 4285.86082535 3331.49684744
 3328.19991131 4164.0633781  3217.2886178  3223.07845178], 480.0
[3225.02537351 2411.6292345  2270.21263643 4285.59581919 3331.13735571
 3326.49408197 4161.57179165 3216.75868912 3218.94617863], 480.0
[3231.98796599 2415.8380291  2278.94783671 4285.52337437 3330.83537288
 3326.9627254  4166.13191361 3220.11714396 3224.49147224], 480.0
[3226.57601812 2416.12600358 2280.78205996 4285.32711792 3330.16321435
 3326.76369195 4164.3754446  3219.09918976 3228.61176314], 480.0
[3238.77341018 2435.66255085 2288.16392559 4285.05724325 3329.52401881
 3325.98463593 4159.64875922 3219.60566998 3219.77346091], 480.0
[3233.86739404 2428.7720861  2280.06735188 4284.96511078 3328.51990438
 3326.66831522 4157.22256541 3217.64805994 3214.93761411], 480.0
[3217.00257506 2402.25592231 2253.28856217 4284.8284483  3328.16602311
 3327.29896731 4156.71271644 3218.62739058 3210.73301463], 480.0
[3221.01049261 2408.85788935 2264.04364547 4283.98168926 3326.69887128
 3327.73304939 4150.59279103 3210.47762036 3212.0154964 ], 480.0
[3246.50505877 2449.86192935 2314.57749978 4284.23646374 3327.06259656
 3326.4913229  4153.5624104  3207.88067274 3214.3747766 ], 480.0
[3240.65455577 2443.60159383 2305.09969207 4284.02559872 3326.69744697
 3326.74556317 4156.26311331 3209.24612551 3210.10248966], 480.0
[3235.61494486 2441.7608464  2293.74993672 4283.08612194 3327.24562302
 3326.15178299 4158.76516867 3209.81798277 3207.01121602], 480.0
[3243.59164453 2452.46857309 2304.65234814 4281.78258438 3326.39369402
 3325.89808335 4147.84923172 3201.60498309 3204.86683321], 480.0
[3210.47369664 2420.73174659 2269.9237278  4282.08784218 3326.2267735
 3326.10614963 4148.12453566 3204.79974446 3209.71097693], 480.0
[3225.65389748 2445.55205631 2294.46957175 4282.17804222 3327.01464372
 3325.71364694 4150.23447042 3200.44783912 3204.19936757], 480.0
[3220.94631948 2433.19618275 2270.52704833 4281.72349482 3326.66339703
 3324.31677904 4143.12607851 3191.3961555  3201.36485758], 480.0
[3229.02545247 2446.92307408 2292.07494192 4281.08868961 3325.62009487
 3324.51914439 4144.38766894 3187.63178649 3194.34562039], 480.0
[3250.75945625 2459.37271835 2311.24774404 4281.60097437 3325.66671138
 3324.50571976 4146.51826086 3187.14394736 3203.65736065], 480.0
[3227.35098917 2430.66251092 2282.98096946 4280.78881311 3324.76684976
 3324.9301424  4139.37352095 3188.48468914 3206.96131968], 480.0
[3247.532145   2458.36513367 2306.72901208 4279.43682375 3324.67025671
 3324.1105165  4140.64037023 3193.09067802 3205.28069067], 480.0
[3253.69327953 2456.73501848 2303.47730404 4278.95954075 3323.94222956
 3324.82841086 4136.3070426  3189.88482537 3215.30003419], 480.0
[3241.75476904 2442.85984838 2280.46279152 4279.06161852 3322.84699249
 3325.0424758  4140.96668367 3187.67231445 3220.95873356], 480.0
[3235.25966589 2437.41409211 2270.68317092 4278.68047667 3320.76019821
 3324.59530058 4143.69982533 3181.9780314  3219.86306925], 480.0
[3256.50222256 2458.25209336 2294.76887928 4279.02879019 3320.62238593
 3324.72729788 4141.07746606 3181.64750075 3223.39594498], 480.0
[3234.78267968 2440.26567342 2271.99871048 4279.80873032 3320.15519557
 3324.10160117 4151.32037296 3180.61773121 3213.86924424], 480.0
[3242.22341404 2450.30024006 2278.55972028 4279.24621105 3319.74304872
 3324.26130977 4154.86961079 3176.69065275 3204.14796915], 480.0
[3247.60472963 2447.02694666 2274.44230999 4279.20982285 3320.30604105
 3323.73992505 4157.41452379 3168.75828731 3200.97291632], 480.0
[3259.32670758 2468.63932259 2303.16802522 4278.7779357  3319.3077949
 3323.11960254 4152.96824889 3165.01893868 3204.13624043], 480.0
[3255.1771244  2456.66413658 2286.6233157  4278.39407282 3318.76244979
 3323.11346221 4150.45175352 3163.37728744 3204.46174417], 480.0
[3261.36796308 2470.861779   2300.89576626 4277.63627958 3318.34850059
 3322.73062053 4137.69585333 3162.7389339  3198.18152294], 480.0
[3252.1153296  2460.82783967 2279.88321388 4276.95675564 3317.21298432
 3322.02102127 4142.90494113 3163.72849529 3200.96359582], 480.0
[3238.51502953 2447.94590237 2261.98285845 4276.34770412 3317.31103501
 3321.16062441 4143.16335793 3170.04631624 3186.9165905 ], 480.0
[3243.61464524 2447.01318355 2266.97235919 4274.7708231  3318.09124799
 3321.12475772 4129.4875021  3168.02393882 3194.88331637], 480.0
[3240.80923443 2449.31960225 2276.60326931 4275.67921562 3318.19837565
 3322.23566308 4140.87751007 3160.37755508 3196.54807291], 480.0
[3228.72565179 2430.65498345 2256.60204865 4275.88729105 3318.85895805
 3322.68568144 4139.21120067 3163.44316931 3195.1606051 ], 480.0
[3244.8537468  2446.2956429  2278.54322219 4275.8643898  3318.6569459
 3322.05594487 4141.93427448 3165.73890319 3189.90366421], 480.0
[3226.55999489 2436.66345372 2254.81747891 4274.1072341  3317.97290797
 3321.2485579  4133.91699772 3171.46254215 3187.10290451], 480.0
[3249.00018356 2457.9193013  2297.60931717 4274.77735243 3318.62023215
 3320.12855134 4133.79531751 3174.50263743 3178.46878819], 480.0
[3208.53247292 2424.00213213 2248.32826899 4274.00749607 3318.43216753
 3319.81013041 4135.31445374 3181.43242059 3179.43870916], 480.0
[3218.93003705 2439.62839217 2263.38069662 4274.06698294 3318.85181165
 3319.6988513  4125.60288086 3176.20127084 3179.58770843], 480.0
[3210.79621372 2427.45494802 2254.68335173 4273.3449441  3318.48171463
 3319.51485758 4121.0946485  3172.71315932 3182.74781642], 480.0
[3214.78370261 2439.11129382 2258.00287064 4272.43468885 3318.57153363
 3317.5690908  4114.78824148 3178.24952538 3182.10578017], 480.0
[3222.38170269 2435.98475828 2255.25285935 4272.56486244 3319.04338751
 3317.36601076 4113.75517964 3178.57585659 3176.96333694], 480.0
[3225.57355249 2434.30908713 2254.3060556  4272.44820566 3318.41596484
 3316.63709455 4125.27036381 3181.8553236  3179.55735331], 480.0
[3214.53456876 2427.96249404 2233.57257295 4270.79306154 3317.25730166
 3316.03910384 4114.90709686 3179.95074453 3166.86219544], 480.0
[3218.24683733 2414.62996808 2211.67358569 4270.69134483 3319.13283811
 3314.6277071  4117.33374648 3187.39857378 3164.25707688], 480.0
[3227.55918012 2430.75790989 2226.67787291 4269.36394272 3317.99871888
 3314.21823635 4113.60243478 3180.34820156 3155.56469655], 480.0
[3221.700632   2435.69007034 2221.29291806 4268.14472437 3316.50583
 3313.03102813 4107.62073007 3174.52115526 3154.8615169 ], 480.0
[3220.37489197 2421.68069751 2211.43727731 4267.92711315 3317.04939604
 3313.7373333  4109.62922125 3174.20998464 3157.24735036], 480.0
[3692.83622069 3090.65827551 2855.45753455 4233.45468864 3271.12103043
 3294.40120554 3989.83789711 3020.17066746 3041.05321097], 480.0
[3691.70061002 3091.33111677 2867.20725782 4234.17664719 3271.42053251
 3294.52590871 4003.1327971  3029.33724835 3041.28639083], 480.0
[3692.87312732 3099.75094919 2875.71018453 4234.23390303 3273.45191612
 3295.50680313 3991.52979212 3033.19725101 3042.64397681], 480.0
[3686.55050683 3092.18721285 2868.71006107 4234.54452    3272.20601792
 3294.39572659 3996.38198786 3027.43201323 3045.13723128], 480.0
[3684.14797487 3097.63614578 2878.40918789 4234.40960932 3273.38393269
 3294.33833051 3993.62973208 3033.3987067  3034.73709536], 480.0
[3681.3957418  3097.24285412 2872.98500838 4234.40744991 3273.43876958
 3293.42297301 3996.10361691 3028.39101079 3033.86340296], 480.0
[3678.45623655 3092.2220202  2861.90275836 4234.81038551 3272.35434327
 3292.26483116 3995.53899875 3027.68711443 3040.88495436], 480.0
[3680.16305737 3091.40233202 2868.21992736 4234.2369873  3271.74001904
 3292.66927257 3993.80742297 3032.39199507 3036.68488042], 480.0
[3674.65855436 3086.45411634 2862.08460131 4233.42640791 3271.25519996
 3291.47362523 3992.21729264 3028.15315821 3033.92014663], 480.0
[3678.33107753 3087.64577765 2868.62842088 4233.54307919 3272.09749842
 3290.82999201 3995.88019581 3031.90060434 3036.52703369], 480.0
[3677.02869315 3092.58517756 2871.6402142  4233.2294179  3272.33304973
 3291.10984564 3987.69261556 3035.43681591 3039.78380697], 480.0
[3672.34094939 3088.52574496 2860.87061186 4233.1622179  3272.74557328
 3291.06938834 3992.67361703 3036.15659435 3034.95924582], 480.0
[3673.60422168 3090.86124921 2861.64752965 4232.55199575 3273.30757198
 3291.57439332 3975.10076237 3033.73334692 3029.79582145], 480.0
[3669.24390914 3090.38578358 2857.69309621 4232.22395182 3272.93461461
 3291.46714931 3983.15426283 3034.64956493 3035.97228088], 480.0
[3667.84931855 3089.30814328 2851.07848368 4232.11535311 3272.86059456
 3291.0395009  3985.45268378 3028.33781707 3035.79086771], 480.0
[3669.81662009 3091.41289968 2861.64302659 4232.1866044  3272.76421595
 3290.78820252 3979.27197752 3013.68329298 3028.72845309], 480.0
[3667.22001653 3085.82331076 2855.0096889  4232.41527023 3271.43670859
 3290.03366585 3980.58927689 3021.7456394  3027.10164216], 480.0
[3664.95762501 3084.34470391 2855.3551538  4232.1658555  3272.02533507
 3290.06791887 3981.70539851 3026.17624569 3025.87323749], 480.0
[3670.84644537 3088.9375864  2863.45825658 4232.79503155 3271.95223451
 3290.63069034 3979.97766643 3018.18864439 3025.43043079], 480.0
[3672.50004582 3093.6214869  2871.85904112 4231.75814133 3272.25183678
 3291.03934584 3974.40814853 3016.66638086 3032.42164171], 480.0
[3666.81397223 3092.02092862 2866.30655093 4231.60407419 3271.21694903
 3290.90751357 3964.02219048 3016.32543581 3025.36043549], 480.0
[3663.64932909 3095.08863468 2874.26721137 4231.91237659 3275.35973024
 3291.44696059 3959.96498857 3022.17581568 3030.34675074], 480.0
[3666.19111395 3093.91955395 2878.77750015 4232.77179909 3273.34207301
 3290.6493237  3964.54841008 3023.56584928 3025.58714676], 480.0
[3658.01494205 3091.1550849  2886.13420615 4231.18377981 3271.89541979
 3290.49241366 3951.96359582 3018.40341315 3023.13610873], 480.0
[3654.62332983 3094.06088161 2882.68756404 4231.21924334 3271.00422149
 3290.31362734 3964.41544051 3025.12507222 3025.77689888], 480.0
[3657.90352392 3093.81913424 2886.02938776 4230.86942739 3271.56812024
 3289.85343895 3957.94658785 3021.52553508 3017.51383009], 480.0
[3656.83244495 3083.27971554 2881.77869945 4230.50248661 3268.75564232
 3288.00943456 3963.63295193 3022.57077534 3022.94121993], 480.0
[3663.57451415 3089.32392573 2884.40496893 4229.76560526 3268.85378804
 3288.4621861  3970.1540401  3025.49141097 3019.36453793], 480.0
[3664.55186923 3093.4076901  2883.89498048 4229.40127802 3268.83297982
 3287.96779013 3972.339186   3027.29509687 3020.10054948], 480.0
[3663.34219031 3095.83536201 2884.94798369 4229.98831425 3270.94017525
 3286.79795375 3973.64662166 3029.75974574 3014.39747996], 480.0
[3659.5373868  3089.15032978 2882.48047762 4229.88007898 3269.53486729
 3286.05149546 3968.69867473 3031.29866819 3003.29300435], 480.0
[3661.057302   3092.34193478 2888.17139268 4230.11930761 3270.59650445
 3286.83906794 3962.77590718 3036.57222557 3014.85549893], 480.0
[3660.46805923 3091.41926942 2888.26349387 4229.31747875 3269.79505682
 3286.40450449 3961.61869779 3028.01342688 3007.95781596], 480.0
[3655.20886402 3086.90335727 2875.94768112 4228.91250086 3269.27175894
 3285.96766343 3968.15063653 3038.82150712 3006.08107102], 480.0
[3658.32833922 3087.70484843 2878.74811635 4228.52806549 3269.20692606
 3285.83365169 3963.10776415 3030.6306159  3004.73012648], 480.0
[3657.02940521 3089.57705755 2862.96195617 4228.30820589 3268.44467754
 3285.34784322 3962.07150393 3032.81163061 2997.91908345], 480.0
[3662.38796253 3093.15026355 2866.59847934 4228.68359394 3268.22390375
 3286.24635239 3963.72758884 3033.59208755 2992.99995394], 480.0
[3654.25467625 3092.39904327 2876.7337769  4228.58847666 3270.34640026
 3287.10758443 3952.40669827 3023.99194446 2996.20730922], 480.0
[3653.40302711 3089.61325154 2868.34245975 4228.21147985 3269.84641924
 3286.60371881 3948.18208952 3023.99158862 2990.17724385], 480.0
[3652.54911718 3089.10164499 2872.99817276 4228.4135046  3269.95027232
 3286.46059246 3949.79221988 3012.01683862 2990.78701372], 480.0
[3657.03853877 3088.64401107 2868.54575009 4228.06242781 3267.19143977
 3285.48330665 3947.25792871 3011.2222832  2990.11887767], 480.0
[3658.02798886 3093.17505951 2870.75298102 4227.71619148 3267.33873701
 3286.48487663 3944.17901597 3014.31585777 2998.17028177], 480.0
[3665.09166503 3096.58772731 2884.85754366 4228.11702251 3268.90078382
 3286.60728273 3946.41553741 3016.66717408 2996.23432522], 480.0
[3659.1937763  3096.7317781  2879.08295441 4228.17730303 3268.44840927
 3285.13798046 3945.42907    3020.50389891 2995.25162053], 480.0
[3662.22104187 3096.9217545  2885.57221618 4227.66705151 3269.599086
 3284.44300256 3938.18360381 3008.7275876  2992.75737503], 480.0
[3663.88736115 3096.29534054 2877.29793811 4227.00397434 3268.95094209
 3284.13658299 3941.983955   3017.52969618 2987.38298855], 480.0
[3659.65313482 3095.04754386 2886.85745769 4227.06295414 3271.11948004
 3283.92768078 3929.12782512 3020.23348281 2983.32217903], 480.0
[3660.65637264 3101.05823483 2884.23803067 4226.67777653 3270.31986089
 3283.56680608 3924.91420083 3022.5081917  2987.24760375], 480.0
[3657.06357589 3098.00451212 2885.0797081  4226.13457184 3270.43233719
 3284.11522536 3919.08977876 3021.97330604 2988.73599641], 480.0
[3652.58564088 3093.41904655 2879.85308061 4226.37544088 3271.61630459
 3284.11241317 3930.75825081 3013.89175987 2976.53716946], 480.0
[3655.22079494 3094.54936705 2885.95718808 4226.43398228 3271.94490547
 3283.82885566 3932.72923942 3025.54280927 2979.62630892], 480.0
[3652.31963429 3093.6449399  2874.0468873  4225.56734552 3272.01993008
 3283.96951923 3918.50728617 3026.85416892 2975.82605119], 480.0
[3651.23736579 3093.30115256 2864.94100583 4225.48312693 3270.80194697
 3283.9225925  3919.98768106 3018.82561371 2972.23413799], 480.0
[3649.17585628 3093.12626958 2866.43756034 4224.75130596 3271.40898495
 3284.1974472  3910.80603843 3025.78597279 2978.74055727], 480.0
[3644.57265873 3091.2793016  2868.19802423 4225.62593222 3271.71328588
 3283.77226839 3914.26161065 3019.61441054 2971.20290866], 480.0
[3641.89040785 3093.98659215 2866.61605506 4224.8878726  3273.05938568
 3283.36310573 3912.12250457 3027.9655021  2970.26072314], 480.0
[3647.54698579 3092.57163701 2855.87614145 4224.00943031 3272.67965293
 3282.60461888 3915.70932817 3020.18185139 2971.68229034], 480.0
[3640.98696446 3086.82202268 2853.5373348  4223.36460352 3271.23097363
 3281.77590728 3920.59182544 3013.52346292 2970.83861287], 480.0
[3635.62459564 3081.25195022 2853.90418649 4222.82867775 3271.47394986
 3281.97357912 3912.33366704 3005.35476305 2963.86071167], 480.0
[3637.44871912 3081.27364988 2850.8382618  4221.88238211 3270.23449378
 3281.74909301 3914.52505579 3007.4693315  2967.4518172 ], 480.0
[3273.78634963 2419.33533243 2342.99825143 4319.48888073 3359.63512688
 3359.62863503 4301.46933994 3345.51101561 3345.65854025], 480.0
[3296.8742352  2455.20859263 2382.27529628 4319.52905102 3359.70558701
 3359.57588897 4301.57550116 3345.68869934 3345.72952132], 480.0
[3286.96962569 2436.62737887 2362.03272014 4319.56846933 3359.73558145
 3359.54471264 4301.65388222 3345.66161819 3345.66151295], 480.0
[3291.97483771 2445.52342134 2372.48634161 4319.53370161 3359.71046233
 3359.72838364 4301.55137053 3345.56218457 3345.78861165], 480.0
[3282.20659583 2431.15237215 2357.56037683 4319.63281879 3359.74403024
 3359.63023362 4301.56768522 3345.78324032 3345.60721941], 480.0
[3286.0930542  2436.52063431 2362.12427881 4319.60471191 3359.49623709
 3359.76561184 4301.677565   3345.61688256 3345.74670157], 480.0
[3292.72221112 2444.76002809 2369.07119193 4319.62643814 3359.67256365
 3359.64921422 4301.62739201 3345.66404257 3345.68394446], 480.0
[3300.52856188 2457.73214006 2384.79487257 4319.49562941 3359.76913762
 3359.60886807 4301.4685112  3345.78051062 3345.62072015], 480.0
[3266.36153009 2407.8432747  2330.76136477 4319.62076511 3359.86588407
 3359.78231068 4301.53040485 3345.78357787 3345.7275475 ], 480.0
[96m 
------------------------------- Initialization Stage ------------------------------- [0m
Number of Pareto optimal solutions: 77
[96m Selected Tasks: [0m
[96m objs = [3253.99354906 2398.25456283 2320.5502086  4303.57293549 3349.02434449
 3347.76949768 4217.47443604 3278.32273064 3287.28015637] [0m
[96m objs = [3726.29975114 3095.48897152 2872.63200514 4246.78667946 3273.30926061
 3308.7777411  4046.52613163 3020.10677037 3065.73058164] [0m
[96m objs = [3715.78391781 3043.54475818 2990.20352168 4226.02580032 3251.99383674
 3289.35577421 4065.72480307 2978.38618641 2965.84026517] [0m
[96m objs = [3713.34774342 2506.48442628 1956.62904512 4197.60990553 3264.90020709
 3255.08657928 3901.99487863 3036.61825428 2992.33510878] [0m
[96m objs = [3708.91455193 2479.51330223 1888.90862677 4196.42363377 3265.72956853
 3252.77068949 3906.93835621 3044.42549026 2992.90657799] [0m
[96m objs = [3657.28596983 3045.5313097  2933.04156675 4219.11437168 3252.88344913
 3282.93176036 4012.91810641 2948.62957301 3005.56898077] [0m
[96m 
------------------------------- Extension Stage ------------------------------- [0m
Starting the extension from iteration 0 to 20.
Sample batch size exceeded policy buffer size 200. Performing sampling.
Number of Pareto optimal solutions: 200
[96m Selected Tasks: [0m
[96m objs = [3266.57520297 2457.41366266 2359.27758776 4302.84029722 3349.13154178
 3348.35533624 4236.18630381 3302.19943509 3286.43751669] [0m
[96m objs = [3753.90909953 3034.4940064  2885.7163908  4225.45264254 3254.47248816
 3293.85726361 4041.83882241 2978.80421224 2995.18093338] [0m
[96m objs = [3321.22016213 2474.90537093 2399.77336344 4306.50906382 3344.50694036
 3348.39205017 4246.09046068 3280.6455039  3294.60142989] [0m
[96m objs = [3334.95322149 2503.63127816 2421.20194813 4303.25247803 3345.18409338
 3347.26291203 4232.77392149 3277.84508777 3296.19478908] [0m
[96m objs = [3456.84085407 2954.11377287 3107.53745189 4257.34951878 3314.42904387
 3293.80631008 4104.29157829 3126.55259478 3077.31186757] [0m
[96m objs = [3528.50747995 2955.96549788 3063.65634789 4220.35542707 3272.04543648
 3260.95749621 3977.25757704 3001.24216907 2915.21230161] [0m
Starting the extension from iteration 20 to 36.
[3250.22414105 2430.71995218 2334.71254081 4302.74783754 3348.99856658
 3347.98687553 4235.9086668  3303.25406485 3280.83894515], 480.0
[3253.12669935 2437.3940909  2341.43289864 4302.41543331 3348.71012421
 3348.10338244 4237.72565527 3305.16085467 3281.5949152 ], 480.0
[3266.49356778 2456.65710671 2361.74042859 4302.2182209  3348.57912717
 3348.28066707 4235.22996655 3302.91761746 3283.45558567], 480.0
[3254.33936675 2434.88941072 2341.04767106 4301.90537672 3348.78092947
 3348.84710431 4239.14331455 3303.92632127 3284.04889364], 480.0
[3281.26098795 2470.23198458 2378.53082902 4301.67601223 3348.07436399
 3348.76460671 4231.99912119 3304.19575276 3284.07519903], 480.0
[3269.09940939 2453.90464814 2364.90909824 4301.4719388  3348.25299873
 3348.55254874 4230.52966242 3304.26470432 3282.54384265], 480.0
[3290.13309557 2484.32517735 2394.83944607 4301.44245348 3348.33602648
 3348.27542176 4232.00699205 3307.14998436 3282.32987137], 480.0
[3273.24726772 2456.72096272 2362.01454349 4301.78605289 3348.35256977
 3348.2512301  4232.4289525  3307.17704659 3282.36377707], 480.0
[3272.67333016 2452.1243763  2355.96093909 4301.86082535 3347.85823717
 3347.81797552 4234.80813799 3305.3970118  3280.10851154], 480.0
[3267.26113527 2446.6417223  2347.98421911 4301.58396893 3347.55514894
 3347.33863316 4234.5487103  3303.87422094 3277.81248555], 480.0
[3279.77485757 2465.34803752 2370.31315687 4301.18383093 3347.41378694
 3346.94883852 4239.30786166 3301.24178886 3273.11101513], 480.0
[3273.50056105 2454.73877127 2362.73198342 4300.96731434 3347.6953907
 3346.78260446 4239.62326717 3302.19942584 3274.46159229], 480.0
[3277.8948478  2460.83908235 2369.74442048 4300.67752743 3347.72308955
 3346.71838913 4240.40853844 3303.27998099 3275.29299183], 480.0
[3285.51294861 2474.78034269 2384.36981835 4300.9276679  3347.1183392
 3346.58186593 4240.10064201 3301.5251533  3279.15820484], 480.0
[3270.15084736 2450.8177922  2355.44339938 4301.00892687 3347.30775852
 3346.5224359  4239.41038113 3303.82800679 3279.78805432], 480.0
[3272.9500607  2454.29789312 2360.25461315 4300.84721851 3347.19520745
 3346.28446774 4241.89745483 3302.80385423 3277.06607552], 480.0
[3261.72222915 2441.81461666 2347.14449528 4300.92668705 3346.93368359
 3346.16699018 4239.97018337 3299.51913705 3276.91960473], 480.0
[3258.598438   2437.42989343 2342.13021425 4300.68187246 3346.87637486
 3346.24794798 4239.36310301 3301.05367932 3274.84579201], 480.0
[3278.36169615 2467.05685968 2375.1769549  4300.69428539 3346.90883331
 3346.29637694 4239.41517172 3299.70987077 3277.06840448], 480.0
[3276.95035064 2466.23957227 2369.44031318 4300.50945063 3346.11560025
 3346.21335101 4239.8706563  3300.8842525  3276.08610916], 480.0
[3283.84240119 2476.33393338 2379.71436183 4300.09271402 3345.46463866
 3345.85372372 4238.44152718 3298.28754377 3274.39482265], 480.0
[3260.06010351 2447.18130949 2353.8487883  4300.26811714 3345.87751203
 3345.96449194 4240.01669178 3301.02230687 3274.36663604], 480.0
[3262.94377146 2459.24622864 2362.96356311 4299.6821661  3345.91910381
 3345.75337715 4238.21552267 3301.53434992 3272.29200459], 480.0
[3249.76554735 2443.15123452 2345.11324217 4299.68430891 3345.98275247
 3345.52130308 4239.01596479 3299.59763207 3272.35847926], 480.0
[3268.99839435 2470.23306229 2371.58128786 4299.55226383 3345.61097422
 3345.51717353 4238.80382786 3297.18368096 3273.22939439], 480.0
[3263.53401732 2468.02148781 2369.96006612 4299.53932962 3345.57633862
 3345.29141064 4238.99820681 3297.02733259 3272.31217799], 480.0
[3262.92941265 2466.49582587 2371.66682049 4299.54657249 3345.39822898
 3345.48691635 4239.68139286 3297.95594611 3275.29474201], 480.0
[3271.79093268 2472.60052774 2383.13649673 4299.45871544 3345.02669878
 3345.60497851 4241.15581923 3296.41187449 3276.3747035 ], 480.0
[3267.84278967 2471.06039648 2378.61751994 4299.37788553 3344.61752834
 3345.6095459  4234.95514765 3294.45964336 3276.67050633], 480.0
[3263.48483655 2468.7783494  2374.27015203 4299.19934626 3344.43858881
 3345.24523225 4232.62622004 3292.8645587  3278.04929638], 480.0
[3259.01123526 2462.20427482 2365.12561687 4298.80875731 3344.00624957
 3345.26015754 4230.79687662 3290.39122257 3276.27242999], 480.0
[3249.99687068 2452.45947738 2349.90289404 4298.76477165 3343.66070933
 3345.25547519 4232.29636221 3288.65623183 3274.75601645], 480.0
[3271.95091374 2479.54913609 2379.5257237  4298.82766552 3343.84004087
 3345.48594184 4234.71236773 3293.31544137 3272.23724799], 480.0
[3251.85422893 2452.5857774  2348.67393291 4298.63777142 3343.44536371
 3345.57251391 4230.44475441 3290.91951666 3273.19661932], 480.0
[3273.78634963 2419.33533243 2342.99825143 4319.48888073 3359.63512688
 3359.62863503 4301.46933994 3345.51101561 3345.65854025], 480.0
[3296.8742352  2455.20859263 2382.27529628 4319.52905102 3359.70558701
 3359.57588897 4301.57550116 3345.68869934 3345.72952132], 480.0
[3286.96962569 2436.62737887 2362.03272014 4319.56846933 3359.73558145
 3359.54471264 4301.65388222 3345.66161819 3345.66151295], 480.0
[3291.97483771 2445.52342134 2372.48634161 4319.53370161 3359.71046233
 3359.72838364 4301.55137053 3345.56218457 3345.78861165], 480.0
[3282.20659583 2431.15237215 2357.56037683 4319.63281879 3359.74403024
 3359.63023362 4301.56768522 3345.78324032 3345.60721941], 480.0
[3286.0930542  2436.52063431 2362.12427881 4319.60471191 3359.49623709
 3359.76561184 4301.677565   3345.61688256 3345.74670157], 480.0
[3292.72221112 2444.76002809 2369.07119193 4319.62643814 3359.67256365
 3359.64921422 4301.62739201 3345.66404257 3345.68394446], 480.0
[3300.52856188 2457.73214006 2384.79487257 4319.49562941 3359.76913762
 3359.60886807 4301.4685112  3345.78051062 3345.62072015], 480.0
[3266.36153009 2407.8432747  2330.76136477 4319.62076511 3359.86588407
 3359.78231068 4301.53040485 3345.78357787 3345.7275475 ], 480.0
[96m 
------------------------------- Initialization Stage ------------------------------- [0m
Number of Pareto optimal solutions: 77
[96m Selected Tasks: [0m
[96m objs = [3253.99354906 2398.25456283 2320.5502086  4303.57293549 3349.02434449
 3347.76949768 4217.47443604 3278.32273064 3287.28015637] [0m
[96m objs = [3726.29975114 3095.48897152 2872.63200514 4246.78667946 3273.30926061
 3308.7777411  4046.52613163 3020.10677037 3065.73058164] [0m
[96m objs = [3715.78391781 3043.54475818 2990.20352168 4226.02580032 3251.99383674
 3289.35577421 4065.72480307 2978.38618641 2965.84026517] [0m
[96m objs = [3713.34774342 2506.48442628 1956.62904512 4197.60990553 3264.90020709
 3255.08657928 3901.99487863 3036.61825428 2992.33510878] [0m
[96m objs = [3708.91455193 2479.51330223 1888.90862677 4196.42363377 3265.72956853
 3252.77068949 3906.93835621 3044.42549026 2992.90657799] [0m
[96m objs = [3657.28596983 3045.5313097  2933.04156675 4219.11437168 3252.88344913
 3282.93176036 4012.91810641 2948.62957301 3005.56898077] [0m
[96m 
------------------------------- Extension Stage ------------------------------- [0m
Starting the extension from iteration 0 to 20.
Sample batch size exceeded policy buffer size 200. Performing sampling.
Number of Pareto optimal solutions: 200
[96m Selected Tasks: [0m
[96m objs = [3266.57520297 2457.41366266 2359.27758776 4302.84029722 3349.13154178
 3348.35533624 4236.18630381 3302.19943509 3286.43751669] [0m
[96m objs = [3753.90909953 3034.4940064  2885.7163908  4225.45264254 3254.47248816
 3293.85726361 4041.83882241 2978.80421224 2995.18093338] [0m
[96m objs = [3321.22016213 2474.90537093 2399.77336344 4306.50906382 3344.50694036
 3348.39205017 4246.09046068 3280.6455039  3294.60142989] [0m
[96m objs = [3334.95322149 2503.63127816 2421.20194813 4303.25247803 3345.18409338
 3347.26291203 4232.77392149 3277.84508777 3296.19478908] [0m
[96m objs = [3456.84085407 2954.11377287 3107.53745189 4257.34951878 3314.42904387
 3293.80631008 4104.29157829 3126.55259478 3077.31186757] [0m
[96m objs = [3528.50747995 2955.96549788 3063.65634789 4220.35542707 3272.04543648
 3260.95749621 3977.25757704 3001.24216907 2915.21230161] [0m
Starting the extension from iteration 20 to 36.
[3322.90790894 2473.24338018 2394.43241324 4306.16404266 3344.07902012
 3348.47494574 4242.4631712  3280.62467971 3293.90165696], 480.0
[3320.46891139 2471.2148258  2396.18269346 4306.08938665 3343.9979023
 3348.32517514 4242.93214254 3275.56807723 3293.60959659], 480.0
[3323.04516847 2479.15826764 2407.83444551 4305.62006674 3343.93756242
 3348.12709727 4240.51506786 3272.50326366 3292.70054388], 480.0
[3314.35149689 2461.03570439 2388.55463187 4304.98536453 3343.94944057
 3347.77232828 4239.32486019 3270.34338088 3291.14180932], 480.0
[3314.35645833 2455.67577598 2385.66211354 4304.06598635 3343.79673266
 3347.09951324 4232.11035485 3269.57965569 3290.77314043], 480.0
[3328.98985846 2477.25753238 2408.76992743 4304.1953599  3343.15626287
 3346.84202695 4233.3441422  3267.1264957  3288.40068741], 480.0
[3325.19108074 2476.03483691 2405.65922114 4303.7483552  3343.08969951
 3346.73386898 4231.5009902  3267.21030593 3290.55358315], 480.0
[3315.78952713 2463.60884898 2387.76420578 4303.76813984 3342.92348895
 3346.5646791  4229.50511885 3257.21895943 3290.00317588], 480.0
[3316.44976351 2463.79696496 2380.71193942 4303.95548353 3343.00145407
 3346.66053286 4229.14748349 3260.85648308 3286.43612266], 480.0
[3332.36172419 2482.32006521 2402.03564993 4303.77149982 3342.58487496
 3346.38264489 4228.58427296 3263.82522883 3285.3031599 ], 480.0
[3328.75013995 2476.46309147 2398.04169897 4303.78673716 3342.8465786
 3346.09936857 4222.90463624 3266.85744052 3285.54979777], 480.0
[3346.28447683 2491.56477261 2417.64081147 4304.2138114  3342.97559509
 3345.52932625 4224.60985942 3270.73923898 3280.92806644], 480.0
[3336.51952055 2477.49359298 2396.91575413 4304.28247604 3342.8061378
 3344.77949018 4229.50970001 3267.16666455 3281.02023582], 480.0
[3339.7186661  2477.80598788 2399.31352581 4303.91862907 3342.8176578
 3344.7096334  4225.31547079 3269.1717557  3282.44713969], 480.0
[3337.2337595  2471.3572454  2389.74230345 4303.63085356 3342.40292506
 3344.77973046 4227.3748302  3272.01452603 3280.58671312], 480.0
[3345.6557184  2482.67228079 2406.20040755 4303.59063253 3341.90793395
 3344.53343296 4222.67132092 3265.06307163 3279.43245339], 480.0
[3334.35742898 2470.64403496 2393.45498141 4303.64076843 3342.19798117
 3344.32452817 4224.68617311 3269.51149206 3278.6717958 ], 480.0
[3338.12627215 2479.99469123 2405.3459808  4303.23578644 3341.56010742
 3343.87595935 4229.9937212  3270.0582314  3278.12054968], 480.0
[3324.73485706 2462.61772232 2382.18097965 4303.02486839 3341.30120959
 3344.21789942 4226.43357468 3269.77861972 3278.10597506], 480.0
[3353.04506967 2502.10843692 2428.45087736 4302.8871562  3341.1075242
 3343.97816792 4224.96341963 3268.47639451 3274.97486191], 480.0
[3328.61585639 2470.5182477  2391.73107387 4302.97148724 3340.73011236
 3343.78430963 4226.12504926 3265.56348238 3274.95465708], 480.0
[3333.55276225 2481.4173465  2408.38497758 4302.62351799 3340.88335624
 3343.36569242 4220.47846899 3264.12082944 3273.42575874], 480.0
[3331.3245676  2485.44949176 2412.32205132 4302.65103884 3340.89309993
 3342.95694838 4220.32138076 3264.73677144 3271.25863605], 480.0
[3326.90361536 2476.35661967 2400.97315103 4302.3290966  3341.36497841
 3342.1787075  4223.41347246 3264.9431252  3272.90165567], 480.0
[3341.57748625 2496.40609958 2418.97772708 4301.8781765  3341.31609941
 3341.64145193 4224.9581068  3260.0776639  3273.88208547], 480.0
[3341.81935179 2499.42012706 2417.9278638  4301.6035861  3340.70282722
 3341.50108747 4228.54070897 3255.05666995 3269.36702933], 480.0
[3323.416909   2470.90131278 2389.27316215 4301.20939522 3340.61585522
 3341.02801008 4232.71939907 3252.39218993 3269.14676108], 480.0
[3337.33123665 2491.53843429 2419.45020665 4301.21157331 3340.67647738
 3340.66717572 4231.96768451 3252.14064155 3267.18209701], 480.0
[3333.54748769 2485.724687   2414.43985964 4301.06499043 3340.495016
 3340.47872114 4234.25450792 3253.19136539 3270.57302232], 480.0
[3336.46329188 2492.15633836 2420.02381265 4301.26834517 3340.60749588
 3340.3180068  4235.2442389  3256.30532818 3268.3803391 ], 480.0
[3341.61092103 2500.84904137 2425.86852059 4300.56813393 3339.70126915
 3339.83914084 4232.42196274 3252.97724633 3265.69439878], 480.0
[3354.41123741 2514.33946464 2442.04109377 4300.21090031 3339.86769857
 3339.8150218  4228.53538551 3251.0645844  3266.92963772], 480.0
[3318.71259611 2470.63493929 2390.51398598 4300.06701975 3339.86508899
 3340.06149731 4230.06473775 3255.58413596 3270.32237048], 480.0
[3342.77664897 2508.2196095  2434.80795397 4299.96543779 3340.11067557
 3340.33283949 4229.55777016 3259.06769042 3268.97126255], 480.0
[3273.78634963 2419.33533243 2342.99825143 4319.48888073 3359.63512688
 3359.62863503 4301.46933994 3345.51101561 3345.65854025], 480.0
[3296.8742352  2455.20859263 2382.27529628 4319.52905102 3359.70558701
 3359.57588897 4301.57550116 3345.68869934 3345.72952132], 480.0
[3286.96962569 2436.62737887 2362.03272014 4319.56846933 3359.73558145
 3359.54471264 4301.65388222 3345.66161819 3345.66151295], 480.0
[3291.97483771 2445.52342134 2372.48634161 4319.53370161 3359.71046233
 3359.72838364 4301.55137053 3345.56218457 3345.78861165], 480.0
[3282.20659583 2431.15237215 2357.56037683 4319.63281879 3359.74403024
 3359.63023362 4301.56768522 3345.78324032 3345.60721941], 480.0
[3286.0930542  2436.52063431 2362.12427881 4319.60471191 3359.49623709
 3359.76561184 4301.677565   3345.61688256 3345.74670157], 480.0
[3292.72221112 2444.76002809 2369.07119193 4319.62643814 3359.67256365
 3359.64921422 4301.62739201 3345.66404257 3345.68394446], 480.0
[3300.52856188 2457.73214006 2384.79487257 4319.49562941 3359.76913762
 3359.60886807 4301.4685112  3345.78051062 3345.62072015], 480.0
[3266.36153009 2407.8432747  2330.76136477 4319.62076511 3359.86588407
 3359.78231068 4301.53040485 3345.78357787 3345.7275475 ], 480.0
[96m 
------------------------------- Initialization Stage ------------------------------- [0m
Number of Pareto optimal solutions: 77
[96m Selected Tasks: [0m
[96m objs = [3253.99354906 2398.25456283 2320.5502086  4303.57293549 3349.02434449
 3347.76949768 4217.47443604 3278.32273064 3287.28015637] [0m
[96m objs = [3726.29975114 3095.48897152 2872.63200514 4246.78667946 3273.30926061
 3308.7777411  4046.52613163 3020.10677037 3065.73058164] [0m
[96m objs = [3715.78391781 3043.54475818 2990.20352168 4226.02580032 3251.99383674
 3289.35577421 4065.72480307 2978.38618641 2965.84026517] [0m
[96m objs = [3713.34774342 2506.48442628 1956.62904512 4197.60990553 3264.90020709
 3255.08657928 3901.99487863 3036.61825428 2992.33510878] [0m
[96m objs = [3708.91455193 2479.51330223 1888.90862677 4196.42363377 3265.72956853
 3252.77068949 3906.93835621 3044.42549026 2992.90657799] [0m
[96m objs = [3657.28596983 3045.5313097  2933.04156675 4219.11437168 3252.88344913
 3282.93176036 4012.91810641 2948.62957301 3005.56898077] [0m
[96m 
------------------------------- Extension Stage ------------------------------- [0m
Starting the extension from iteration 0 to 20.
Sample batch size exceeded policy buffer size 200. Performing sampling.
Number of Pareto optimal solutions: 200
[96m Selected Tasks: [0m
[96m objs = [3266.57520297 2457.41366266 2359.27758776 4302.84029722 3349.13154178
 3348.35533624 4236.18630381 3302.19943509 3286.43751669] [0m
[96m objs = [3753.90909953 3034.4940064  2885.7163908  4225.45264254 3254.47248816
 3293.85726361 4041.83882241 2978.80421224 2995.18093338] [0m
[96m objs = [3321.22016213 2474.90537093 2399.77336344 4306.50906382 3344.50694036
 3348.39205017 4246.09046068 3280.6455039  3294.60142989] [0m
[96m objs = [3334.95322149 2503.63127816 2421.20194813 4303.25247803 3345.18409338
 3347.26291203 4232.77392149 3277.84508777 3296.19478908] [0m
[96m objs = [3456.84085407 2954.11377287 3107.53745189 4257.34951878 3314.42904387
 3293.80631008 4104.29157829 3126.55259478 3077.31186757] [0m
[96m objs = [3528.50747995 2955.96549788 3063.65634789 4220.35542707 3272.04543648
 3260.95749621 3977.25757704 3001.24216907 2915.21230161] [0m
Starting the extension from iteration 20 to 36.
[3455.14628577 2945.16771164 3101.81328316 4257.50254049 3314.18357034
 3293.42429605 4103.19937563 3126.33109863 3071.45566416], 480.0
[3453.476121   2946.72713604 3106.71355782 4256.93040915 3314.33916984
 3292.89898357 4103.47834773 3131.23960831 3067.6338357 ], 480.0
[3446.9446044  2939.30555153 3101.65654244 4257.00987234 3314.8767189
 3293.09267859 4102.10665636 3132.18728948 3069.20980852], 480.0
[3454.9082468  2943.38654904 3104.70102191 4257.82121172 3315.54644499
 3293.56454906 4100.42050886 3125.17999823 3068.93690646], 480.0
[3452.85161428 2942.33169785 3101.25498686 4257.47631168 3314.95401626
 3291.79675655 4102.73715072 3129.95359008 3052.79574747], 480.0
[3456.92967618 2948.92491612 3104.06970778 4258.04742098 3315.09197254
 3291.97981977 4103.6349607  3128.91495874 3065.7524241 ], 480.0
[3455.91664877 2952.39944077 3109.63987041 4257.35084391 3315.2802422
 3291.9408278  4102.59540725 3124.83874772 3072.20855329], 480.0
[3453.26538048 2952.96063414 3107.29174433 4257.2180871  3314.30130997
 3291.37292008 4103.39267259 3112.55720482 3066.44745016], 480.0
[3454.96796517 2954.96005192 3108.38412657 4257.56989918 3314.08305812
 3290.62008333 4102.05634465 3111.39152937 3065.37507753], 480.0
[3452.5270577  2958.35932302 3110.29724989 4257.59900436 3314.52187767
 3291.67530966 4103.9790236  3114.37309341 3071.02097802], 480.0
[3452.02850318 2957.02039542 3109.59728193 4258.32524767 3314.32940531
 3291.69023266 4099.86665382 3104.29361176 3065.50298572], 480.0
[3452.83435206 2960.5098042  3109.98047247 4257.33570204 3314.15021567
 3290.57715182 4097.96817689 3096.63894017 3060.45947273], 480.0
[3454.85925379 2961.1542141  3110.06263604 4257.62398434 3313.91535277
 3290.72068424 4101.80469513 3101.78329124 3060.91642685], 480.0
[3451.32600818 2954.05313087 3106.20962353 4257.08280277 3312.66985507
 3289.5182929  4101.71150041 3095.11451159 3045.14724946], 480.0
[3459.99258385 2963.63468804 3111.07678809 4257.1463871  3313.61570511
 3290.44799652 4101.10154948 3095.74105141 3052.89184692], 480.0
[3454.82060823 2965.33665385 3113.8093677  4256.72948418 3312.50091119
 3288.81158175 4097.27918253 3083.25596597 3048.57882938], 480.0
[3463.15452003 2970.57658272 3114.62550459 4257.35095425 3313.25103369
 3289.32612019 4095.69701858 3082.96026938 3045.34274936], 480.0
[3459.29935226 2967.15775146 3116.07686105 4256.10366774 3313.64719143
 3288.96484652 4093.5999815  3087.45482762 3040.68375597], 480.0
[3464.24447351 2973.72227545 3122.80057592 4255.60177507 3312.9036695
 3288.16848545 4090.41847434 3088.50654759 3027.48525338], 480.0
[3465.10406389 2972.20805225 3124.3835875  4255.24417057 3313.17794304
 3287.37026873 4081.88449459 3084.10316067 3030.39564929], 480.0
[3464.82900772 2970.39981632 3122.04452443 4254.16872625 3313.54548993
 3287.24529338 4076.77615914 3083.8313746  3020.50887909], 480.0
[3472.54155054 2976.23308687 3124.23478656 4254.83624392 3314.18898506
 3287.52404423 4079.57041578 3095.22341821 3021.39047279], 480.0
[3469.86302018 2976.83075418 3120.05243683 4254.90558786 3313.68567915
 3287.3771543  4077.922404   3089.06757264 3020.59358242], 480.0
[3464.06815977 2971.84161959 3121.96559911 4255.03773184 3313.41808262
 3286.53425951 4079.39157448 3096.84560196 3019.3657367 ], 480.0
[3470.38558693 2979.65915222 3124.90269299 4254.85464325 3314.2791038
 3287.54063892 4072.57958813 3092.70073025 3028.21452069], 480.0
[3461.67167659 2971.94694467 3121.57942176 4254.73589182 3313.85483751
 3285.79027147 4077.73814487 3099.06953278 3017.22124724], 480.0
[3470.98049488 2974.74551415 3122.0491457  4253.66700411 3314.16734843
 3286.78281078 4066.96424661 3097.52182527 3016.56522452], 480.0
[3471.52890787 2970.81420088 3121.88845859 4253.89456396 3313.31288767
 3286.03810358 4069.94728866 3096.12902486 3023.64561307], 480.0
[3479.13306756 2968.85999374 3127.11367197 4254.05193863 3314.76478219
 3286.14633303 4069.27713037 3098.19618967 3027.462638  ], 480.0
[3476.44371204 2961.5480351  3125.09841828 4254.81004257 3314.87677865
 3285.71183319 4081.54229097 3101.07384636 3025.08440921], 480.0
[3475.88201632 2967.47843623 3123.42650857 4254.66027327 3314.31859889
 3285.1966197  4074.36725626 3098.78186433 3022.72858851], 480.0
[3469.38899179 2963.27667847 3122.155615   4254.80405788 3314.1999692
 3285.08496985 4077.4787477  3104.62228041 3019.90147405], 480.0
[3470.82803802 2962.81706262 3121.72150512 4255.35662136 3314.30974951
 3285.93301234 4081.87539349 3098.80124476 3025.6784865 ], 480.0
[3480.51687598 2966.42205739 3125.18747902 4255.58545685 3314.89046941
 3286.77997808 4079.03636298 3098.2800957  3030.29828962], 480.0
[3273.78634963 2419.33533243 2342.99825143 4319.48888073 3359.63512688
 3359.62863503 4301.46933994 3345.51101561 3345.65854025], 480.0
[3296.8742352  2455.20859263 2382.27529628 4319.52905102 3359.70558701
 3359.57588897 4301.57550116 3345.68869934 3345.72952132], 480.0
[3286.96962569 2436.62737887 2362.03272014 4319.56846933 3359.73558145
 3359.54471264 4301.65388222 3345.66161819 3345.66151295], 480.0
[3291.97483771 2445.52342134 2372.48634161 4319.53370161 3359.71046233
 3359.72838364 4301.55137053 3345.56218457 3345.78861165], 480.0
[3282.20659583 2431.15237215 2357.56037683 4319.63281879 3359.74403024
 3359.63023362 4301.56768522 3345.78324032 3345.60721941], 480.0
[3286.0930542  2436.52063431 2362.12427881 4319.60471191 3359.49623709
 3359.76561184 4301.677565   3345.61688256 3345.74670157], 480.0
[3292.72221112 2444.76002809 2369.07119193 4319.62643814 3359.67256365
 3359.64921422 4301.62739201 3345.66404257 3345.68394446], 480.0
[3300.52856188 2457.73214006 2384.79487257 4319.49562941 3359.76913762
 3359.60886807 4301.4685112  3345.78051062 3345.62072015], 480.0
[3266.36153009 2407.8432747  2330.76136477 4319.62076511 3359.86588407
 3359.78231068 4301.53040485 3345.78357787 3345.7275475 ], 480.0
[96m 
------------------------------- Initialization Stage ------------------------------- [0m
Number of Pareto optimal solutions: 77
[96m Selected Tasks: [0m
[96m objs = [3253.99354906 2398.25456283 2320.5502086  4303.57293549 3349.02434449
 3347.76949768 4217.47443604 3278.32273064 3287.28015637] [0m
[96m objs = [3726.29975114 3095.48897152 2872.63200514 4246.78667946 3273.30926061
 3308.7777411  4046.52613163 3020.10677037 3065.73058164] [0m
[96m objs = [3715.78391781 3043.54475818 2990.20352168 4226.02580032 3251.99383674
 3289.35577421 4065.72480307 2978.38618641 2965.84026517] [0m
[96m objs = [3713.34774342 2506.48442628 1956.62904512 4197.60990553 3264.90020709
 3255.08657928 3901.99487863 3036.61825428 2992.33510878] [0m
[96m objs = [3708.91455193 2479.51330223 1888.90862677 4196.42363377 3265.72956853
 3252.77068949 3906.93835621 3044.42549026 2992.90657799] [0m
[96m objs = [3657.28596983 3045.5313097  2933.04156675 4219.11437168 3252.88344913
 3282.93176036 4012.91810641 2948.62957301 3005.56898077] [0m
[96m 
------------------------------- Extension Stage ------------------------------- [0m
Starting the extension from iteration 0 to 20.
Sample batch size exceeded policy buffer size 200. Performing sampling.
Number of Pareto optimal solutions: 200
[96m Selected Tasks: [0m
[96m objs = [3266.57520297 2457.41366266 2359.27758776 4302.84029722 3349.13154178
 3348.35533624 4236.18630381 3302.19943509 3286.43751669] [0m
[96m objs = [3753.90909953 3034.4940064  2885.7163908  4225.45264254 3254.47248816
 3293.85726361 4041.83882241 2978.80421224 2995.18093338] [0m
[96m objs = [3321.22016213 2474.90537093 2399.77336344 4306.50906382 3344.50694036
 3348.39205017 4246.09046068 3280.6455039  3294.60142989] [0m
[96m objs = [3334.95322149 2503.63127816 2421.20194813 4303.25247803 3345.18409338
 3347.26291203 4232.77392149 3277.84508777 3296.19478908] [0m
[96m objs = [3456.84085407 2954.11377287 3107.53745189 4257.34951878 3314.42904387
 3293.80631008 4104.29157829 3126.55259478 3077.31186757] [0m
[96m objs = [3528.50747995 2955.96549788 3063.65634789 4220.35542707 3272.04543648
 3260.95749621 3977.25757704 3001.24216907 2915.21230161] [0m
Starting the extension from iteration 20 to 36.
[3327.89368305 2493.19638422 2407.13705157 4302.9894803  3345.25089431
 3347.12052803 4229.65232916 3276.92110634 3297.94764829], 480.0
[3340.91435704 2506.17306192 2422.90159087 4302.56272535 3345.24998388
 3347.45850229 4228.44449053 3277.58284788 3296.56169448], 480.0
[3347.19113913 2515.08163905 2433.31860443 4302.69536896 3345.20978246
 3347.40482221 4231.74130116 3281.85305905 3296.23702335], 480.0
[3351.26299279 2517.54803729 2433.79735379 4302.84254036 3345.26128926
 3347.39926062 4230.71453266 3280.61979938 3294.90316133], 480.0
[3331.95018768 2490.46651281 2404.68714917 4302.40402136 3345.4104238
 3347.06237984 4233.56920919 3283.45389094 3297.04774208], 480.0
[3336.41197455 2495.38070859 2412.60368906 4302.09013176 3345.14904656
 3346.71751728 4234.27533026 3283.46558943 3297.48593836], 480.0
[3332.6731184  2489.02180239 2402.3578611  4302.14891109 3345.45991182
 3346.62377458 4233.83791142 3290.05433655 3295.84425573], 480.0
[3344.86739194 2502.78225243 2415.37086082 4301.50275126 3345.07168655
 3346.29996638 4231.13325672 3287.21259031 3296.70713568], 480.0
[3360.63348184 2523.3003163  2441.40559202 4301.09145336 3345.07024236
 3346.16696863 4233.72285585 3287.88274488 3294.68450294], 480.0
[3330.81672525 2488.42801604 2402.9063182  4301.03836489 3344.34245305
 3345.98356838 4233.59465609 3283.92694921 3293.7215416 ], 480.0
[3352.20711949 2516.48441094 2430.69708627 4301.37794151 3344.60489159
 3345.93648686 4230.03975029 3283.50992975 3293.44543109], 480.0
[3348.65632598 2514.26138725 2431.17341026 4301.50203304 3344.54567971
 3345.94177451 4228.80124121 3283.40629797 3292.63431754], 480.0
[3342.74874108 2505.53226496 2419.74273796 4300.83232679 3344.45292182
 3345.72196341 4229.45033627 3278.28849025 3293.07926059], 480.0
[3347.86115165 2513.94011108 2425.79670954 4301.29665365 3344.62731085
 3346.15009422 4228.49000082 3278.00122347 3291.52661586], 480.0
[3335.20241013 2497.91038599 2407.56908287 4301.37736454 3344.24588604
 3346.56828175 4228.21704025 3274.30616598 3290.18092275], 480.0
[3337.31805086 2507.57406683 2417.45530865 4301.37515125 3344.24386706
 3346.54226069 4226.41696987 3274.08399649 3288.62289219], 480.0
[3329.88829181 2495.04802569 2402.26804336 4301.14128666 3344.43145485
 3346.33976002 4228.84285746 3274.39025445 3292.09408479], 480.0
[3342.04497702 2513.0693872  2424.17164987 4301.09520092 3343.86060534
 3346.62078776 4228.53659868 3273.09518018 3291.48408074], 480.0
[3342.88014128 2516.61682037 2426.62650726 4301.50006914 3344.24013305
 3347.19534798 4225.36874304 3275.10046558 3289.61675653], 480.0
[3349.23823738 2520.0143199  2428.30711766 4301.2693284  3343.98804784
 3347.05755668 4223.22082624 3277.12712026 3290.92823019], 480.0
[3329.78228312 2497.29390118 2397.66332837 4301.14567938 3344.20099864
 3346.56736894 4223.45505409 3277.58540683 3288.28044639], 480.0
[3353.49368842 2532.42864511 2440.91586132 4301.21551142 3344.34721808
 3346.56954141 4223.23162737 3279.79803796 3288.66340818], 480.0
[3338.15317483 2512.84792266 2409.03520226 4300.54388332 3343.84851379
 3346.3105669  4217.765769   3278.05501337 3286.81798649], 480.0
[3343.22071924 2520.94788187 2418.36072136 4300.682652   3343.69690886
 3345.68980031 4221.19218802 3277.1632556  3284.21450052], 480.0
[3352.19725087 2536.53575926 2436.04132035 4300.2328887  3343.6153995
 3345.51126037 4220.06319132 3275.82227268 3278.81232915], 480.0
[3335.46325693 2520.38235748 2415.37869977 4300.2074789  3343.41621094
 3344.97272811 4219.39994745 3280.06604304 3272.20181231], 480.0
[3332.95458424 2512.94389846 2407.90201607 4299.95959549 3343.3354157
 3345.58537383 4220.36711292 3279.79190044 3277.90183086], 480.0
[3336.07027941 2516.74353547 2412.72877326 4299.89054193 3343.31523252
 3346.04374833 4222.26025867 3279.67865186 3279.35152373], 480.0
[3342.58854823 2530.54282653 2432.79388741 4300.01767435 3343.31373744
 3345.84331856 4220.82334108 3282.2566792  3280.18192611], 480.0
[3340.38364937 2527.89495049 2428.84700788 4299.64261761 3343.12146673
 3345.88216958 4215.71657534 3274.98432226 3274.07268925], 480.0
[3342.45690351 2529.28267529 2431.14447703 4299.93903246 3343.02936068
 3346.0341362  4216.87523074 3281.30558214 3274.07068429], 480.0
[3349.63223162 2539.59906716 2442.45946754 4300.28055296 3342.8948688
 3346.09616952 4219.70881395 3275.57827277 3272.63627663], 480.0
[3346.50810461 2536.08950045 2444.49617759 4299.87592773 3342.72716293
 3346.19398775 4218.83303518 3274.83931146 3275.39270186], 480.0
[3336.4803076  2522.43948092 2423.13417381 4299.8450738  3342.63397298
 3346.42359824 4220.28478804 3277.90545959 3274.11626039], 480.0
[3273.78634963 2419.33533243 2342.99825143 4319.48888073 3359.63512688
 3359.62863503 4301.46933994 3345.51101561 3345.65854025], 480.0
[3296.8742352  2455.20859263 2382.27529628 4319.52905102 3359.70558701
 3359.57588897 4301.57550116 3345.68869934 3345.72952132], 480.0
[3286.96962569 2436.62737887 2362.03272014 4319.56846933 3359.73558145
 3359.54471264 4301.65388222 3345.66161819 3345.66151295], 480.0
[3291.97483771 2445.52342134 2372.48634161 4319.53370161 3359.71046233
 3359.72838364 4301.55137053 3345.56218457 3345.78861165], 480.0
[3282.20659583 2431.15237215 2357.56037683 4319.63281879 3359.74403024
 3359.63023362 4301.56768522 3345.78324032 3345.60721941], 480.0
[3286.0930542  2436.52063431 2362.12427881 4319.60471191 3359.49623709
 3359.76561184 4301.677565   3345.61688256 3345.74670157], 480.0
[3292.72221112 2444.76002809 2369.07119193 4319.62643814 3359.67256365
 3359.64921422 4301.62739201 3345.66404257 3345.68394446], 480.0
[3300.52856188 2457.73214006 2384.79487257 4319.49562941 3359.76913762
 3359.60886807 4301.4685112  3345.78051062 3345.62072015], 480.0
[3266.36153009 2407.8432747  2330.76136477 4319.62076511 3359.86588407
 3359.78231068 4301.53040485 3345.78357787 3345.7275475 ], 480.0
[96m 
------------------------------- Initialization Stage ------------------------------- [0m
Number of Pareto optimal solutions: 77
[96m Selected Tasks: [0m
[96m objs = [3253.99354906 2398.25456283 2320.5502086  4303.57293549 3349.02434449
 3347.76949768 4217.47443604 3278.32273064 3287.28015637] [0m
[96m objs = [3726.29975114 3095.48897152 2872.63200514 4246.78667946 3273.30926061
 3308.7777411  4046.52613163 3020.10677037 3065.73058164] [0m
[96m objs = [3715.78391781 3043.54475818 2990.20352168 4226.02580032 3251.99383674
 3289.35577421 4065.72480307 2978.38618641 2965.84026517] [0m
[96m objs = [3713.34774342 2506.48442628 1956.62904512 4197.60990553 3264.90020709
 3255.08657928 3901.99487863 3036.61825428 2992.33510878] [0m
[96m objs = [3708.91455193 2479.51330223 1888.90862677 4196.42363377 3265.72956853
 3252.77068949 3906.93835621 3044.42549026 2992.90657799] [0m
[96m objs = [3657.28596983 3045.5313097  2933.04156675 4219.11437168 3252.88344913
 3282.93176036 4012.91810641 2948.62957301 3005.56898077] [0m
[96m 
------------------------------- Extension Stage ------------------------------- [0m
Starting the extension from iteration 0 to 20.
Sample batch size exceeded policy buffer size 200. Performing sampling.
Number of Pareto optimal solutions: 200
[96m Selected Tasks: [0m
[96m objs = [3266.57520297 2457.41366266 2359.27758776 4302.84029722 3349.13154178
 3348.35533624 4236.18630381 3302.19943509 3286.43751669] [0m
[96m objs = [3753.90909953 3034.4940064  2885.7163908  4225.45264254 3254.47248816
 3293.85726361 4041.83882241 2978.80421224 2995.18093338] [0m
[96m objs = [3321.22016213 2474.90537093 2399.77336344 4306.50906382 3344.50694036
 3348.39205017 4246.09046068 3280.6455039  3294.60142989] [0m
[96m objs = [3334.95322149 2503.63127816 2421.20194813 4303.25247803 3345.18409338
 3347.26291203 4232.77392149 3277.84508777 3296.19478908] [0m
[96m objs = [3456.84085407 2954.11377287 3107.53745189 4257.34951878 3314.42904387
 3293.80631008 4104.29157829 3126.55259478 3077.31186757] [0m
[96m objs = [3528.50747995 2955.96549788 3063.65634789 4220.35542707 3272.04543648
 3260.95749621 3977.25757704 3001.24216907 2915.21230161] [0m
Starting the extension from iteration 20 to 36.
[3528.72851462 2962.85129266 3060.55128145 4220.13948612 3273.76231666
 3261.44136267 3970.48403678 3007.00134561 2915.36478128], 480.0
[3524.72087531 2960.78221636 3059.54536738 4220.0210207  3273.78187461
 3261.40487113 3969.66692581 3001.78420115 2913.93490566], 480.0
[3530.87442827 2964.76387672 3057.25415735 4219.96640959 3274.10868826
 3261.74675264 3973.63833947 3006.20081134 2918.82431214], 480.0
[3526.53894591 2969.51209249 3058.53775663 4220.20820293 3274.4168478
 3261.43086443 3970.52409382 3009.75740094 2916.46156554], 480.0
[3531.6061543  2970.85842919 3056.08198047 4220.07542181 3274.50823159
 3261.23005219 3967.73691363 3004.14509611 2921.40328848], 480.0
[3531.51452479 2973.7184525  3054.50994577 4219.76439114 3275.66120844
 3261.81411705 3963.21802278 3006.91072371 2927.55860405], 480.0
[3528.98934765 2974.68145256 3053.03296924 4220.03701096 3275.46307087
 3260.93116493 3964.9489964  2998.10449545 2916.75609053], 480.0
[3533.89717383 2970.51162634 3054.34225583 4219.34481306 3274.37869148
 3261.28981571 3959.90324941 3007.42825317 2919.87244351], 480.0
[3537.400495   2969.87420359 3052.38742576 4219.53816032 3273.63592324
 3261.19519086 3972.58794155 2993.84375155 2902.50419304], 480.0
[3535.75458379 2966.7537581  3050.30071807 4219.54156857 3273.42940736
 3260.76447139 3966.83146629 2991.00000057 2902.53746547], 480.0
[3536.20463047 2968.47981782 3050.766223   4219.26088543 3274.3676496
 3260.7217742  3968.74500518 3000.08745899 2910.65390179], 480.0
[3534.07575436 2969.81800132 3051.04318228 4219.26130896 3275.23670712
 3261.1075047  3963.53154531 3002.06029387 2916.10487227], 480.0
[3531.1625917  2960.77134204 3053.40521474 4219.53079071 3272.8537169
 3260.24863563 3972.08736687 3003.66557605 2901.69343762], 480.0
[3531.2708703  2961.23658528 3049.35999117 4219.43328943 3273.65374503
 3260.75144744 3961.68532782 2991.43735311 2901.73151   ], 480.0
[3529.62834978 2964.58336573 3049.59067359 4218.991889   3275.56375818
 3261.54137821 3955.32331786 3004.39902861 2925.61593932], 480.0
[3530.26945052 2962.53806486 3049.86409712 4218.41204596 3274.79053516
 3260.67947607 3950.38239079 3001.57307718 2914.78432765], 480.0
[3532.34467845 2961.53381004 3048.73607821 4218.10531979 3273.45179882
 3260.06461391 3964.28702374 2997.12433197 2914.35256441], 480.0
[3531.77023668 2962.06579161 3048.90355654 4217.98663654 3274.42050714
 3260.40543032 3963.68161063 3004.28955386 2912.50264359], 480.0
[3531.74959531 2954.83489985 3049.97089844 4218.11550684 3273.26834946
 3259.87080235 3955.37488213 2994.16902807 2910.71198382], 480.0
[3536.0964045  2961.35913367 3048.27344036 4217.74690361 3274.39107757
 3259.88095088 3962.90219312 3001.11953571 2915.72155125], 480.0
[3534.71745291 2967.75484104 3050.82767882 4218.10239849 3275.66460381
 3260.633359   3956.75167317 3004.9681488  2917.67978554], 480.0
[3542.70767694 2961.16896315 3047.81255574 4218.59746513 3273.79666123
 3259.61792665 3958.11608143 2995.27150803 2897.88429952], 480.0
[3536.97763424 2958.39810686 3044.9764606  4218.24992008 3274.78400993
 3259.82388892 3958.29944839 2996.88668623 2908.52951002], 480.0
[3535.12935529 2962.61627102 3046.09669142 4218.63634462 3275.82870402
 3260.48428893 3963.73163495 3009.08615882 2927.2478842 ], 480.0
[3540.06165781 2960.18369918 3044.78840604 4218.44832897 3273.92385955
 3259.68346801 3967.63697853 3002.616434   2914.66794016], 480.0
[3537.43524833 2963.23098993 3043.80032492 4218.40421181 3274.084373
 3259.21581626 3963.71451411 3004.37335782 2911.79128382], 480.0
[3537.08561945 2964.82775421 3041.89226866 4217.79529486 3274.53956852
 3259.15028167 3967.08630695 3010.32531013 2911.70026531], 480.0
[3537.13478498 2962.85229282 3038.95475736 4217.68956766 3274.21988883
 3259.00845814 3964.71118355 3007.86648307 2912.25320822], 480.0
[3532.99857264 2956.68534942 3039.14432125 4217.19387875 3272.98677063
 3257.99629183 3967.59936476 3002.61466095 2891.06831295], 480.0
[3532.00922151 2961.80753107 3038.04447603 4216.21485548 3274.77802787
 3258.87008038 3963.51857662 3006.03484743 2915.56029437], 480.0
[3532.34153996 2960.94149022 3039.15357642 4217.0419488  3274.42654881
 3258.75416918 3960.91562381 3002.90671344 2908.16984408], 480.0
[3528.43368721 2958.00666299 3034.60676966 4216.71577902 3274.10369043
 3258.13061814 3973.4714716  3005.32618089 2918.21545851], 480.0
[3533.04905148 2961.76007085 3031.29857297 4216.11157627 3274.17195778
 3257.99746518 3961.1850461  3004.35899153 2910.87032599], 480.0
[3537.56775322 2957.61119256 3034.47636905 4215.94461412 3273.37382574
 3257.6120657  3967.94462528 3002.65002267 2901.40423579], 480.0
[3273.78634963 2419.33533243 2342.99825143 4319.48888073 3359.63512688
 3359.62863503 4301.46933994 3345.51101561 3345.65854025], 480.0
[3296.8742352  2455.20859263 2382.27529628 4319.52905102 3359.70558701
 3359.57588897 4301.57550116 3345.68869934 3345.72952132], 480.0
[3286.96962569 2436.62737887 2362.03272014 4319.56846933 3359.73558145
 3359.54471264 4301.65388222 3345.66161819 3345.66151295], 480.0
[3291.97483771 2445.52342134 2372.48634161 4319.53370161 3359.71046233
 3359.72838364 4301.55137053 3345.56218457 3345.78861165], 480.0
[3282.20659583 2431.15237215 2357.56037683 4319.63281879 3359.74403024
 3359.63023362 4301.56768522 3345.78324032 3345.60721941], 480.0
[3286.0930542  2436.52063431 2362.12427881 4319.60471191 3359.49623709
 3359.76561184 4301.677565   3345.61688256 3345.74670157], 480.0
[3292.72221112 2444.76002809 2369.07119193 4319.62643814 3359.67256365
 3359.64921422 4301.62739201 3345.66404257 3345.68394446], 480.0
[3300.52856188 2457.73214006 2384.79487257 4319.49562941 3359.76913762
 3359.60886807 4301.4685112  3345.78051062 3345.62072015], 480.0
[3266.36153009 2407.8432747  2330.76136477 4319.62076511 3359.86588407
 3359.78231068 4301.53040485 3345.78357787 3345.7275475 ], 480.0
[96m 
------------------------------- Initialization Stage ------------------------------- [0m
Number of Pareto optimal solutions: 77
[96m Selected Tasks: [0m
[96m objs = [3253.99354906 2398.25456283 2320.5502086  4303.57293549 3349.02434449
 3347.76949768 4217.47443604 3278.32273064 3287.28015637] [0m
[96m objs = [3726.29975114 3095.48897152 2872.63200514 4246.78667946 3273.30926061
 3308.7777411  4046.52613163 3020.10677037 3065.73058164] [0m
[96m objs = [3715.78391781 3043.54475818 2990.20352168 4226.02580032 3251.99383674
 3289.35577421 4065.72480307 2978.38618641 2965.84026517] [0m
[96m objs = [3713.34774342 2506.48442628 1956.62904512 4197.60990553 3264.90020709
 3255.08657928 3901.99487863 3036.61825428 2992.33510878] [0m
[96m objs = [3708.91455193 2479.51330223 1888.90862677 4196.42363377 3265.72956853
 3252.77068949 3906.93835621 3044.42549026 2992.90657799] [0m
[96m objs = [3657.28596983 3045.5313097  2933.04156675 4219.11437168 3252.88344913
 3282.93176036 4012.91810641 2948.62957301 3005.56898077] [0m
[96m 
------------------------------- Extension Stage ------------------------------- [0m
Starting the extension from iteration 0 to 20.
Sample batch size exceeded policy buffer size 200. Performing sampling.
Number of Pareto optimal solutions: 200
[96m Selected Tasks: [0m
[96m objs = [3266.57520297 2457.41366266 2359.27758776 4302.84029722 3349.13154178
 3348.35533624 4236.18630381 3302.19943509 3286.43751669] [0m
[96m objs = [3753.90909953 3034.4940064  2885.7163908  4225.45264254 3254.47248816
 3293.85726361 4041.83882241 2978.80421224 2995.18093338] [0m
[96m objs = [3321.22016213 2474.90537093 2399.77336344 4306.50906382 3344.50694036
 3348.39205017 4246.09046068 3280.6455039  3294.60142989] [0m
[96m objs = [3334.95322149 2503.63127816 2421.20194813 4303.25247803 3345.18409338
 3347.26291203 4232.77392149 3277.84508777 3296.19478908] [0m
[96m objs = [3456.84085407 2954.11377287 3107.53745189 4257.34951878 3314.42904387
 3293.80631008 4104.29157829 3126.55259478 3077.31186757] [0m
[96m objs = [3528.50747995 2955.96549788 3063.65634789 4220.35542707 3272.04543648
 3260.95749621 3977.25757704 3001.24216907 2915.21230161] [0m
Starting the extension from iteration 20 to 36.
[3755.69028392 3036.30744863 2892.05997615 4225.7105813  3255.25163703
 3294.39484954 4045.68509235 2984.63199461 2997.61019664], 480.0
[3752.09425383 3040.00090485 2887.20651178 4226.17235365 3255.62605028
 3294.93971357 4030.46814485 2984.34511323 3003.14577398], 480.0
[3753.19982371 3039.70589309 2894.67840199 4225.8871727  3255.7859241
 3294.82933078 4032.61394224 2991.01998756 3001.1986093 ], 480.0
[3746.98938479 3033.81860986 2877.71028714 4225.28743258 3254.79370441
 3294.46889024 4033.43002906 2987.84789412 2999.30658152], 480.0
[3746.59034772 3031.84047532 2877.99867187 4224.53470516 3254.40330873
 3294.08077869 4029.43487849 2980.1562346  2990.95460081], 480.0
[3746.93697228 3032.71315489 2879.21329947 4224.08817196 3254.76269321
 3294.32936015 4031.72730374 2984.90624602 2995.48754642], 480.0
[3750.8888761  3027.36399975 2877.60546136 4223.98146524 3254.59833503
 3293.39605913 4029.62020192 2980.54763353 2979.92549984], 480.0
[3748.24811516 3020.41386509 2868.08645511 4223.21833029 3252.99448276
 3292.98536797 4032.16280293 2977.49962997 2990.55579655], 480.0
[3753.69668121 3020.79094806 2875.15837965 4223.83920212 3253.83756595
 3293.10825367 4026.93917503 2979.30523672 2988.42132907], 480.0
[3752.61345997 3017.25745883 2882.09104695 4223.58675041 3253.49714723
 3292.66138215 4028.27727051 2988.99028857 2988.55468838], 480.0
[3755.55991354 3013.01786313 2889.14367104 4223.57183552 3253.92155943
 3292.85393724 4023.06628699 2985.23466699 2990.13071856], 480.0
[3757.00164585 3017.54292011 2886.94674969 4223.88001051 3254.3900579
 3292.73945036 4028.28578243 2991.14856029 2988.43023465], 480.0
[3756.92711706 3016.02898879 2885.98769803 4223.87043476 3254.23516488
 3292.35229673 4026.29984794 2989.64711785 2986.22387388], 480.0
[3758.46766376 3014.27048244 2888.87674589 4223.99028797 3254.65495162
 3293.02150836 4026.06073809 2986.17035687 2982.80047286], 480.0
[3757.68304858 3016.66748743 2878.86450591 4223.83137884 3254.62843652
 3292.50637808 4022.16344929 2981.82614064 2979.91588414], 480.0
[3760.81799674 3021.5104454  2878.26912761 4223.87691193 3255.23393364
 3292.39972687 4022.41124854 2979.89085248 2981.79213009], 480.0
[3755.98040462 3019.17866344 2867.24722543 4223.58844633 3254.49294715
 3291.77715092 4021.10273776 2985.57586207 2982.51604159], 480.0
[3756.00463724 3016.45433426 2869.38683438 4223.32789717 3254.63832784
 3292.36321392 4019.25025449 2984.2480593  2978.64162238], 480.0
[3761.04630818 3016.87609982 2871.45601621 4223.45697813 3254.79439921
 3292.25465736 4019.75752378 2998.00820241 2977.99731383], 480.0
[3759.26817822 3014.13996153 2870.70437818 4222.55800858 3254.83926039
 3292.45021067 4026.19995027 2999.48024681 2981.94999802], 480.0
[3761.33449249 3020.2172297  2866.20844221 4222.33496313 3254.95127659
 3292.14075036 4021.79059811 2998.56197615 2975.33445501], 480.0
[3759.51239996 3018.59164357 2855.66758642 4221.90338488 3253.83512549
 3291.5191432  4012.0603703  2991.54246426 2965.75920243], 480.0
[3757.91912866 3019.23506331 2858.96107092 4222.72637281 3253.76221409
 3291.61143579 4017.4053792  2988.07733519 2964.9799202 ], 480.0
[3760.26411734 3018.9401228  2869.26403327 4223.08280478 3255.34394865
 3292.09794922 4024.10368385 3000.2094583  2967.01604486], 480.0
[3759.00028558 3020.87527409 2870.15639625 4222.92590322 3255.32545409
 3291.97892542 4018.32512665 3004.17677875 2964.64424485], 480.0
[3755.77474804 3010.87468414 2858.70940213 4221.978263   3253.2986258
 3290.69933414 4018.32516317 2998.22717974 2967.9522233 ], 480.0
[3758.18425245 3013.34929214 2858.19512033 4221.78147736 3253.60660515
 3291.04314713 4016.14836249 2994.18046937 2962.70700672], 480.0
[3761.28003922 3015.42963972 2870.8721591  4222.09992208 3254.89281883
 3291.29512162 4017.32672853 2995.16687143 2970.8278095 ], 480.0
[3757.15920944 3012.55528698 2862.70100117 4221.48719358 3253.14551144
 3289.81041374 4015.35665932 3003.46190243 2956.25319551], 480.0
[3758.10917387 3016.77771325 2875.11311884 4221.92361498 3253.94048119
 3291.00176373 4018.04999447 3002.86120276 2964.07415166], 480.0
[3754.74864817 3011.43422832 2865.6544343  4221.25307674 3252.76452532
 3290.47987123 4014.82372231 2990.73584669 2973.5960722 ], 480.0
[3755.4264739  3010.15400157 2868.11587334 4221.17070589 3253.27243848
 3291.43310432 4015.27876163 2991.97940648 2968.95164852], 480.0
[3755.52723193 3010.32715445 2866.07651658 4220.54219418 3252.39054728
 3290.58583846 4013.39607821 2988.8037153  2965.60872104], 480.0
[3758.10362577 3008.08315334 2871.07134566 4220.63810978 3252.29261093
 3290.09810095 4017.09306521 2991.00742002 2971.31853157], 480.0
[3465.64504371 2954.441642   3123.35171795 4255.2851285  3314.09874072
 3284.51052289 4082.91848865 3095.43366258 3024.92097936], 480.0
[3465.19701624 2957.11220202 3125.26597419 4255.06017895 3314.82280374
 3285.39496164 4079.02504692 3091.04050252 3020.48917627], 480.0
[3462.33347135 2956.80372314 3127.10951195 4254.60601368 3313.8846714
 3282.91612191 4081.54120827 3096.29733236 3015.60546973], 480.0
[3462.21376638 2956.98537335 3128.50459075 4254.45530062 3314.44408283
 3284.15114951 4077.48199844 3090.80547731 3022.40522184], 480.0
[3447.29471173 2954.25469174 3122.26553884 4255.37519732 3313.24721656
 3284.10147815 4079.74942112 3088.43356311 3016.39812484], 480.0
[3443.16682739 2953.88157663 3126.26777287 4255.45774527 3312.83080087
 3283.86360936 4074.89302082 3091.26344633 3022.53566141], 480.0
[3459.56695023 2963.4280385  3131.98792896 4255.67613516 3312.84226947
 3284.87648129 4076.40722122 3091.82233884 3029.84565339], 480.0
[3447.83937602 2963.96917033 3131.92735701 4255.88037062 3311.97433152
 3283.21403337 4073.14634686 3084.43305638 3013.41629208], 480.0
[3454.61989965 2968.6374547  3134.91052103 4256.06810513 3311.87132597
 3283.13665457 4075.06117234 3076.09213395 3014.43270938], 480.0
[3450.60083323 2963.38799548 3132.21279879 4255.95938282 3311.82851024
 3281.68335433 4073.09441018 3069.01642885 3006.55101819], 480.0
[3456.84956079 2966.02792568 3131.47723188 4256.07845545 3311.26279259
 3281.2129005  4075.93362474 3076.26827517 3006.96636754], 480.0
[3453.34562383 2964.30841336 3132.20968637 4256.64006395 3310.84869914
 3281.35616794 4079.35054827 3074.06428568 3001.57122052], 480.0
[3457.05346284 2964.76224012 3131.45018096 4256.6404541  3311.38359017
 3283.08534479 4085.68984227 3076.34617257 3016.77438774], 480.0
[3457.21446357 2966.71549382 3132.88423843 4256.22634878 3311.78893847
 3281.96330533 4079.91134877 3085.66750433 3011.30827243], 480.0
[3453.24692454 2970.01605544 3133.92470093 4255.41282434 3311.39008789
 3281.75423369 4076.94013877 3086.31348767 3002.60160733], 480.0
[3452.91242309 2971.34493384 3133.29963512 4254.96489086 3310.41101794
 3281.9072392  4067.99982171 3082.54837718 2995.64065466], 480.0
[3447.06133132 2970.00904989 3131.06159034 4255.23010645 3310.12967572
 3281.65060344 4066.51430354 3079.92177258 3005.67091043], 480.0
[3447.04115019 2968.74960322 3132.3308845  4255.81845789 3310.36982908
 3282.1616498  4070.89347954 3090.38111269 3002.43702441], 480.0
[3440.1774539  2965.13573627 3131.77843695 4255.79726133 3309.95011239
 3280.85700455 4070.38964033 3071.56495535 3008.1924556 ], 480.0
[3449.2631464  2973.59712787 3139.38096218 4256.90694685 3310.58086247
 3281.9865232  4074.4787827  3071.07340281 3015.61036801], 480.0
[3446.80322337 2975.00443678 3138.44529839 4257.46346006 3310.01311688
 3283.03162832 4069.36822081 3070.73414805 3009.92826393], 480.0
[3440.42699304 2975.47716756 3133.96727471 4256.95432892 3309.17047405
 3281.70500345 4069.65948973 3068.86673341 2995.18418193], 480.0
[3443.18712463 2984.1625401  3134.32143683 4256.85402851 3308.98607998
 3282.04516268 4071.29345236 3073.91316106 3009.13168027], 480.0
[3434.7051157  2981.59981122 3138.59141884 4257.40484219 3309.17241392
 3282.54776559 4066.26598334 3068.01013072 3010.98112912], 480.0
[3427.81012764 2968.66939316 3134.1653697  4257.47590876 3309.38609605
 3282.40989828 4067.62691379 3071.54406645 3016.5677352 ], 480.0
[3427.5185925  2970.33469129 3138.50075245 4257.27956362 3309.03296204
 3281.52868514 4067.32082949 3067.52010028 3014.14973612], 480.0
[3437.80926342 2977.4319118  3141.64070721 4257.1725296  3310.12495708
 3282.78423185 4074.21280622 3072.99128237 3019.33539555], 480.0
[3420.78249443 2962.60960088 3137.0275928  4256.9250844  3309.22368712
 3281.42531176 4063.16739984 3071.94181645 3004.97375094], 480.0
[3426.31429214 2969.73114338 3137.98540173 4257.26052399 3309.48278852
 3283.38037944 4066.22504783 3058.33722875 3019.70436745], 480.0
[3424.68336372 2973.53850245 3135.46774473 4257.66370974 3308.42180481
 3282.76764421 4066.111971   3060.41295171 3018.0955878 ], 480.0
[3424.91800313 2970.92188334 3134.53567166 4257.65344038 3308.73258038
 3282.62617688 4075.48416238 3076.02635589 3023.10199444], 480.0
[3428.94334176 2969.52617517 3134.38118663 4257.9388463  3308.40464153
 3282.79419737 4070.82457023 3085.55287929 3016.80879128], 480.0
[3429.11133404 2968.72468343 3134.10604739 4258.3714859  3307.66479163
 3281.5256515  4068.45920639 3073.21672828 3006.74075809], 480.0
[3437.78665056 2976.96871042 3141.12371936 4257.85467329 3308.63361983
 3282.2621685  4071.41423225 3073.69123988 3017.35645623], 480.0
[3432.70225301 2982.4018302  3141.48590379 4258.05224333 3306.99452391
 3280.75756354 4070.09998798 3067.32124321 3000.58964136], 480.0
[3433.11615443 2978.7761198  3143.15529346 4258.61802778 3307.56162152
 3282.40400443 4076.26151423 3075.64016452 3017.25580373], 480.0
[3430.82822161 2979.18834562 3141.76451697 4258.05826015 3307.36520243
 3282.47138853 4074.34264779 3068.71257343 3024.09524496], 480.0
[3429.68172512 2977.3192441  3137.25116606 4258.90790663 3307.28112535
 3283.97917337 4078.35593967 3062.1427767  3026.98055403], 480.0
[3430.56364324 2974.54549003 3139.52256041 4258.44020109 3306.37738276
 3282.6650105  4078.5253819  3060.20262322 3017.54181473], 480.0
[3426.03566885 2973.61289144 3138.46515889 4258.52993021 3305.55283542
 3282.61950865 4070.30937047 3051.71203146 3016.130773  ], 480.0
[3424.73203321 2975.77719193 3139.81298428 4258.18779554 3306.16977072
 3282.66139059 4070.3181519  3052.73835201 3017.686622  ], 480.0
[3430.33859735 2977.89485798 3137.34083538 4257.72625465 3305.84695125
 3282.17378354 4076.81069679 3063.053564   3008.41248221], 480.0
[3427.0065526  2975.63365293 3132.55451865 4257.23742981 3306.14851441
 3282.06573739 4079.94155755 3064.30132356 3001.13715751], 480.0
[3428.20682385 2976.44261689 3132.55279341 4258.37446527 3306.53537607
 3283.28635087 4084.9449851  3069.76572301 2996.6182672 ], 480.0
[3423.96799381 2973.12563848 3135.74082575 4258.55844803 3305.38906054
 3281.31049652 4088.60641694 3072.4962162  2993.40138412], 480.0
[3427.77702515 2973.89954343 3136.45727935 4257.67178183 3304.81881881
 3281.50675178 4084.92469263 3071.18345203 2993.76636906], 480.0
[3433.34321344 2981.58225193 3139.0014019  4257.60252514 3304.3801239
 3282.62348919 4087.34323902 3065.91272171 2995.51801608], 480.0
[3434.5626163  2990.71332536 3144.862008   4257.25353718 3304.96355095
 3283.73625164 4077.00093312 3062.74620452 3001.49201791], 480.0
[3437.14438639 2987.11343904 3144.4108923  4256.75795832 3304.97306161
 3283.22748613 4081.63783255 3070.31410267 2994.68030365], 480.0
[3447.93699512 2989.74025631 3149.18584814 4257.35332098 3305.58118935
 3283.64469523 4089.49513359 3071.90818493 2992.52468889], 480.0
[3442.08529429 2987.61369033 3145.13613601 4256.93912659 3305.0332809
 3281.68855295 4091.66531982 3079.93125205 2988.03367269], 480.0
[3445.54413695 2996.44174194 3148.99619899 4257.7327755  3305.80978708
 3283.64670935 4084.77441268 3077.74524539 2999.5725677 ], 480.0
[3437.81633685 2985.02498455 3143.28180332 4256.49341269 3304.53010349
 3281.76709404 4067.9618052  3064.40957692 2984.81366577], 480.0
[3445.18549116 2984.85881233 3143.00216594 4255.776861   3304.46155229
 3283.59598894 4073.15599284 3061.731723   3001.29435588], 480.0
[3437.87807457 2982.46929603 3144.05089059 4256.05826435 3305.66269412
 3283.88414197 4072.58302574 3080.06128652 2999.51315718], 480.0
[3425.64076984 2976.82436895 3139.59773598 4255.66066971 3303.69779143
 3281.83461952 4074.22296824 3068.01873972 2980.48311989], 480.0
[3419.07304432 2965.47441525 3134.99991255 4255.05044584 3304.24621267
 3282.69747066 4066.33074365 3077.84779875 2992.75982943], 480.0
[3409.73214576 2963.5839994  3133.16310029 4254.37480364 3303.90792379
 3284.48141327 4064.66596699 3080.37312803 2994.29106395], 480.0
[3407.58295815 2962.40726995 3128.24869142 4254.23080711 3302.98859377
 3283.64765801 4056.89864287 3066.97409506 2987.74291623], 480.0
[3404.3983397  2962.80290632 3128.18176355 4254.3787569  3303.23938622
 3284.47410092 4059.62247381 3065.22470052 2999.13620152], 480.0
[3283.76228766 2499.56688309 2395.73831719 4298.76762619 3342.79813709
 3345.26316414 4230.34698935 3291.72502356 3271.33422771], 480.0
[3263.01825604 2476.47109129 2376.64628671 4298.26828852 3342.61680598
 3344.96640844 4227.36102581 3290.69534378 3266.24019389], 480.0
[3262.10497561 2476.12705927 2373.65353196 4298.50404921 3342.00466833
 3344.26506782 4227.68204455 3293.70211835 3263.71736546], 480.0
[3259.05554669 2477.12253256 2377.40396187 4298.35277758 3342.1315856
 3344.28880529 4226.42406425 3294.38637109 3258.63974581], 480.0
[3263.18713062 2488.89764872 2392.0840259  4298.14200268 3342.27292471
 3344.42210455 4229.00037813 3296.03407784 3256.43416023], 480.0
[3253.94038925 2482.09806106 2383.77475822 4298.20483274 3341.99405541
 3344.14970517 4225.23639979 3291.1521667  3249.66078324], 480.0
[3245.16301692 2470.51198959 2370.48864748 4297.96112442 3341.99000692
 3343.86529613 4223.32870932 3292.42218871 3246.65223789], 480.0
[3256.16154065 2484.29952829 2388.45232795 4297.94889727 3342.01889739
 3343.76201363 4222.87516994 3293.22650986 3250.54985523], 480.0
[3263.58502052 2483.99070489 2392.06310428 4298.13958759 3342.01547942
 3344.04738197 4224.86728034 3293.65207267 3250.00154185], 480.0
[3252.50210202 2463.68952415 2379.11969489 4297.76691256 3342.7263114
 3343.36117926 4222.87742643 3292.68003788 3251.71830149], 480.0
[3255.74268491 2477.02960174 2390.84928318 4297.12428598 3343.38813052
 3343.32102003 4224.25136995 3293.59466052 3255.17935472], 480.0
[3259.60636373 2482.12918868 2392.66054435 4296.01467857 3342.98023043
 3342.93500304 4220.92471533 3293.62194991 3257.93823905], 480.0
[3257.84646704 2480.35427716 2389.78219168 4295.75636768 3341.9520916
 3342.96376905 4216.32893667 3290.91650701 3254.37608304], 480.0
[3253.793677   2477.99966776 2388.15292047 4295.45238333 3340.86644425
 3342.65788178 4218.36262684 3290.01901145 3251.0298727 ], 480.0
[3266.17373285 2493.24126155 2405.37065841 4295.91055803 3341.03256798
 3342.43468623 4219.50670719 3290.55021076 3254.86791191], 480.0
[3269.2831979  2492.92757771 2402.29245176 4295.6011076  3341.1776391
 3342.59116812 4220.67778473 3289.68152771 3254.23530164], 480.0
[3277.41590321 2499.1660006  2407.94963597 4295.34601698 3341.39991603
 3342.21710281 4219.97574053 3288.39168267 3253.29385571], 480.0
[3271.67112963 2488.5723649  2393.85569412 4295.53354321 3341.75748734
 3341.71111875 4220.67799139 3290.29005389 3256.76032605], 480.0
[3261.08631563 2477.51149502 2385.96546136 4295.46430321 3341.39094706
 3340.9148602  4217.92585297 3290.07857308 3252.44506583], 480.0
[3257.71289692 2473.42462549 2380.85684264 4295.57264452 3341.0263742
 3341.13092656 4218.9713295  3290.29028735 3254.44839401], 480.0
[3262.88956196 2485.78406017 2392.90430455 4294.87074261 3340.52578444
 3340.94705486 4215.73410149 3290.03783803 3255.73316493], 480.0
[3277.5733547  2502.94100821 2409.4264724  4294.72961264 3340.17414002
 3340.88660479 4219.02528377 3288.22099638 3253.21933856], 480.0
[3274.4044812  2498.01574695 2404.16104497 4294.75960913 3339.80783925
 3340.82689953 4219.88343835 3288.97869916 3253.85296621], 480.0
[3260.5153625  2477.94515281 2387.14678012 4295.13019295 3339.94443426
 3341.20231686 4220.31365414 3288.5104465  3254.41490464], 480.0
[3257.80759158 2468.98682578 2377.57171301 4295.67939606 3339.55771699
 3341.41219497 4223.96217928 3286.35447116 3255.17871251], 480.0
[3273.07849844 2482.38331459 2395.20421631 4295.06368895 3340.28216848
 3341.3916224  4220.53689051 3290.26328087 3260.99621949], 480.0
[3269.84355795 2475.33509629 2386.47124583 4294.94201612 3340.18910937
 3340.91015797 4217.40638452 3288.66344733 3256.22310963], 480.0
[3276.90409005 2486.23423238 2398.38931754 4295.23737869 3340.1179956
 3340.2004468  4217.64803886 3284.31415696 3254.82146778], 480.0
[3267.79614019 2472.05375931 2383.90275675 4295.27338238 3339.55766664
 3339.55194426 4219.96381626 3285.60329757 3251.39797492], 480.0
[3271.96183274 2483.48172946 2397.98015769 4295.92546844 3340.05135636
 3339.61312561 4217.6119648  3287.42708011 3252.45882964], 480.0
[3257.00342999 2473.02355282 2384.79230285 4295.4927557  3339.53765645
 3338.98822289 4215.73555088 3286.53055382 3250.47310753], 480.0
[3281.57191215 2505.77285426 2418.344389   4295.17735605 3339.19706001
 3339.06222534 4212.29392509 3282.4481709  3250.63884478], 480.0
[3280.33549702 2500.87971363 2410.5802605  4294.41915617 3338.28762665
 3338.66825757 4218.63907733 3280.83781381 3248.18820348], 480.0
[3292.19071584 2513.8060827  2421.52655925 4294.28107643 3338.23888721
 3338.63045406 4215.25671535 3279.19163971 3244.69745169], 480.0
[3283.88755631 2504.76770694 2412.6246863  4294.5028429  3338.09230633
 3338.24430799 4214.7702394  3273.16004705 3241.3175252 ], 480.0
[3290.28273907 2516.39265251 2421.6142632  4293.92730503 3337.70452332
 3338.49692254 4212.48210726 3270.83567166 3235.03972001], 480.0
[3289.91514165 2519.10410802 2424.86960706 4293.48342447 3337.94441452
 3338.57550406 4209.73294606 3270.3340683  3234.08236761], 480.0
[3287.2920588  2510.06467495 2421.44843885 4293.52985296 3338.08215799
 3338.09360003 4209.58197608 3262.43718619 3229.79381256], 480.0
[3271.82640989 2490.73726883 2397.13048446 4293.21840658 3337.79459662
 3337.46891298 4204.76664829 3261.28593125 3223.72191935], 480.0
[3287.03573492 2522.41259005 2430.29548496 4293.8767334  3338.1400609
 3337.55163541 4204.05831962 3262.75955997 3225.64398003], 480.0
[3262.6789397  2492.93853903 2395.17310126 4293.36125755 3337.69799399
 3337.66199112 4200.50467863 3264.85858264 3222.01098728], 480.0
[3270.49873979 2497.32236061 2406.13546554 4293.15506668 3338.68909559
 3337.62936244 4202.98270311 3267.23489213 3233.58139563], 480.0
[3292.2262661  2524.67081928 2438.03457294 4293.13883839 3338.26419072
 3337.07322297 4206.69873261 3264.00298877 3237.18260517], 480.0
[3298.19671745 2535.80914993 2454.03581977 4292.93363781 3337.91869993
 3337.03618083 4207.44163427 3265.35562863 3242.19350753], 480.0
[3283.3743737  2509.60686564 2428.78349763 4291.79670248 3337.32161007
 3336.79396076 4204.71321044 3263.03724489 3242.01487269], 480.0
[3290.01959934 2522.95671144 2443.83861091 4290.79454565 3336.66157813
 3336.50278268 4196.51585779 3259.42537127 3244.3581399 ], 480.0
[3284.85663283 2515.14405622 2433.93525804 4290.3141449  3336.35090384
 3336.75406933 4192.97010493 3258.50364904 3242.67463555], 480.0
[3275.92192731 2511.63253977 2430.06477073 4289.62912445 3335.97473159
 3336.49410381 4187.31711183 3257.21145496 3239.53269005], 480.0
[3273.85825372 2513.4151274  2434.14087951 4289.71996107 3336.03565059
 3336.1191195  4185.64610744 3257.39394999 3235.08373547], 480.0
[3291.47810342 2533.18536091 2456.06085856 4290.37526598 3335.62254744
 3335.4596417  4183.55598168 3257.9372333  3240.66820726], 480.0
[3266.96804991 2503.94739127 2430.91736466 4289.95120277 3335.80770555
 3335.9044775  4185.00359535 3259.12012396 3240.64929991], 480.0
[3296.60600693 2545.99948449 2472.12400953 4290.26530485 3335.72064781
 3335.99976425 4180.31339674 3260.95394173 3247.07163916], 480.0
[3278.61059999 2523.93302596 2453.96624564 4290.91489944 3336.13797464
 3335.77266994 4181.81600022 3261.78891654 3245.99786344], 480.0
[3288.3866025  2540.58694315 2470.97085228 4291.39660845 3335.55761309
 3335.23332071 4181.88069572 3260.22447186 3242.48730507], 480.0
[3273.94067888 2515.70055482 2445.98875666 4291.28584061 3335.98801231
 3334.852666   4187.17462635 3257.97607241 3239.11310935], 480.0
[3268.38496194 2513.20506608 2443.37347269 4291.03030529 3335.21087966
 3335.18792815 4184.28931732 3249.66704049 3243.85286736], 480.0
[3261.73592501 2500.20370188 2437.5257637  4291.27358847 3335.26999917
 3334.32942467 4181.35597415 3253.76363497 3228.04593797], 480.0
[3259.33246274 2493.9150111  2424.94789037 4291.72354355 3336.34024177
 3334.28081098 4183.43607059 3258.18288178 3227.0544342 ], 480.0
[3249.43101833 2480.2986284  2415.36342769 4290.78907623 3336.4596828
 3333.49878349 4175.75138979 3256.20201287 3223.33226261], 480.0
[3273.65624273 2513.09906461 2448.49309044 4290.81093369 3335.74899697
 3333.48700404 4178.57058368 3251.73357806 3226.27938957], 480.0
[3342.67597575 2536.41553609 2438.16048203 4299.81604128 3342.36506963
 3346.38285747 4221.04480591 3277.4193686  3274.60625725], 480.0
[3341.00450463 2537.1369467  2443.23711345 4299.92646294 3342.50392246
 3346.09570732 4218.7616611  3274.73145766 3276.37037296], 480.0
[3334.53931236 2538.76099994 2445.193735   4300.15433998 3341.85392284
 3345.62378788 4219.47470312 3276.72207108 3277.04004588], 480.0
[3349.74174874 2557.09512222 2466.74823333 4300.43988457 3342.11716337
 3345.54719582 4218.57438517 3278.37722716 3276.18622046], 480.0
[3343.55290172 2558.83901315 2464.4349714  4300.42999258 3341.46074777
 3345.7967484  4219.46440582 3276.84193444 3278.16515913], 480.0
[3327.88262024 2530.20937612 2430.42898282 4300.37983122 3341.88293171
 3345.62441401 4221.04227624 3274.88265567 3280.45015149], 480.0
[3342.66995156 2546.05051687 2452.94889523 4299.85574436 3342.05904918
 3345.27211127 4221.52587419 3273.23807793 3279.95390382], 480.0
[3344.31416314 2546.79379208 2458.54201832 4299.6378212  3342.30314512
 3345.4629251  4221.2377511  3274.64674444 3281.92795095], 480.0
[3344.85482132 2545.59607019 2457.22481122 4299.72860413 3342.03055887
 3345.13847866 4218.82782264 3275.9681057  3282.81924567], 480.0
[3341.96286368 2539.28240581 2454.62458527 4299.36570377 3342.09132919
 3344.97875118 4213.92691398 3271.54504604 3284.79174981], 480.0
[3331.89097695 2526.83005369 2446.10842251 4299.14307814 3342.00012937
 3344.49606261 4211.56453314 3271.30535488 3283.42549195], 480.0
[3335.85453897 2536.0322058  2449.49089092 4298.84468918 3341.20330014
 3344.5811029  4207.87251287 3267.90737205 3286.17270274], 480.0
[3334.53658423 2535.57632732 2449.40199654 4298.92777939 3340.81310983
 3344.84600101 4208.13515296 3267.24809098 3291.86727743], 480.0
[3345.85624504 2547.33920963 2465.68616285 4298.39523277 3340.39261265
 3344.637113   4205.27091126 3260.21431284 3294.8620398 ], 480.0
[3357.2458693  2561.28414018 2483.77170591 4298.01682281 3340.53139453
 3344.65798445 4199.1983551  3256.7789803  3294.92518001], 480.0
[3349.44996042 2553.31558223 2472.6677068  4297.14324427 3339.90240808
 3344.0872035  4194.99396949 3259.24227672 3289.50622115], 480.0
[3351.06327503 2564.93690376 2486.13928131 4297.29195604 3339.59765539
 3343.20828924 4196.13702679 3257.5248919  3285.43396802], 480.0
[3343.56930797 2545.18479812 2463.69161777 4296.85987625 3339.58961492
 3343.52569237 4200.51289063 3263.44547019 3286.2637794 ], 480.0
[3347.66364391 2551.81521227 2469.66257014 4296.33802814 3339.74350247
 3343.20054131 4197.60616074 3261.24995651 3284.11218042], 480.0
[3347.01271617 2555.05998762 2471.82284135 4296.60204134 3339.2758831
 3343.05954409 4200.24451461 3253.5674799  3280.35449533], 480.0
[3347.03467834 2558.47994654 2478.08887039 4295.86378784 3339.16238966
 3342.89819584 4196.29060941 3255.05608978 3282.42107759], 480.0
[3329.06218386 2536.7557864  2447.95921016 4295.8074398  3338.80592508
 3342.37817183 4200.2632412  3255.95263457 3282.19252529], 480.0
[3332.42253859 2544.98691199 2459.5617301  4295.64792976 3338.6150692
 3341.82030363 4194.93904157 3253.77834969 3283.46835413], 480.0
[3335.37624147 2552.33571227 2468.42453399 4296.02204456 3339.28592587
 3341.74828835 4196.55415888 3249.84779587 3283.95689888], 480.0
[3347.38815949 2570.02211943 2485.22609509 4295.94926271 3338.96524715
 3341.32470469 4191.24330893 3247.55922661 3284.63572202], 480.0
[3343.80969388 2562.99730599 2474.35561258 4295.39692411 3338.46186223
 3341.56980686 4192.84213562 3244.62246866 3283.84130926], 480.0
[3342.58546877 2564.54481361 2476.80821797 4295.80788546 3338.31917558
 3341.22832937 4195.70378742 3242.11968737 3281.11698318], 480.0
[3334.2583735  2552.89151709 2459.95628663 4295.86821318 3338.40773563
 3340.79909749 4192.74465547 3242.09487877 3279.5722014 ], 480.0
[3340.94339824 2565.46474657 2466.50725161 4295.63371582 3337.97038035
 3341.06743107 4187.94216762 3249.024721   3282.11233048], 480.0
[3330.97648633 2553.82373104 2453.00399815 4294.97410822 3337.05130405
 3340.80110488 4186.17913203 3244.31201768 3278.76074824], 480.0
[3324.02809808 2553.93771882 2450.5415723  4294.58492556 3336.77564192
 3340.30717373 4179.37229877 3248.34707165 3279.12271028], 480.0
[3317.12600489 2549.37291825 2447.45403134 4294.62370872 3336.49321566
 3340.49235191 4178.54805622 3254.28020296 3277.2222116 ], 480.0
[3337.01682997 2576.63055027 2478.21122437 4294.21325226 3336.31218381
 3339.55900416 4180.37572203 3246.96958227 3279.10114698], 480.0
[3323.93503184 2551.01936998 2452.83027954 4294.28979187 3336.0743196
 3339.82406192 4176.28060241 3243.09900346 3282.38165269], 480.0
[3341.42857749 2578.27585211 2476.53721279 4295.04693785 3336.01341085
 3339.9830894  4187.29029694 3247.55730076 3283.68944659], 480.0
[3331.78083928 2568.91670613 2470.47713886 4295.69456749 3336.26371598
 3339.71681409 4186.07638402 3244.1357687  3280.55118918], 480.0
[3341.11202443 2579.6114608  2479.36659634 4294.72846937 3335.67195115
 3340.07784801 4177.73936119 3237.87010174 3283.40890083], 480.0
[3349.4057379  2594.24734001 2494.64333987 4293.64941788 3335.45421023
 3339.31479902 4175.62730694 3236.180476   3280.36817942], 480.0
[3340.78613484 2581.55211117 2474.63146131 4293.70245857 3335.10497503
 3338.31613474 4172.45178957 3239.51212454 3276.70587745], 480.0
[3328.58977239 2569.01357441 2460.39936994 4293.57322884 3334.22276978
 3338.48739643 4172.4306046  3240.0681354  3275.92985244], 480.0
[3340.20990794 2580.9878345  2472.37594023 4293.79883299 3334.52101293
 3337.9340291  4172.67163    3239.84251547 3273.96225252], 480.0
[3347.53340199 2591.80306597 2492.16431723 4293.52047729 3334.43898125
 3337.84309535 4176.23559752 3233.79584355 3270.67915983], 480.0
[3348.10507846 2593.75263236 2495.49786729 4293.71382742 3333.77120357
 3337.65637503 4176.72919035 3230.54316702 3270.26035061], 480.0
[3337.95352182 2583.89116833 2480.61078515 4293.2936801  3334.0056869
 3337.92086296 4175.53824739 3234.67282901 3272.26318383], 480.0
[3343.52307699 2593.6702214  2495.21025192 4292.55135345 3334.03604989
 3337.4272048  4171.90360284 3230.8695785  3269.96383314], 480.0
[3337.5200633  2588.34857802 2488.29420118 4291.7527771  3333.72113185
 3337.18229594 4172.48808036 3235.39615788 3265.72249546], 480.0
[3338.16744597 2591.44587367 2489.83888073 4292.32459621 3334.02324829
 3337.26834793 4176.09997463 3239.66393023 3260.76044126], 480.0
[3332.80719569 2588.92773678 2493.60622481 4291.69923553 3334.37391958
 3338.20058746 4170.71451945 3243.27144318 3263.42766886], 480.0
[3311.36564183 2561.79112301 2460.47417188 4291.03674021 3333.38513021
 3337.87930112 4166.03887572 3240.05535765 3257.91917739], 480.0
[3320.49969265 2570.57076435 2471.59701966 4290.9240365  3332.6456471
 3337.12160273 4160.24793506 3236.32469821 3255.1733079 ], 480.0
[3329.83791203 2592.09441707 2500.40910625 4290.94164782 3332.4373486
 3337.2448997  4160.01301789 3239.35705957 3261.04953074], 480.0
[3327.77565069 2597.14852738 2510.32059563 4291.40286827 3332.106109
 3336.81510401 4163.72482562 3233.43944883 3260.57892261], 480.0
[3326.08527145 2595.65912971 2512.89489264 4292.14185953 3332.90732455
 3337.02119141 4167.02330289 3239.23614955 3258.6586225 ], 480.0
[3309.93802996 2569.60832312 2478.78028595 4292.30657444 3332.30475039
 3336.88567677 4163.3116437  3236.38262353 3257.04964914], 480.0
[3312.09617641 2569.80150602 2488.5799678  4292.44692936 3332.21261182
 3336.48287044 4165.73229504 3233.91904378 3252.83098311], 480.0
[3316.75735745 2580.78143232 2506.47252533 4292.89944668 3332.07190747
 3335.89392071 4169.73556128 3235.45756383 3250.55783048], 480.0
[3304.08858435 2571.00069358 2503.18897824 4292.85749378 3332.1854322
 3335.78922424 4169.66703806 3236.69792261 3249.66947708], 480.0
[3320.6730864  2601.05013678 2542.07247155 4293.40266409 3333.22444839
 3335.32327881 4178.88632317 3236.31105137 3250.81885848], 480.0
[3308.32430201 2582.51195216 2518.10062157 4292.83509407 3332.88916521
 3334.88153353 4177.81792111 3235.10578184 3245.69422021], 480.0
[3307.63091648 2573.892466   2508.64999489 4293.04908552 3333.37880316
 3335.23559656 4177.84048033 3234.75605812 3246.4044045 ], 480.0
[3754.37519097 2998.56760292 2860.56066833 4219.57212381 3251.08428946
 3289.41549525 4017.26994143 2975.82445226 2964.47612312], 480.0
[3761.90865207 3004.32492142 2885.45749927 4221.16409874 3253.65443339
 3290.66601014 4022.74815412 2986.10905864 2971.94213849], 480.0
[3763.84693952 3008.28220034 2885.38972092 4221.46436462 3253.85907679
 3290.77167263 4019.51526394 2989.65263207 2965.05549026], 480.0
[3757.07867045 2998.59010739 2861.08604913 4220.17166224 3251.09600534
 3289.09164176 4021.09197693 2984.11989944 2957.61919258], 480.0
[3763.4571353  2999.0774322  2880.58572378 4220.79728565 3253.14793634
 3289.86814618 4016.87046165 2995.12633977 2962.91111429], 480.0
[3763.65348902 2998.66429849 2875.14342771 4221.14491749 3253.11469078
 3289.48038278 4018.64108782 2980.60977881 2958.85925555], 480.0
[3761.57632227 2995.85367284 2887.29555173 4221.40055914 3253.25318327
 3289.54192181 4023.06409388 2982.73383436 2964.85282753], 480.0
[3758.05250554 2984.42296205 2873.66609874 4220.52407131 3251.43138695
 3288.22747173 4018.12207828 2976.86264021 2957.70271729], 480.0
[3760.31101665 2988.74335866 2881.96496806 4220.87498579 3252.243221
 3288.49947824 4022.18543715 2981.92830555 2966.64897797], 480.0
[3762.1136066  2991.92791967 2881.07399492 4220.54810934 3252.28943191
 3288.29751935 4019.1539319  2983.31497626 2956.19413247], 480.0
[3756.9739193  2982.96936159 2881.17855487 4220.18014736 3251.85439391
 3287.53262644 4018.49289298 2980.92691574 2965.45932732], 480.0
[3762.77737236 2983.15373211 2892.68049979 4220.34937897 3253.32139173
 3287.97923369 4021.59800673 2989.58052564 2965.85448596], 480.0
[3754.29936895 2977.35415521 2874.46563249 4218.88360138 3252.37456298
 3286.9255949  4013.30991297 2986.44296846 2962.60605643], 480.0
[3754.72685533 2984.24220243 2874.79095111 4218.75911007 3252.5844707
 3287.48851805 4015.35035748 2982.70015416 2965.58186688], 480.0
[3757.23982759 2980.85977287 2877.0229353  4219.31412268 3252.38951349
 3287.75887451 4022.79322324 2991.23506513 2967.46933229], 480.0
[3754.58754377 2981.22320571 2876.73005648 4219.34665127 3251.67801208
 3287.24399123 4016.61402884 2978.77046888 2970.39173453], 480.0
[3749.46810093 2979.635321   2870.14059319 4219.44476366 3251.12345834
 3287.00338545 4016.86406188 2977.57267067 2969.86610413], 480.0
[3749.77325234 2984.39674315 2874.04074759 4218.71900883 3251.9765687
 3287.73811617 4011.40366936 2985.18853142 2969.78808075], 480.0
[3747.72549405 2981.77332911 2862.69582391 4218.62164268 3250.94269781
 3286.99346833 4011.79705224 2980.11660521 2968.13897412], 480.0
[3747.62433729 2978.0418766  2870.17881503 4218.82375956 3251.66512752
 3287.08595753 4012.61843348 2976.28733237 2961.5917562 ], 480.0
[3747.07146983 2980.14509916 2875.61648922 4219.62682495 3252.43589182
 3286.58271093 4013.09141622 2983.96831777 2963.83508756], 480.0
[3749.05646482 2976.22753358 2866.80251532 4219.16724987 3251.41264858
 3286.59090395 4004.42093816 2978.64425499 2961.96562822], 480.0
[3744.98715053 2977.88972793 2865.72541032 4218.86244202 3250.96261897
 3286.27589068 4001.28853264 2985.04867404 2958.48115   ], 480.0
[3747.07025261 2978.79673686 2868.55670938 4219.05988417 3251.10344758
 3285.85628839 4011.43285327 2983.29179351 2965.74905887], 480.0
[3740.55001578 2979.4486639  2859.07518969 4219.25160303 3250.92911539
 3286.03578706 3999.20733118 2973.58861241 2957.55536437], 480.0
[3746.62782016 2979.45619168 2869.78685465 4218.71874437 3251.75274582
 3286.27300849 4003.23697543 2980.6984766  2957.40340207], 480.0
[3746.76215906 2979.78510413 2873.3396821  4219.39267473 3252.11239171
 3286.00965562 4003.10816479 2984.60860379 2956.13421519], 480.0
[3743.81145415 2982.86157503 2870.33544197 4219.7708765  3252.00491309
 3285.87452674 4003.7695632  2977.54284635 2957.48634887], 480.0
[3747.75004692 2992.2398191  2882.9741096  4219.63644342 3253.74633989
 3287.12415776 4002.32300553 2982.89764581 2961.15432842], 480.0
[3741.98362656 2987.04297752 2863.78216691 4218.92244482 3251.94031997
 3286.3953505  3995.83404603 2981.78095849 2959.85856888], 480.0
[3742.44844718 2984.22680717 2865.86509528 4219.10934839 3252.15252275
 3285.77422981 3996.96199064 2985.45582876 2964.20322323], 480.0
[3738.21505141 2977.91932931 2856.02965913 4218.08378401 3250.70262151
 3285.52314706 3996.96899729 2985.18340819 2960.23006837], 480.0
[3733.53398619 2974.95685678 2851.19918437 4218.70995464 3250.49855103
 3285.19570074 3999.56387496 2984.57001128 2951.81962624], 480.0
[3734.06399536 2972.89138513 2856.99275541 4218.08561382 3251.39416156
 3285.32474079 3994.65525193 2986.79270167 2964.35371673], 480.0
[3738.13943686 2975.21671476 2861.32506056 4218.31067276 3251.57238345
 3285.08605599 3994.43204255 2990.73971539 2962.23810747], 480.0
[3733.12726364 2968.90133257 2850.18090906 4217.86397181 3250.4483861
 3284.04918661 3993.75260859 2986.79626222 2961.13616509], 480.0
[3734.9123939  2967.92275724 2854.00177574 4218.1982707  3251.1917851
 3284.14589524 3996.08160167 2981.33596866 2964.41584287], 480.0
[3737.7480896  2975.62483921 2858.57025409 4218.35478592 3252.07469153
 3284.85561604 3992.87863984 2989.02474864 2964.37960682], 480.0
[3732.08864079 2966.79049006 2855.25964684 4218.18014402 3250.92437997
 3283.73026071 4001.96835923 2990.02939501 2969.72197847], 480.0
[3735.36243839 2963.47381043 2860.80561504 4218.49638329 3251.35629082
 3283.42039285 3993.83174214 2990.53502986 2959.28142691], 480.0
[3732.07010918 2955.36469851 2853.5842556  4218.28412809 3251.11182752
 3283.0067224  3989.51982322 2987.64997945 2964.61791019], 480.0
[3730.05932546 2958.31369429 2868.22560296 4218.37543182 3251.56525435
 3283.06820869 3992.62130775 2987.04428687 2959.70860567], 480.0
[3725.71039681 2959.07046304 2872.69382429 4219.04476748 3252.74022312
 3282.78128958 3987.78244586 2990.57750034 2960.93426194], 480.0
[3729.19643769 2955.16093102 2873.33797297 4218.58626356 3252.63318305
 3283.04725304 3990.46254959 2985.02284117 2953.86397479], 480.0
[3726.9549407  2965.40511556 2867.40528674 4217.67377806 3251.65426683
 3282.95240779 3994.04941902 2979.19630272 2952.87770911], 480.0
[3724.17523251 2965.11318889 2862.31056695 4217.45397434 3251.53311996
 3283.29296079 3989.44586506 2974.30863149 2947.53763666], 480.0
[3725.5581244  2962.68832965 2859.13598247 4217.23645296 3250.61298828
 3283.22177844 3997.70657516 2975.35682881 2952.96697855], 480.0
[3723.53526702 2963.41145387 2862.13090119 4217.62831726 3251.20965586
 3283.36396899 3997.06034107 2985.9246104  2959.18479588], 480.0
[3727.09449453 2967.15831218 2872.76865211 4218.21583462 3252.07490139
 3283.14044795 3995.36512041 2983.05699933 2945.97989838], 480.0
[3724.77388978 2968.26768169 2866.76090283 4218.08667679 3251.15588908
 3283.65952973 3993.90110416 2980.51033115 2947.74903436], 480.0
[3724.54946322 2969.09422936 2866.51466646 4218.1768343  3251.19910665
 3283.42686357 3990.21805372 2984.38193247 2945.84762902], 480.0
[3727.12653098 2966.97488351 2876.81131883 4218.59673166 3250.63301044
 3283.39676094 3991.58850489 2989.80311222 2943.81262693], 480.0
[3720.50588107 2962.20828009 2865.48960791 4218.27248907 3249.87077999
 3282.58009505 3990.2508606  2983.41873095 2944.83772252], 480.0
[3722.7408565  2965.73075142 2871.36776094 4218.42222719 3249.40963054
 3282.86509743 3982.52407761 2983.83514018 2951.47393613], 480.0
[3719.66869736 2972.09588547 2882.76264868 4218.52713146 3251.02884221
 3283.48037128 3985.04016309 2984.41554377 2952.1604537 ], 480.0
[3719.86561866 2973.37743611 2885.7754807  4219.07409067 3251.09002428
 3283.63647261 3979.22593298 2979.74528472 2954.06877038], 480.0
[3716.41904387 2967.27745414 2890.07240033 4218.72323198 3251.36405931
 3283.90296102 3977.06319046 2976.89357629 2953.19123609], 480.0
[3718.14672995 2974.28902006 2894.02671833 4218.48568592 3251.49348974
 3284.13001776 3980.3247283  2974.95684993 2958.43467116], 480.0
[3715.52713652 2978.97310028 2900.88215961 4218.98032923 3251.77266531
 3283.97995796 3968.49113474 2981.89243178 2954.55586662], 480.0
[3717.68822961 2974.44567795 2896.59648147 4218.15119791 3251.02682662
 3284.2627234  3967.4098455  2971.35176072 2960.91062617], 480.0
[3530.89266658 2956.5069777  3034.40964503 4215.93680553 3274.16920252
 3258.23837271 3971.48168077 3005.13572609 2904.91685729], 480.0
[3532.98076391 2954.8335197  3030.9479887  4216.45491848 3272.67324247
 3256.79527011 3965.4009696  3001.52493126 2894.48701303], 480.0
[3536.10257916 2958.82467828 3032.61758361 4216.89118519 3273.57087326
 3257.37288756 3963.68139338 2998.04062192 2895.09268625], 480.0
[3534.26860647 2955.71470451 3033.13371835 4217.58343678 3273.88906164
 3257.90146232 3963.0938139  2997.85411246 2908.63354597], 480.0
[3528.22967348 2953.9342195  3033.09413066 4217.30363436 3273.7276948
 3258.09525886 3954.44912157 3000.60953062 2908.30396848], 480.0
[3529.45870271 2950.04454618 3031.16778827 4217.8261919  3272.74895945
 3257.49924922 3965.16863565 2992.61492126 2907.43830067], 480.0
[3531.43782544 2945.75431428 3028.16015768 4217.98107996 3271.594418
 3256.64646492 3970.62023492 2983.78262703 2891.63989092], 480.0
[3530.21079874 2952.6486517  3026.35850363 4216.89274206 3273.52000709
 3257.91831636 3954.63117933 2995.96165075 2902.1236675 ], 480.0
[3525.11228194 2953.18519244 3029.20335765 4216.44109917 3272.23951592
 3256.77013483 3955.45179887 2991.90154676 2904.50136766], 480.0
[3525.56588998 2958.78056607 3027.60151944 4215.89314137 3273.41097531
 3256.8943471  3948.78351173 3003.34786372 2898.52430463], 480.0
[3527.9152473  2958.60542474 3030.10866227 4215.74129953 3272.87362604
 3256.89433813 3956.62176189 2998.23201785 2897.11289397], 480.0
[3524.414326   2956.3556221  3032.3624433  4216.03702784 3273.67904353
 3257.62421293 3955.58915014 3002.54265919 2916.06108205], 480.0
[3525.03031936 2950.51224728 3028.8560173  4215.85239344 3272.42556324
 3256.94245672 3946.22523804 3001.20317628 2897.78303809], 480.0
[3520.49082384 2951.54027634 3031.37760935 4216.12883358 3273.44384336
 3257.76044259 3950.80558825 3000.20813344 2901.28731065], 480.0
[3523.96035304 2953.24348726 3029.62533097 4216.13690071 3273.27308745
 3257.86754556 3941.79943929 2995.85196509 2896.70866498], 480.0
[3519.85791082 2952.46062837 3026.51054282 4216.38651943 3272.68969178
 3257.67712231 3952.43050146 2989.90531619 2896.34880244], 480.0
[3517.61478171 2956.68267837 3026.59119468 4215.91557817 3273.64807863
 3258.21088247 3944.95112414 2993.53077259 2890.22931948], 480.0
[3523.41200471 2954.09899688 3025.29941268 4216.45773993 3272.03195558
 3257.37877727 3958.68233328 2993.05088148 2886.26741267], 480.0
[3524.7269362  2956.69279528 3025.04502573 4216.17463131 3273.06782722
 3257.81000423 3950.31501117 2994.16596997 2891.74466438], 480.0
[3531.7365757  2952.19512477 3024.11079855 4216.50465117 3271.30571122
 3257.02504563 3954.05610681 2994.40130742 2891.30348022], 480.0
[3525.86722107 2962.0986248  3025.99858041 4216.18988905 3273.77072897
 3258.73967543 3950.4748971  2991.09353285 2903.93152354], 480.0
[3530.03079529 2962.33005652 3026.47592969 4216.18474588 3273.37316742
 3258.15345039 3950.13392711 2993.78112407 2895.18711252], 480.0
[3532.08246303 2960.75011215 3024.58591156 4215.7277359  3273.01737576
 3257.91181517 3949.30182509 2986.16327012 2889.95542827], 480.0
[3537.35787129 2955.48643041 3025.18099575 4216.33539734 3270.7500895
 3256.45077105 3953.1519989  2980.71514432 2872.42348509], 480.0
[3535.83479061 2951.46874509 3020.75792732 4216.46264572 3269.95838113
 3255.2845592  3940.94985552 2972.71725774 2862.01895161], 480.0
[3531.43745079 2957.34692922 3021.70744061 4215.87085552 3271.92727971
 3256.90845318 3940.5406703  2979.38378882 2870.92463919], 480.0
[3538.90864611 2959.29481125 3019.91795082 4215.68328695 3272.35514841
 3256.6877697  3938.72866831 2981.19818387 2880.24345279], 480.0
[3536.87542539 2956.97457118 3019.17018185 4215.50138378 3271.8283277
 3256.13184943 3935.49756637 2980.6539346  2876.16326399], 480.0
[3534.99847112 2955.09583178 3024.59851451 4215.69732542 3271.26549215
 3255.61296148 3941.59390278 2968.55381863 2869.03393947], 480.0
[3530.71188822 2963.15078673 3026.14169288 4214.96810875 3272.77561402
 3256.65102706 3936.73162165 2975.36472592 2879.96335435], 480.0
[3533.66832738 2959.39381423 3021.63437572 4214.95997667 3272.29503455
 3256.24645157 3938.13721471 2971.03772936 2877.19345243], 480.0
[3534.33101759 2957.61089964 3022.67233925 4215.23053474 3272.0797555
 3256.32475352 3930.45303969 2973.96184497 2868.4118525 ], 480.0
[3534.5961761  2960.10272894 3020.71059394 4214.70835915 3272.52819114
 3257.31179123 3934.5974009  2978.75982795 2885.40726053], 480.0
[3535.96377449 2955.25701075 3022.20145979 4215.23970537 3270.97218604
 3256.21032772 3938.86874895 2975.5389657  2867.68771846], 480.0
[3535.67791295 2958.27543087 3022.10979352 4215.50973206 3271.30106826
 3256.13588352 3924.86819468 2975.44297757 2859.69425042], 480.0
[3534.54721904 2954.68612919 3021.7170599  4215.60466919 3271.1865973
 3255.67252145 3935.86538711 2976.89417551 2867.47551322], 480.0
[3531.00138884 2962.48516016 3019.93482585 4215.59622889 3274.05783362
 3257.55608277 3916.25891905 2983.53158691 2871.09695075], 480.0
[3529.63921084 2962.93619146 3021.72176676 4215.57797499 3273.920612
 3256.7560842  3924.09503932 2975.16217713 2879.77032043], 480.0
[3526.61486716 2954.63394575 3020.43101139 4216.09243708 3272.9692565
 3256.06864328 3921.71743975 2978.60358469 2866.6832044 ], 480.0
[3526.9673079  2946.98440528 3021.1222878  4215.48585005 3271.34618835
 3255.77443647 3929.77731481 2979.3590081  2861.35027648], 480.0
[3528.87757521 2945.41744852 3018.45535173 4215.60691576 3270.81013446
 3254.69428148 3928.10351567 2976.00413477 2850.38626277], 480.0
[3527.85603418 2957.20696759 3015.83315191 4215.05768805 3273.31938114
 3255.92605367 3927.98879948 2973.81969438 2861.74308835], 480.0
[3531.99305959 2948.33580036 3015.33794742 4215.17119484 3270.64742608
 3254.34721198 3927.96064577 2984.20174382 2855.12935939], 480.0
[3527.4123333  2947.02699862 3013.47938418 4215.4351615  3272.27762198
 3255.30058794 3920.65679517 2975.02481308 2857.36436813], 480.0
[3527.627461   2944.62452979 3014.2422524  4215.7685277  3270.94165821
 3254.66756363 3921.92201576 2976.18261666 2852.3199559 ], 480.0
[3528.30449677 2943.94063826 3014.20948243 4215.61340752 3270.87869525
 3253.94256983 3928.69974451 2967.99924622 2843.79703902], 480.0
[3521.19685159 2952.84734178 3010.61641874 4215.25434389 3272.07897716
 3254.92681117 3918.13087358 2971.70866146 2856.76762112], 480.0
[3520.68607249 2953.67344608 3008.43369236 4215.12756786 3272.53968444
 3254.79204597 3913.81752477 2973.39573846 2862.91303301], 480.0
[3520.72699175 2953.34975805 3007.1805285  4215.32837467 3272.27719002
 3254.83542795 3917.05497003 2972.9171356  2859.35597825], 480.0
[3524.11516662 2957.91377735 3006.91125703 4215.18981419 3272.09192643
 3254.94499884 3912.53926702 2972.6272799  2853.18626077], 480.0
[3522.61050158 2966.6977716  3006.50345387 4214.54184685 3274.35560293
 3256.0961803  3906.5671154  2977.39670548 2872.59389328], 480.0
[3522.77380514 2954.35546489 3004.71970758 4215.26990232 3271.18698711
 3253.70766392 3910.53325062 2976.26076882 2846.40172253], 480.0
[3521.99283023 2957.70147538 3008.78989539 4215.70067616 3273.10167036
 3254.74239092 3908.23876672 2981.97670798 2860.35604621], 480.0
[3521.89537778 2958.27894659 3010.01390033 4215.42158489 3272.99778323
 3254.91243215 3914.09636011 2979.35948966 2858.95867316], 480.0
[3526.83666878 2952.05254292 3008.56830688 4215.56345158 3271.24531698
 3253.41653695 3905.47530184 2965.96447687 2837.36592293], 480.0
[3522.3830246  2951.31291461 3005.58083897 4214.98971786 3271.60436668
 3253.38022857 3898.23032298 2961.82596543 2831.52616594], 480.0
[3519.5290832  2955.33662229 3003.50040441 4213.93501749 3272.39928722
 3254.35942326 3897.75783095 2966.77983997 2847.499787  ], 480.0
[3518.7205441  2959.44638176 2999.26902905 4214.17283401 3271.9864305
 3253.44102135 3887.88748817 2952.37502601 2826.50869262], 480.0
[3519.22803884 2957.52603803 3005.53689985 4213.60267563 3271.22875032
 3253.08188987 3904.97890825 2962.92504923 2832.91396375], 480.0
[3513.3277565  2961.98983102 3002.1421114  4213.66979475 3272.61658621
 3253.86725802 3889.1163178  2956.801085   2840.42462189], 480.0
[3327.94185565 2490.17683415 2409.45664132 4300.05127144 3340.07945561
 3340.04911523 4226.92172956 3257.37465849 3272.01149611], 480.0
[3334.12832043 2494.54295888 2422.22936449 4299.68940248 3339.8762814
 3339.85608907 4225.26578164 3261.07179117 3269.47811637], 480.0
[3323.14112146 2480.057039   2402.5969916  4300.07605648 3339.61059151
 3340.26105576 4223.57696681 3260.86439719 3269.37576332], 480.0
[3332.99074137 2495.84733872 2419.99755001 4300.14212723 3339.38212686
 3340.72413821 4225.11371794 3256.26951342 3272.380475  ], 480.0
[3325.40363243 2494.67418416 2422.93482533 4300.69451742 3339.26999016
 3340.87209449 4230.62032261 3254.32154708 3274.40651798], 480.0
[3304.85982058 2469.34793949 2392.0208162  4300.1117362  3339.2799305
 3340.37845702 4230.47964654 3255.0876215  3273.11506491], 480.0
[3324.25760071 2494.48199377 2422.28881092 4300.4530405  3339.31033063
 3340.17696176 4235.99039702 3253.96478505 3270.25719218], 480.0
[3332.75272362 2507.17645154 2439.26601449 4300.35324688 3339.44326067
 3340.02149434 4236.01591401 3251.28092566 3269.87362103], 480.0
[3333.33170564 2509.83931987 2439.16059418 4300.42747316 3339.35809112
 3339.8273355  4238.21075497 3254.35779696 3269.91952748], 480.0
[3312.36244807 2481.84128423 2411.49441578 4299.95817385 3338.68912644
 3339.09054189 4238.0236691  3250.99509511 3267.71216288], 480.0
[3326.52524233 2504.05506909 2434.32442528 4298.47500906 3338.56946926
 3338.30348897 4229.24048805 3252.125985   3267.6215673 ], 480.0
[3335.62545934 2513.88966784 2445.45321591 4298.28924866 3339.32880597
 3338.0199616  4226.86557465 3254.12335262 3269.19545116], 480.0
[3328.30161471 2507.02875021 2433.43157086 4297.90444326 3339.34326363
 3337.68342557 4229.0801373  3258.24845295 3267.77983923], 480.0
[3320.59772167 2498.1048537  2422.69439081 4297.77113581 3339.2261169
 3337.97320318 4233.91203675 3253.98810911 3269.68371563], 480.0
[3327.44255157 2512.74744313 2437.95246867 4298.03347082 3338.87532582
 3338.23074594 4234.70030265 3251.42186651 3269.80030971], 480.0
[3333.21445405 2517.48829763 2442.8502002  4297.54022636 3338.6949038
 3338.09093628 4234.50176721 3251.0270052  3266.36153522], 480.0
[3318.87800601 2503.35875494 2429.58021795 4297.44292755 3338.03092589
 3337.51238518 4232.28793325 3249.08922706 3266.55039272], 480.0
[3311.6180625  2493.48469617 2418.64269707 4297.37281322 3337.70012655
 3337.70721097 4234.82625751 3248.9780447  3269.42505622], 480.0
[3310.24432883 2495.11734679 2419.1539194  4297.74057407 3337.2783473
 3338.16111336 4233.71449327 3246.20945225 3265.83214822], 480.0
[3331.33997495 2526.80559275 2455.03719907 4297.99151354 3337.81503034
 3338.58496447 4230.69837041 3253.95589552 3268.12446785], 480.0
[3325.08679209 2516.64642739 2441.59287958 4297.33152018 3337.11251745
 3338.30406356 4230.00886779 3248.29432373 3265.33533449], 480.0
[3333.28817794 2526.86125851 2450.14795268 4297.10857592 3336.56864686
 3338.44333811 4232.82714486 3247.89484797 3266.93406973], 480.0
[3337.90043244 2529.82729056 2455.53591996 4296.89174328 3336.17898178
 3337.45510378 4231.94933453 3248.3714922  3264.59381752], 480.0
[3330.72154608 2520.32512743 2445.05003717 4297.15439072 3336.12985506
 3337.19805546 4228.78030491 3245.73537006 3267.23388886], 480.0
[3348.82950954 2539.88814251 2466.35355287 4297.282197   3336.35544367
 3337.69774737 4225.88551621 3243.84874144 3267.46733241], 480.0
[3328.40211413 2511.92884722 2437.60457065 4296.80230446 3335.70048385
 3337.42212582 4226.20244374 3236.99729719 3264.93901443], 480.0
[3343.99438705 2531.06771588 2460.59691961 4297.58262854 3336.56937394
 3337.04417081 4219.20603285 3244.42753062 3268.73411136], 480.0
[3351.39229038 2539.86878462 2464.61579843 4296.89900103 3336.31662455
 3337.6857707  4211.1476943  3247.63719082 3266.82342539], 480.0
[3345.6410661  2529.36502633 2451.13161428 4296.40312185 3335.93967214
 3337.74305215 4212.77927141 3249.64284296 3268.12896495], 480.0
[3356.48390377 2547.58157029 2469.22237525 4295.63749037 3335.39912271
 3338.1940073  4207.2918335  3246.15436845 3270.54022365], 480.0
[3343.60777359 2535.20265269 2450.19040737 4295.55859327 3334.21961513
 3337.87901063 4205.76183028 3241.45203853 3272.70507264], 480.0
[3351.15986879 2547.86819429 2461.10575771 4294.41436615 3334.03654032
 3337.72311206 4197.58968863 3240.37160554 3270.14777222], 480.0
[3348.65633156 2541.2116765  2456.56572077 4294.103339   3333.62704773
 3337.39852114 4194.43069983 3238.74304152 3273.10271392], 480.0
[3344.91071777 2536.1843632  2450.91261513 4293.15504532 3333.18493323
 3336.59640827 4184.21309276 3235.27265415 3271.31947889], 480.0
[3350.90275939 2545.60951865 2461.23558364 4292.21289406 3333.43452921
 3336.44816542 4183.45783877 3236.27336688 3267.73694167], 480.0
[3348.80012195 2551.54943123 2471.71624842 4293.12752485 3333.07731538
 3336.14915843 4190.99159694 3236.64863839 3263.30368276], 480.0
[3346.86367757 2551.66864698 2466.75863876 4293.02329617 3332.00545492
 3335.28075786 4192.69737692 3230.65977407 3263.01436572], 480.0
[3353.80279427 2567.93493218 2480.14088676 4292.47296124 3332.25590253
 3335.3692615  4192.86475153 3228.58436527 3260.92786598], 480.0
[3351.16460907 2571.63022733 2480.49711454 4292.15744114 3331.8729804
 3334.47520723 4195.2985065  3222.05130372 3264.23093534], 480.0
[3345.00534353 2563.53243732 2473.32330904 4292.01053629 3331.97659616
 3333.29610476 4192.61704383 3225.23795776 3261.11929522], 480.0
[3348.79991415 2568.53663585 2477.63295541 4290.87148705 3331.22540107
 3332.98251324 4181.10128627 3218.57168827 3261.01768899], 480.0
[3355.18386259 2580.61870394 2496.28644125 4291.09523373 3331.18286314
 3332.68089309 4181.64249415 3216.52266698 3255.87866216], 480.0
[3339.55533264 2562.69290864 2478.45201216 4290.77195148 3331.0401207
 3332.22609262 4182.87776093 3217.10518694 3254.65533237], 480.0
[3340.39929836 2562.21188424 2482.97412167 4290.04184599 3330.6686913
 3331.5917026  4176.7437489  3210.82010026 3253.91403332], 480.0
[3333.54674737 2547.25632253 2468.13619604 4289.86396894 3330.5697711
 3330.83024573 4172.6836587  3211.82447648 3256.37710776], 480.0
[3348.99423556 2573.07673807 2498.69291933 4289.98898306 3330.75378318
 3331.70118394 4176.18669291 3211.87254038 3255.86521025], 480.0
[3355.4259285  2581.89364209 2508.8124445  4289.24879103 3331.31188841
 3330.47144828 4173.96017861 3211.22986698 3252.85082364], 480.0
[3345.85538914 2573.11499686 2503.72852285 4288.88619614 3330.94483218
 3329.77342978 4171.31456094 3207.46543856 3253.38605714], 480.0
[3344.3805918  2571.61383066 2501.17733736 4288.21003904 3331.19723992
 3329.52304149 4163.29716649 3205.34495044 3254.2586463 ], 480.0
[3348.03789649 2576.71020563 2506.53822489 4288.00792236 3331.00617743
 3329.04223466 4165.2160511  3205.96446171 3252.07822027], 480.0
[3348.47272158 2581.2676126  2516.03462567 4287.11835756 3330.19909368
 3328.91970487 4167.64565482 3204.75288224 3250.80899782], 480.0
[3345.891102   2583.14027429 2525.99332361 4286.73086052 3330.04737716
 3328.17092199 4165.21472778 3200.86604562 3248.99559083], 480.0
[3339.78980949 2568.84752512 2513.13323045 4285.96216993 3329.54825206
 3327.9775053  4161.25178552 3205.28674445 3247.94361   ], 480.0
[3343.05965207 2586.89087031 2528.95426896 4285.91694736 3329.72665725
 3328.27499747 4155.60792208 3208.96469169 3246.6101315 ], 480.0
[3331.7387408  2568.95726025 2514.24444535 4286.08448448 3329.55331459
 3327.29000993 4161.19170208 3213.02699823 3244.84738584], 480.0
[3339.7872978  2590.91627223 2539.95640793 4285.70284538 3329.33588428
 3327.17050982 4153.66484623 3215.03564839 3243.68497772], 480.0
[3342.7405689  2588.92272873 2537.8568083  4286.55158691 3329.24262395
 3326.36263266 4157.16168375 3213.2035665  3242.10580406], 480.0
[3359.16128051 2611.71896398 2556.46385684 4285.78597469 3329.26470532
 3326.65998631 4153.49261527 3211.43702755 3237.88569522], 480.0
[3349.36822567 2596.30868702 2538.06873968 4285.33812838 3328.03090811
 3326.22868853 4150.94579096 3206.93555069 3238.2624083 ], 480.0
[3353.92385485 2599.12508962 2538.12820802 4284.95858536 3328.8635272
 3326.61848469 4145.37861738 3207.09315329 3239.45363064], 480.0
[3273.78634963 2419.33533243 2342.99825143 4319.48888073 3359.63512688
 3359.62863503 4301.46933994 3345.51101561 3345.65854025], 480.0
[3296.8742352  2455.20859263 2382.27529628 4319.52905102 3359.70558701
 3359.57588897 4301.57550116 3345.68869934 3345.72952132], 480.0
[3286.96962569 2436.62737887 2362.03272014 4319.56846933 3359.73558145
 3359.54471264 4301.65388222 3345.66161819 3345.66151295], 480.0
[3291.97483771 2445.52342134 2372.48634161 4319.53370161 3359.71046233
 3359.72838364 4301.55137053 3345.56218457 3345.78861165], 480.0
[3282.20659583 2431.15237215 2357.56037683 4319.63281879 3359.74403024
 3359.63023362 4301.56768522 3345.78324032 3345.60721941], 480.0
[3286.0930542  2436.52063431 2362.12427881 4319.60471191 3359.49623709
 3359.76561184 4301.677565   3345.61688256 3345.74670157], 480.0
[3292.72221112 2444.76002809 2369.07119193 4319.62643814 3359.67256365
 3359.64921422 4301.62739201 3345.66404257 3345.68394446], 480.0
[3300.52856188 2457.73214006 2384.79487257 4319.49562941 3359.76913762
 3359.60886807 4301.4685112  3345.78051062 3345.62072015], 480.0
[3266.36153009 2407.8432747  2330.76136477 4319.62076511 3359.86588407
 3359.78231068 4301.53040485 3345.78357787 3345.7275475 ], 480.0
[96m 
------------------------------- Initialization Stage ------------------------------- [0m
Number of Pareto optimal solutions: 77
[96m Selected Tasks: [0m
[96m objs = [3253.99354906 2398.25456283 2320.5502086  4303.57293549 3349.02434449
 3347.76949768 4217.47443604 3278.32273064 3287.28015637] [0m
[96m objs = [3726.29975114 3095.48897152 2872.63200514 4246.78667946 3273.30926061
 3308.7777411  4046.52613163 3020.10677037 3065.73058164] [0m
[96m objs = [3715.78391781 3043.54475818 2990.20352168 4226.02580032 3251.99383674
 3289.35577421 4065.72480307 2978.38618641 2965.84026517] [0m
[96m objs = [3713.34774342 2506.48442628 1956.62904512 4197.60990553 3264.90020709
 3255.08657928 3901.99487863 3036.61825428 2992.33510878] [0m
[96m objs = [3708.91455193 2479.51330223 1888.90862677 4196.42363377 3265.72956853
 3252.77068949 3906.93835621 3044.42549026 2992.90657799] [0m
[96m objs = [3657.28596983 3045.5313097  2933.04156675 4219.11437168 3252.88344913
 3282.93176036 4012.91810641 2948.62957301 3005.56898077] [0m
[96m 
------------------------------- Extension Stage ------------------------------- [0m
Starting the extension from iteration 0 to 20.
Sample batch size exceeded policy buffer size 200. Performing sampling.
Number of Pareto optimal solutions: 200
[96m Selected Tasks: [0m
[96m objs = [3266.57520297 2457.41366266 2359.27758776 4302.84029722 3349.13154178
 3348.35533624 4236.18630381 3302.19943509 3286.43751669] [0m
[96m objs = [3753.90909953 3034.4940064  2885.7163908  4225.45264254 3254.47248816
 3293.85726361 4041.83882241 2978.80421224 2995.18093338] [0m
[96m objs = [3321.22016213 2474.90537093 2399.77336344 4306.50906382 3344.50694036
 3348.39205017 4246.09046068 3280.6455039  3294.60142989] [0m
[96m objs = [3334.95322149 2503.63127816 2421.20194813 4303.25247803 3345.18409338
 3347.26291203 4232.77392149 3277.84508777 3296.19478908] [0m
[96m objs = [3456.84085407 2954.11377287 3107.53745189 4257.34951878 3314.42904387
 3293.80631008 4104.29157829 3126.55259478 3077.31186757] [0m
[96m objs = [3528.50747995 2955.96549788 3063.65634789 4220.35542707 3272.04543648
 3260.95749621 3977.25757704 3001.24216907 2915.21230161] [0m
Starting the extension from iteration 20 to 36.
Sample batch size exceeded policy buffer size 200. Performing sampling.
Number of Pareto optimal solutions: 200
[96m Selected Tasks: [0m
[96m objs = [3250.22414105 2430.71995218 2334.71254081 4302.74783754 3348.99856658
 3347.98687553 4235.9086668  3303.25406485 3280.83894515] [0m
[96m objs = [3729.7886909  2516.7362849  1976.47506213 4199.89929438 3264.59719167
 3253.21346173 3889.77933073 3035.54043629 2981.51154838] [0m
[96m objs = [3720.4771925  3033.67623944 2984.26450634 4225.53574619 3250.72497873
 3287.46853042 4061.4877872  2969.74810243 2952.57297161] [0m
[96m objs = [3712.32595577 3112.14534178 2893.80662737 4244.98920383 3274.99254441
 3306.79188275 4010.89154139 3037.61179008 3056.66474929] [0m
[96m objs = [3710.81971483 2492.58406389 1887.26967847 4194.7556344  3268.43926315
 3254.40261946 3897.67991166 3037.98048613 2991.68205686] [0m
[96m objs = [3709.67098379 2474.69240716 1874.65414064 4196.90883722 3265.5884697
 3252.13529925 3911.66225877 3045.70077026 2991.23846271] [0m
total time: 3266.004257917404
