[3293.58991237 2445.79165404 2373.14581113 4319.56046572 3359.74160728
 3359.69307189 4301.53356667 3345.86983051 3345.68065348], 480.0
[3284.65614302 2432.78315991 2357.71905448 4319.57180166 3359.62392826
 3359.71007934 4301.53433056 3345.69122367 3345.6993763 ], 480.0
[3276.08003147 2420.70133165 2344.97092433 4319.53231497 3359.67117572
 3359.71778417 4301.74577265 3345.787431   3345.67744484], 480.0
[3293.48650961 2445.17821733 2371.40156685 4319.54738607 3359.7884244
 3359.67854638 4301.62271299 3345.74529085 3345.77996087], 480.0
[3294.69914725 2450.33070151 2376.82596496 4319.60398827 3359.70241308
 3359.54192452 4301.72548819 3345.78535652 3345.58715334], 480.0
[3298.21771719 2452.73015867 2380.8932588  4319.58260355 3359.67999287
 3359.63489423 4301.71801605 3345.63839865 3345.66427174], 480.0
[3284.58522537 2434.39308311 2359.73457797 4319.70928583 3359.6775403
 3359.51737847 4301.74102306 3345.61531749 3345.5271193 ], 480.0
[3275.38959253 2420.65019091 2345.31838578 4319.57993689 3359.68036704
 3359.70456505 4301.5991251  3345.78796244 3345.85755095], 480.0
[3297.00135088 2452.8530452  2380.26972941 4319.49730492 3359.58106985
 3359.82528996 4301.50923986 3345.52611775 3345.73333759], 480.0
[96m 
------------------------------- Initialization Stage ------------------------------- [0m
Number of Pareto optimal solutions: 91
[96m Selected Tasks: [0m
[96m objs = [3248.75734708 2371.37245841 2276.85177465 4303.08834772 3346.88107977
 3348.67546329 4221.34493876 3268.57205153 3306.94916239] [0m
[96m objs = [3750.99162621 2518.09189894 1973.66545584 4201.88969975 3278.24708309
 3258.11558595 3881.64518199 3138.33176603 3032.37534974] [0m
[96m objs = [3533.22970862 3056.13689179 2959.48530393 4176.69671068 3265.74297676
 3279.20089202 3841.80125937 2949.75958459 3083.27471991] [0m
[96m objs = [3526.98157401 3066.6341537  2955.46570082 4169.89836426 3266.75211024
 3270.47212105 3826.55951142 2994.27459104 3076.32736883] [0m
[96m objs = [3765.24549308 2535.82013178 1942.65180437 4199.77221241 3283.30396276
 3260.03098493 3861.75538125 3124.00729351 3018.64472308] [0m
[96m objs = [3522.40274119 2969.64847426 3143.87593865 4235.50903358 3280.59807253
 3276.31366148 3996.64011278 3017.77231107 2946.78954222] [0m
[96m 
------------------------------- Extension Stage ------------------------------- [0m
Starting the extension from iteration 0 to 20.
[3259.06911681 2384.96379125 2294.81013336 4303.20410957 3346.5208952
 3348.39504604 4222.82070141 3267.97112627 3306.64143171], 480.0
[3251.07647967 2373.28167577 2285.6077372  4303.0943819  3346.70732813
 3347.78895674 4224.39188867 3272.74301682 3301.87229867], 480.0
[3259.48357682 2388.23350703 2305.51276855 4303.73764801 3346.81658845
 3347.70554037 4221.93263683 3273.50849705 3298.55289779], 480.0
[3267.02020929 2396.81212437 2312.20827172 4303.24390755 3346.8594276
 3347.59246259 4216.59130745 3273.06900606 3296.55086303], 480.0
[3256.91853745 2382.36418173 2300.99980651 4302.87390804 3346.71918383
 3347.81556139 4216.29497652 3274.28509059 3297.62681661], 480.0
[3258.86040132 2385.84989362 2304.32983037 4302.98543758 3346.63034835
 3348.26252866 4219.19684815 3270.24389615 3299.15571332], 480.0
[3266.42106726 2401.29938269 2317.10027328 4302.621276   3346.75990124
 3348.61004786 4220.68816371 3272.78655252 3300.19951196], 480.0
[3271.14988751 2410.90944788 2322.15872555 4302.29034357 3347.08762875
 3348.21216764 4217.65096955 3274.55679321 3299.32769608], 480.0
[3258.69854391 2393.21332507 2303.29448918 4302.59266129 3347.08862233
 3348.11385856 4215.3260108  3271.50625482 3296.44117889], 480.0
[3258.92488949 2396.75404283 2309.24413288 4302.12605705 3346.90453424
 3348.00601172 4213.99060578 3268.88691792 3293.18016324], 480.0
[3252.64853754 2388.49057807 2303.03031625 4301.87262583 3346.7859055
 3347.47557769 4216.31677747 3268.96825418 3290.12033916], 480.0
[3246.00393717 2373.96071947 2290.59800241 4301.60390596 3346.98116465
 3347.20747004 4214.16439276 3273.33529859 3289.63716559], 480.0
[3260.78317933 2394.17463971 2310.18993372 4301.59459934 3347.09456248
 3347.27132258 4215.24390335 3277.23538527 3293.16867499], 480.0
[3265.09135981 2402.22259499 2317.18592358 4301.89800005 3346.95836067
 3347.49504485 4213.52262855 3278.06861434 3293.2658762 ], 480.0
[3239.0369977  2363.7119719  2273.56404744 4302.10063105 3347.20935354
 3347.14984498 4216.36028872 3280.43967347 3293.68718557], 480.0
[3252.00203249 2381.84221452 2293.57877482 4302.02971458 3347.06205306
 3347.20269089 4217.88873072 3279.69015541 3292.03885679], 480.0
[3266.09791846 2395.82751347 2308.59325946 4301.94859056 3346.75551257
 3347.19806623 4218.72855654 3283.39386768 3291.66987538], 480.0
[3267.13733234 2399.68495066 2309.67875582 4302.18143568 3346.60805974
 3346.72216544 4221.26724582 3284.40633149 3292.8744597 ], 480.0
[3277.0462014  2412.33256524 2318.21670507 4301.86806545 3346.66714621
 3346.69650578 4218.12789946 3285.07912006 3296.48633847], 480.0
[3254.88050456 2375.05216874 2276.37478439 4301.4203392  3346.45485797
 3345.76384563 4217.50359168 3285.96257024 3295.40001607], 480.0
[3263.67855978 2387.37213373 2290.86397548 4300.70972881 3346.18766236
 3345.90059438 4214.53013396 3282.97705364 3296.77270074], 480.0
[3283.58870158 2416.62053177 2319.96489162 4300.27673178 3346.39748039
 3345.86469698 4213.63987651 3287.29011064 3295.98615251], 480.0
[3269.03769701 2397.42707238 2298.70856459 4300.09514894 3346.12133656
 3345.88666468 4215.11526504 3287.50163751 3296.11794925], 480.0
[3277.16852684 2406.00193876 2305.64071121 4300.11905375 3345.65775375
 3346.00654759 4214.44427843 3285.38702588 3294.52662964], 480.0
[3276.53659892 2411.7492493  2311.65630667 4299.92606001 3345.25879331
 3345.95800238 4213.18990636 3284.21313124 3294.22033081], 480.0
[3283.16811931 2425.09083707 2332.09587824 4300.28209114 3344.83288527
 3346.04171152 4218.31504331 3281.13695889 3292.07191758], 480.0
[3279.9300024  2420.43828132 2323.46792579 4300.9601203  3345.24871163
 3346.33937073 4218.5430491  3283.20769339 3291.93623815], 480.0
[3286.25368731 2424.48709681 2327.40116508 4300.22003679 3345.29296188
 3346.19896164 4210.66887498 3287.03883181 3295.35141225], 480.0
[3284.84055555 2425.63380947 2331.336401   4299.99228306 3345.44046173
 3346.09997063 4212.60531616 3284.63844228 3294.27243524], 480.0
[3274.87196031 2417.40479357 2318.94638065 4300.24171515 3345.12796001
 3345.7567667  4208.91342659 3284.61724634 3293.96966877], 480.0
[3287.51265059 2434.69721826 2337.76455272 4300.31860399 3344.88906293
 3345.87784061 4209.82011666 3281.64370852 3294.72787395], 480.0
[3280.19168332 2425.18191197 2330.4226257  4300.20270262 3344.63135877
 3345.92393565 4210.02852182 3279.69563808 3293.42475386], 480.0
[3252.42368624 2392.50408516 2293.64693805 4300.08535366 3344.703263
 3345.51917801 4211.53201365 3281.75483971 3291.63098059], 480.0
[3277.2171046  2424.49650639 2326.29239093 4300.57654228 3344.74259105
 3344.87277894 4209.8813427  3281.40703106 3289.12499018], 480.0
[3276.91918244 2421.11784334 2322.38919582 4300.61086273 3344.30192213
 3344.60909967 4210.53495107 3278.44644842 3290.99929485], 480.0
[3275.88238628 2416.47798862 2317.42897627 4300.13141794 3344.53713021
 3344.27473812 4204.55956802 3278.63234725 3288.11806102], 480.0
[3270.25134444 2412.82085521 2309.78602734 4300.40325718 3343.84730463
 3343.91061769 4208.36910567 3274.91216846 3286.43665161], 480.0
[3290.61258276 2435.60380472 2334.13645811 4300.0509057  3343.98538947
 3343.45266609 4206.79839501 3274.512956   3287.1888917 ], 480.0
[3295.99208307 2442.28764811 2337.07690797 4299.91706104 3343.70110426
 3343.49756675 4208.09276428 3270.47364826 3285.42744565], 480.0
[3283.67421021 2424.35528805 2316.29778262 4299.97152777 3343.2856894
 3343.49499211 4208.70468359 3269.63719754 3282.60918198], 480.0
[3275.25917127 2414.96577723 2305.91964915 4300.16662436 3343.31975398
 3343.98120723 4212.28156266 3273.54309182 3284.67377744], 480.0
[3292.87711198 2433.5340994  2321.64434298 4300.10809555 3343.28138742
 3343.83202538 4211.33334661 3273.00860186 3284.82170897], 480.0
[3293.58991237 2445.79165404 2373.14581113 4319.56046572 3359.74160728
 3359.69307189 4301.53356667 3345.86983051 3345.68065348], 480.0
[3284.65614302 2432.78315991 2357.71905448 4319.57180166 3359.62392826
 3359.71007934 4301.53433056 3345.69122367 3345.6993763 ], 480.0
[3276.08003147 2420.70133165 2344.97092433 4319.53231497 3359.67117572
 3359.71778417 4301.74577265 3345.787431   3345.67744484], 480.0
[3293.48650961 2445.17821733 2371.40156685 4319.54738607 3359.7884244
 3359.67854638 4301.62271299 3345.74529085 3345.77996087], 480.0
[3294.69914725 2450.33070151 2376.82596496 4319.60398827 3359.70241308
 3359.54192452 4301.72548819 3345.78535652 3345.58715334], 480.0
[3298.21771719 2452.73015867 2380.8932588  4319.58260355 3359.67999287
 3359.63489423 4301.71801605 3345.63839865 3345.66427174], 480.0
[3284.58522537 2434.39308311 2359.73457797 4319.70928583 3359.6775403
 3359.51737847 4301.74102306 3345.61531749 3345.5271193 ], 480.0
[3275.38959253 2420.65019091 2345.31838578 4319.57993689 3359.68036704
 3359.70456505 4301.5991251  3345.78796244 3345.85755095], 480.0
[3297.00135088 2452.8530452  2380.26972941 4319.49730492 3359.58106985
 3359.82528996 4301.50923986 3345.52611775 3345.73333759], 480.0
[96m 
------------------------------- Initialization Stage ------------------------------- [0m
Number of Pareto optimal solutions: 91
[96m Selected Tasks: [0m
[96m objs = [3248.75734708 2371.37245841 2276.85177465 4303.08834772 3346.88107977
 3348.67546329 4221.34493876 3268.57205153 3306.94916239] [0m
[96m objs = [3750.99162621 2518.09189894 1973.66545584 4201.88969975 3278.24708309
 3258.11558595 3881.64518199 3138.33176603 3032.37534974] [0m
[96m objs = [3533.22970862 3056.13689179 2959.48530393 4176.69671068 3265.74297676
 3279.20089202 3841.80125937 2949.75958459 3083.27471991] [0m
[96m objs = [3526.98157401 3066.6341537  2955.46570082 4169.89836426 3266.75211024
 3270.47212105 3826.55951142 2994.27459104 3076.32736883] [0m
[96m objs = [3765.24549308 2535.82013178 1942.65180437 4199.77221241 3283.30396276
 3260.03098493 3861.75538125 3124.00729351 3018.64472308] [0m
[96m objs = [3522.40274119 2969.64847426 3143.87593865 4235.50903358 3280.59807253
 3276.31366148 3996.64011278 3017.77231107 2946.78954222] [0m
[96m 
------------------------------- Extension Stage ------------------------------- [0m
Starting the extension from iteration 0 to 20.
[3769.73217053 2557.28923485 1990.19313936 4201.16085844 3282.79200578
 3259.89150925 3885.24494033 3128.98206334 3017.11647382], 480.0
[3769.03816051 2558.09110508 1983.63171078 4200.94563437 3283.21126194
 3260.36288567 3870.44883728 3122.48658347 3013.06894844], 480.0
[3769.58632722 2548.68017366 1960.24255939 4200.01817703 3283.29808359
 3259.74853072 3863.50380635 3127.20343752 3015.87806952], 480.0
[3771.57596211 2558.89116328 1979.48346792 4201.21831732 3283.23273411
 3260.00744848 3869.35802269 3124.54590077 3017.07293227], 480.0
[3773.86924605 2570.79237518 2005.03335761 4201.55386734 3282.76963029
 3259.81927328 3874.28219137 3125.42340612 3018.93739765], 480.0
[3772.39824781 2558.64688618 1978.71540201 4200.67619114 3283.09688702
 3260.15444312 3866.00412953 3119.78110795 3017.79543378], 480.0
[3774.21566525 2573.37976437 1999.88249752 4200.71264658 3282.72538676
 3259.434126   3869.35932922 3124.0175281  3014.81484427], 480.0
[3773.12210722 2558.32826867 1970.78753221 4199.47220774 3282.66829615
 3259.11283021 3858.25262799 3114.33171272 3015.93350255], 480.0
[3770.2594502  2556.4306895  1966.4736707  4199.57960625 3282.53924489
 3258.60007529 3861.8973043  3123.48610129 3017.95756621], 480.0
[3772.0055418  2564.06178071 1983.79014379 4200.25141735 3282.33531394
 3259.14122081 3862.34929972 3120.2785347  3013.91783004], 480.0
[3772.37222686 2554.67401569 1972.88546962 4200.23133821 3282.09055672
 3259.10709791 3863.51986561 3117.6196712  3013.62291079], 480.0
[3771.43100748 2553.4125597  1969.13029393 4199.90696507 3282.35582719
 3259.04939122 3862.39926867 3117.74915247 3019.12654278], 480.0
[3775.14556003 2572.23997247 1999.38793339 4201.19488382 3282.28417683
 3258.95251293 3862.88855004 3117.82143631 3009.77837901], 480.0
[3769.31152945 2536.75277064 1929.46880136 4199.40164585 3282.6939846
 3258.46302252 3859.48251643 3113.9783462  3019.10964618], 480.0
[3772.72329278 2553.05076504 1958.69695079 4201.07402802 3282.4859169
 3258.27340021 3860.56060252 3114.70299959 3016.03173244], 480.0
[3774.68821402 2558.71780531 1966.37267642 4200.87336407 3282.451018
 3258.23366308 3864.25706649 3112.41094661 3010.74772928], 480.0
[3774.98700027 2555.66138754 1967.30686899 4201.09176779 3282.22750068
 3258.38338275 3867.25891576 3115.92856255 3004.01324568], 480.0
[3771.38397975 2538.30033793 1929.59243524 4199.65922279 3282.22439857
 3257.87207732 3859.00428119 3113.11559958 3013.997083  ], 480.0
[3769.53946385 2533.34474039 1925.00899819 4198.98096848 3282.05572896
 3257.61402397 3862.06935916 3114.1955061  3005.88241148], 480.0
[3772.32779303 2547.95002139 1953.8832468  4200.97627573 3281.82097063
 3257.66733475 3864.79108698 3113.09656591 3006.3780381 ], 480.0
[3772.23806663 2539.50932713 1930.93177767 4199.9594346  3282.13846469
 3257.66186295 3863.94462118 3116.0169241  3003.11722543], 480.0
[3773.86989069 2549.39576199 1953.30992366 4200.04806719 3281.88016667
 3257.648628   3870.2356657  3115.20073433 2995.55929315], 480.0
[3770.05136347 2547.65741358 1949.4168552  4199.76823606 3282.06139908
 3257.84688091 3864.01495152 3111.31375823 2997.32627609], 480.0
[3773.88696828 2549.57706296 1946.43310397 4199.20556078 3282.31080847
 3258.01690793 3859.07743907 3112.35616188 2996.44444599], 480.0
[3775.95699587 2557.73037541 1972.02479196 4200.36250296 3281.62682505
 3258.10105424 3868.80245516 3111.71555238 2996.76427381], 480.0
[3772.40478802 2536.21337605 1925.71760021 4198.15816002 3281.82314692
 3257.2732533  3857.30720143 3111.82706203 3004.43687115], 480.0
[3775.81970725 2558.0813307  1971.58405116 4199.81997805 3281.15807261
 3257.55952625 3875.57462101 3115.50128255 3001.04671276], 480.0
[3774.59753304 2548.80081208 1939.08936475 4198.35603294 3281.49408426
 3257.18696156 3863.74501519 3112.15845613 3005.94429798], 480.0
[3776.77315021 2562.99806483 1971.43922251 4199.37638731 3280.96312509
 3257.40975218 3869.67893381 3110.42329664 2994.00645707], 480.0
[3777.63473258 2567.89031096 1979.03217167 4199.61376705 3281.23889418
 3257.20332866 3861.94808221 3112.9970957  3001.81781898], 480.0
[3774.40943894 2559.06286845 1966.66409831 4199.59477634 3281.24660544
 3257.59639287 3869.23176913 3111.1323513  3004.0467742 ], 480.0
[3777.42116108 2576.35259523 1999.07344311 4200.26661987 3281.01220989
 3257.2217916  3876.11624722 3110.51681824 2997.8651993 ], 480.0
[3776.57484698 2565.96774058 1972.54444471 4199.5947093  3281.42761741
 3256.9781148  3863.99116383 3111.40524299 2992.92519984], 480.0
[3777.35591187 2561.03816752 1961.68630837 4198.97918644 3281.45031385
 3256.87135658 3862.24490037 3113.9767355  2997.79546177], 480.0
[3777.72460942 2569.62785549 1983.5127865  4200.00621624 3281.01580172
 3256.87793012 3863.5266861  3109.00081234 2986.117943  ], 480.0
[3778.30202909 2563.8085206  1977.78074807 4199.70872965 3281.34048448
 3257.25999851 3859.89935017 3109.07948489 2994.83133702], 480.0
[3777.17931743 2561.7352201  1975.85896693 4199.68553724 3281.25674353
 3257.45898252 3862.34498577 3114.79302139 2997.3008692 ], 480.0
[3773.66419029 2549.91872618 1951.60056662 4198.44982567 3281.58710809
 3257.41205912 3850.9860208  3109.09513168 2997.46693697], 480.0
[3777.7758781  2567.37649477 1988.74308203 4199.24143324 3280.97384062
 3257.54801149 3859.97651658 3104.28246562 2988.8739974 ], 480.0
[3775.39812279 2561.67256918 1972.68242557 4198.50157442 3281.73440228
 3257.37435284 3854.65158525 3110.42479234 2991.15812697], 480.0
[3777.59314532 2568.2877094  1983.45685815 4199.07835941 3281.59452238
 3257.64885268 3859.36556616 3106.42349043 2995.65477309], 480.0
[3777.23284054 2576.47743733 2002.47880253 4198.84415503 3281.26633348
 3257.68117971 3848.10369716 3107.83937016 2986.80365348], 480.0
[3293.58991237 2445.79165404 2373.14581113 4319.56046572 3359.74160728
 3359.69307189 4301.53356667 3345.86983051 3345.68065348], 480.0
[3284.65614302 2432.78315991 2357.71905448 4319.57180166 3359.62392826
 3359.71007934 4301.53433056 3345.69122367 3345.6993763 ], 480.0
[3276.08003147 2420.70133165 2344.97092433 4319.53231497 3359.67117572
 3359.71778417 4301.74577265 3345.787431   3345.67744484], 480.0
[3293.48650961 2445.17821733 2371.40156685 4319.54738607 3359.7884244
 3359.67854638 4301.62271299 3345.74529085 3345.77996087], 480.0
[3294.69914725 2450.33070151 2376.82596496 4319.60398827 3359.70241308
 3359.54192452 4301.72548819 3345.78535652 3345.58715334], 480.0
[3298.21771719 2452.73015867 2380.8932588  4319.58260355 3359.67999287
 3359.63489423 4301.71801605 3345.63839865 3345.66427174], 480.0
[3284.58522537 2434.39308311 2359.73457797 4319.70928583 3359.6775403
 3359.51737847 4301.74102306 3345.61531749 3345.5271193 ], 480.0
[3275.38959253 2420.65019091 2345.31838578 4319.57993689 3359.68036704
 3359.70456505 4301.5991251  3345.78796244 3345.85755095], 480.0
[3297.00135088 2452.8530452  2380.26972941 4319.49730492 3359.58106985
 3359.82528996 4301.50923986 3345.52611775 3345.73333759], 480.0
[96m 
------------------------------- Initialization Stage ------------------------------- [0m
Number of Pareto optimal solutions: 91
[96m Selected Tasks: [0m
[96m objs = [3248.75734708 2371.37245841 2276.85177465 4303.08834772 3346.88107977
 3348.67546329 4221.34493876 3268.57205153 3306.94916239] [0m
[96m objs = [3750.99162621 2518.09189894 1973.66545584 4201.88969975 3278.24708309
 3258.11558595 3881.64518199 3138.33176603 3032.37534974] [0m
[96m objs = [3533.22970862 3056.13689179 2959.48530393 4176.69671068 3265.74297676
 3279.20089202 3841.80125937 2949.75958459 3083.27471991] [0m
[96m objs = [3526.98157401 3066.6341537  2955.46570082 4169.89836426 3266.75211024
 3270.47212105 3826.55951142 2994.27459104 3076.32736883] [0m
[96m objs = [3765.24549308 2535.82013178 1942.65180437 4199.77221241 3283.30396276
 3260.03098493 3861.75538125 3124.00729351 3018.64472308] [0m
[96m objs = [3522.40274119 2969.64847426 3143.87593865 4235.50903358 3280.59807253
 3276.31366148 3996.64011278 3017.77231107 2946.78954222] [0m
[96m 
------------------------------- Extension Stage ------------------------------- [0m
Starting the extension from iteration 0 to 20.
[3751.21261058 2532.09062726 1997.49109502 4202.40627966 3278.04458895
 3258.31475511 3875.47835631 3136.19512897 3023.75844779], 480.0
[3751.225562   2522.73766406 1968.91671143 4201.99973946 3278.70751286
 3257.9824172  3869.84365115 3137.36555285 3025.96965773], 480.0
[3751.40152626 2509.48812735 1938.6705642  4200.28445435 3278.84280844
 3257.3777637  3867.73638477 3138.89953957 3033.93425443], 480.0
[3754.9517767  2531.89215715 1985.59615778 4201.39367542 3278.5118495
 3258.29851866 3873.52518339 3140.16069827 3029.24409119], 480.0
[3756.70878024 2544.57067251 2026.45227836 4202.20892735 3277.28683214
 3259.18308711 3883.08096356 3135.74409213 3027.10180502], 480.0
[3755.54164004 2544.88507214 2020.13054726 4202.0574441  3277.87396049
 3259.45650859 3872.84029946 3137.08117924 3020.46304901], 480.0
[3755.90385518 2535.00611722 1986.8138664  4200.82383585 3278.26015129
 3258.8197753  3865.74229026 3136.81079435 3029.24937198], 480.0
[3754.77853293 2532.96573045 1986.15143856 4200.71638403 3278.1997673
 3258.86394577 3861.89115357 3139.32329779 3028.00506935], 480.0
[3754.89184422 2543.91671808 2015.70584215 4201.87603292 3277.70130801
 3259.19166265 3877.07287831 3138.3419055  3030.28081353], 480.0
[3754.44725366 2528.90980921 1981.87565878 4200.76816454 3278.14702816
 3258.79171267 3868.02988715 3135.73323288 3040.43017577], 480.0
[3756.24122858 2535.46854198 1999.10332048 4201.21693611 3277.69275618
 3259.40191135 3870.92946529 3137.6566422  3029.84043272], 480.0
[3761.30544186 2540.77772524 2002.45259876 4201.04538574 3278.1125495
 3259.19867849 3867.84714828 3136.5235538  3033.17027249], 480.0
[3756.77907491 2531.69706404 1972.68524852 4199.7229969  3278.37156549
 3258.69337301 3861.44994154 3134.87870874 3034.0922066 ], 480.0
[3758.21912274 2532.67662938 1975.55105417 4199.62067146 3278.11415143
 3259.2308095  3861.61703472 3134.22883158 3028.82872796], 480.0
[3758.5538475  2540.91685596 1988.42267313 4200.17167292 3277.9111609
 3258.85422688 3864.88192801 3131.07448997 3024.10576512], 480.0
[3759.8826622  2545.18755589 1996.76128871 4200.32938366 3277.9293191
 3258.87959056 3872.3697824  3129.45435987 3026.09993565], 480.0
[3760.72759643 2545.52235582 2003.89087305 4200.53253975 3277.66803746
 3258.9326005  3868.71530113 3133.22292252 3010.64842908], 480.0
[3762.29775367 2540.92250292 1983.69161622 4199.32245598 3277.96159644
 3258.62167764 3861.73206248 3127.14017963 3020.13339002], 480.0
[3758.26056004 2529.40543244 1967.25545311 4199.30183659 3278.14897413
 3258.3558681  3858.83026576 3130.07058673 3028.98245354], 480.0
[3760.41690559 2540.06745269 1992.64622796 4199.76074963 3277.82323079
 3258.8072752  3866.45037732 3126.89375505 3016.87987905], 480.0
[3758.92354279 2524.08891096 1945.04568591 4198.104984   3278.81824255
 3257.80889044 3861.83357987 3125.62982306 3022.97669578], 480.0
[3760.35652637 2531.98200836 1966.5628063  4199.10372782 3278.29057302
 3258.15314813 3869.82767458 3131.7026897  3024.83768454], 480.0
[3759.38875675 2540.36863174 1993.00808324 4199.91829071 3277.36830177
 3258.17095375 3874.24074368 3132.15512881 3017.80333622], 480.0
[3758.5270762  2539.32801616 1978.71968111 4198.73871422 3277.82942691
 3258.24665613 3853.33278556 3130.44361005 3015.78918827], 480.0
[3761.24881439 2539.99304414 1989.78865263 4198.95753736 3277.42172713
 3258.37853355 3864.43192706 3131.6072329  3016.77625344], 480.0
[3761.57631941 2544.23149018 1986.93918227 4198.44678249 3277.68985577
 3258.24135785 3854.2225215  3127.9829195  3012.87140884], 480.0
[3759.65011511 2533.40953119 1958.3729506  4197.40688496 3278.21858563
 3257.57637916 3860.44970746 3125.12284269 3015.04334575], 480.0
[3766.87700238 2556.68231759 2005.96158208 4198.53967905 3277.43877106
 3258.33402572 3862.99970269 3129.77013016 3020.3049181 ], 480.0
[3767.12514734 2564.10056698 2026.73242855 4198.79658747 3277.27374582
 3258.55770464 3860.88778644 3129.78322654 3010.18965564], 480.0
[3767.57883883 2566.83291357 2027.22773325 4199.33177996 3277.27392974
 3258.73438187 3868.8789072  3130.64112267 3017.21384292], 480.0
[3769.17616711 2571.67271879 2041.39275233 4199.83147125 3277.34455872
 3258.93274784 3859.28665571 3133.48683443 3015.19755013], 480.0
[3769.06958313 2571.30245578 2035.07483543 4199.49932594 3277.57488871
 3258.83867631 3866.37684822 3131.74383254 3012.33120973], 480.0
[3763.38317389 2546.53529375 1990.01278621 4198.69080124 3277.87122717
 3258.40772276 3853.17609339 3133.40713151 3023.2401574 ], 480.0
[3763.48295865 2549.34356387 2001.42456484 4198.93050327 3277.73022137
 3258.68122725 3853.18474054 3130.5435411  3024.21776843], 480.0
[3764.12028069 2541.78981879 1982.13920873 4198.01381826 3277.87480669
 3258.72177739 3852.92534113 3129.79712391 3030.19547987], 480.0
[3765.38455443 2546.96897309 1998.02528072 4198.09816875 3277.65791135
 3259.03948913 3849.2339345  3131.38188839 3016.53102882], 480.0
[3763.0309937  2546.70001187 2003.73520169 4197.95861206 3277.41207161
 3259.41114521 3857.01007428 3133.70632143 3019.16799343], 480.0
[3762.11864095 2542.5041225  1990.73976037 4197.5143115  3277.57304931
 3259.10106459 3857.55510654 3131.9115293  3028.64830874], 480.0
[3763.51006255 2544.8090899  1987.65733488 4197.0505724  3277.69973073
 3259.22799592 3859.81912766 3128.57902298 3026.03095152], 480.0
[3764.58388538 2558.82219021 2013.81877614 4198.51029472 3277.51639829
 3259.10771894 3853.20449152 3130.9456862  3033.50075593], 480.0
[3765.23550119 2552.11022501 1999.42506832 4197.55106468 3277.8751637
 3259.45603633 3853.52880549 3131.52190566 3022.86259639], 480.0
[3768.01145072 2561.62004926 2018.91244973 4198.71329288 3277.37444434
 3259.63862867 3847.25466118 3135.00132823 3012.16280621], 480.0
[3293.58991237 2445.79165404 2373.14581113 4319.56046572 3359.74160728
 3359.69307189 4301.53356667 3345.86983051 3345.68065348], 480.0
[3284.65614302 2432.78315991 2357.71905448 4319.57180166 3359.62392826
 3359.71007934 4301.53433056 3345.69122367 3345.6993763 ], 480.0
[3276.08003147 2420.70133165 2344.97092433 4319.53231497 3359.67117572
 3359.71778417 4301.74577265 3345.787431   3345.67744484], 480.0
[3293.48650961 2445.17821733 2371.40156685 4319.54738607 3359.7884244
 3359.67854638 4301.62271299 3345.74529085 3345.77996087], 480.0
[3294.69914725 2450.33070151 2376.82596496 4319.60398827 3359.70241308
 3359.54192452 4301.72548819 3345.78535652 3345.58715334], 480.0
[3298.21771719 2452.73015867 2380.8932588  4319.58260355 3359.67999287
 3359.63489423 4301.71801605 3345.63839865 3345.66427174], 480.0
[3284.58522537 2434.39308311 2359.73457797 4319.70928583 3359.6775403
 3359.51737847 4301.74102306 3345.61531749 3345.5271193 ], 480.0
[3275.38959253 2420.65019091 2345.31838578 4319.57993689 3359.68036704
 3359.70456505 4301.5991251  3345.78796244 3345.85755095], 480.0
[3297.00135088 2452.8530452  2380.26972941 4319.49730492 3359.58106985
 3359.82528996 4301.50923986 3345.52611775 3345.73333759], 480.0
[96m 
------------------------------- Initialization Stage ------------------------------- [0m
Number of Pareto optimal solutions: 91
[96m Selected Tasks: [0m
[96m objs = [3248.75734708 2371.37245841 2276.85177465 4303.08834772 3346.88107977
 3348.67546329 4221.34493876 3268.57205153 3306.94916239] [0m
[96m objs = [3750.99162621 2518.09189894 1973.66545584 4201.88969975 3278.24708309
 3258.11558595 3881.64518199 3138.33176603 3032.37534974] [0m
[96m objs = [3533.22970862 3056.13689179 2959.48530393 4176.69671068 3265.74297676
 3279.20089202 3841.80125937 2949.75958459 3083.27471991] [0m
[96m objs = [3526.98157401 3066.6341537  2955.46570082 4169.89836426 3266.75211024
 3270.47212105 3826.55951142 2994.27459104 3076.32736883] [0m
[96m objs = [3765.24549308 2535.82013178 1942.65180437 4199.77221241 3283.30396276
 3260.03098493 3861.75538125 3124.00729351 3018.64472308] [0m
[96m objs = [3522.40274119 2969.64847426 3143.87593865 4235.50903358 3280.59807253
 3276.31366148 3996.64011278 3017.77231107 2946.78954222] [0m
[96m 
------------------------------- Extension Stage ------------------------------- [0m
Starting the extension from iteration 0 to 20.
[3525.90112872 3064.92422018 2948.48063936 4169.45437107 3266.29002118
 3270.31794419 3834.05404401 2986.3814527  3074.00527368], 480.0
[3528.48649211 3066.34653225 2954.1244513  4169.51237411 3266.81785765
 3270.55515523 3830.52183595 2989.50931339 3075.92027631], 480.0
[3530.26312404 3068.26640558 2955.26669159 4169.80620556 3266.81850367
 3270.14857855 3835.21414247 2991.23826773 3076.21459675], 480.0
[3533.69679608 3068.06977692 2955.48188939 4169.36322784 3266.98814816
 3270.31889911 3827.47612376 2986.16687472 3073.47985291], 480.0
[3536.39641957 3068.40201416 2960.46887765 4169.83408957 3266.83091331
 3270.09579363 3830.23895893 2986.52599943 3075.11155796], 480.0
[3532.11274023 3066.98413277 2953.70908813 4169.11331367 3266.35885878
 3269.84667611 3829.7699719  2994.59658997 3071.13135066], 480.0
[3538.7360559  3068.45706902 2963.05790825 4169.96116886 3266.89585228
 3270.11100521 3831.06818423 2990.05628068 3075.23840251], 480.0
[3524.53613396 3063.67096186 2949.75124555 4168.69298868 3264.98680139
 3268.92691803 3833.14444871 2985.05200181 3067.10485015], 480.0
[3529.79224429 3065.55730314 2956.35474572 4169.42652702 3265.58020329
 3268.37206388 3820.68773141 2989.74983773 3068.96974444], 480.0
[3538.42069807 3070.16755333 2963.48987966 4169.70403271 3266.70805087
 3268.41921477 3822.28176041 2993.32293184 3066.87390838], 480.0
[3533.50482936 3064.85625701 2957.60242672 4168.26219683 3265.28371196
 3267.81286607 3816.06331782 2982.17843821 3062.98612833], 480.0
[3535.5311924  3068.76285973 2963.92214389 4169.0039031  3266.45230799
 3267.85605011 3818.13006959 2989.34328616 3061.59899533], 480.0
[3525.06873837 3066.97881341 2954.08966203 4168.80227385 3265.98121138
 3268.05048122 3825.71433444 2981.02755756 3069.30706134], 480.0
[3538.46831841 3072.26581292 2966.23816738 4169.33194237 3267.28200498
 3268.97539325 3817.40444579 2983.28791659 3066.35457177], 480.0
[3528.17560415 3066.71337662 2951.67548542 4168.1852294  3266.33809867
 3268.71620908 3822.50615482 2980.12921495 3069.07408972], 480.0
[3532.73950353 3068.37194285 2958.6086741  4168.52260141 3266.25360713
 3268.8393538  3822.29867911 2980.98529327 3064.72701328], 480.0
[3530.08920403 3063.60284886 2949.79614143 4168.77324295 3265.64826574
 3268.55653911 3828.22682076 2982.06858685 3065.04518123], 480.0
[3532.46754951 3065.72326851 2952.14846945 4168.83913221 3266.44202099
 3268.79120975 3825.90607681 2981.06796637 3062.11658912], 480.0
[3531.89458852 3065.6222836  2954.43639846 4168.45993748 3266.12850375
 3268.79082856 3824.00949855 2986.44094312 3065.86123843], 480.0
[3530.42447076 3066.5418324  2952.3470499  4168.03936892 3266.44101911
 3268.43399644 3823.87427344 2982.80957327 3063.4674274 ], 480.0
[3519.25935674 3063.64114542 2943.20328064 4166.72852783 3265.51549473
 3267.49861183 3830.78780818 2976.76410904 3064.88139453], 480.0
[3525.82853546 3065.48968263 2948.08915358 4166.96854239 3266.00288701
 3268.10078139 3828.63502526 2981.21973031 3066.334407  ], 480.0
[3530.40829482 3067.21634698 2953.60863628 4167.24160738 3266.02910624
 3268.3392489  3816.47656054 2980.64811232 3064.65417223], 480.0
[3524.97161756 3062.04642506 2946.48545485 4166.24444637 3264.83872752
 3268.02084813 3825.48579307 2978.00115993 3056.70171137], 480.0
[3528.2129303  3065.3226882  2953.71121888 4166.87371483 3265.63559055
 3268.4705833  3827.30658965 2979.43252828 3061.23161526], 480.0
[3534.95328536 3070.19781628 2961.71324315 4167.93086309 3266.32267613
 3268.56864853 3823.72419276 2986.32950313 3062.68074074], 480.0
[3535.24176025 3069.75810847 2966.22313418 4167.67206993 3266.60993114
 3268.90416636 3815.65024467 2987.10966365 3067.82426791], 480.0
[3528.1203877  3065.29492369 2956.13225718 4167.22148314 3265.29494996
 3268.62163815 3819.15234599 2984.9871923  3065.62902951], 480.0
[3524.75698318 3065.65571413 2960.32969971 4167.60493536 3265.27745304
 3268.87767749 3820.59031453 2979.86998296 3062.67851956], 480.0
[3535.66936855 3072.06863132 2969.05635428 4168.63183613 3266.84545441
 3269.94772215 3824.15921783 2987.50265155 3067.02179544], 480.0
[3534.8185236  3069.82724037 2967.53324795 4167.3801548  3266.25750494
 3269.54894786 3825.99006872 2983.67797573 3068.07824614], 480.0
[3530.29286633 3068.50157776 2966.70718975 4167.59628401 3265.90558949
 3269.51168776 3826.78079629 2982.48587828 3070.83098722], 480.0
[3527.52580342 3067.35430102 2963.54848628 4167.79943781 3265.33401103
 3269.83218508 3827.6659143  2983.9607522  3057.9939991 ], 480.0
[3523.37712941 3067.35683689 2960.9993999  4167.08442984 3265.50344858
 3269.62706366 3818.36196685 2979.86336756 3062.78960438], 480.0
[3527.16375299 3071.05257292 2965.05349283 4167.92321453 3266.21040249
 3269.9497355  3824.39967842 2986.65571315 3066.43685949], 480.0
[3516.4992003  3067.80040793 2958.7511014  4166.81636801 3265.38788977
 3269.54719563 3830.15618801 2982.28736868 3059.03852959], 480.0
[3523.36293144 3070.91922383 2961.70504956 4167.5606039  3266.34315619
 3269.99806566 3825.28549001 2981.16135995 3064.27930927], 480.0
[3516.15679588 3071.38232841 2958.72064757 4167.57466345 3265.92125101
 3269.9369678  3826.98598504 2981.06345961 3064.74061155], 480.0
[3511.71040673 3067.17322359 2951.54487381 4166.61254416 3264.56286473
 3268.57004976 3827.41023302 2982.07321024 3060.01429696], 480.0
[3518.97206731 3072.85635452 2962.16265512 4168.05370884 3265.59795675
 3269.73238797 3831.04703102 2987.08078451 3059.62100315], 480.0
[3518.14412794 3073.40172315 2961.52783837 4166.77533693 3265.420754
 3269.45377159 3826.19092193 2979.74380474 3060.94124312], 480.0
[3513.10744009 3071.15612392 2958.83232269 4167.27826824 3264.56029205
 3269.13768463 3831.88736806 2984.29084024 3054.08244638], 480.0
[3293.58991237 2445.79165404 2373.14581113 4319.56046572 3359.74160728
 3359.69307189 4301.53356667 3345.86983051 3345.68065348], 480.0
[3284.65614302 2432.78315991 2357.71905448 4319.57180166 3359.62392826
 3359.71007934 4301.53433056 3345.69122367 3345.6993763 ], 480.0
[3276.08003147 2420.70133165 2344.97092433 4319.53231497 3359.67117572
 3359.71778417 4301.74577265 3345.787431   3345.67744484], 480.0
[3293.48650961 2445.17821733 2371.40156685 4319.54738607 3359.7884244
 3359.67854638 4301.62271299 3345.74529085 3345.77996087], 480.0
[3294.69914725 2450.33070151 2376.82596496 4319.60398827 3359.70241308
 3359.54192452 4301.72548819 3345.78535652 3345.58715334], 480.0
[3298.21771719 2452.73015867 2380.8932588  4319.58260355 3359.67999287
 3359.63489423 4301.71801605 3345.63839865 3345.66427174], 480.0
[3284.58522537 2434.39308311 2359.73457797 4319.70928583 3359.6775403
 3359.51737847 4301.74102306 3345.61531749 3345.5271193 ], 480.0
[3275.38959253 2420.65019091 2345.31838578 4319.57993689 3359.68036704
 3359.70456505 4301.5991251  3345.78796244 3345.85755095], 480.0
[3297.00135088 2452.8530452  2380.26972941 4319.49730492 3359.58106985
 3359.82528996 4301.50923986 3345.52611775 3345.73333759], 480.0
[96m 
------------------------------- Initialization Stage ------------------------------- [0m
Number of Pareto optimal solutions: 91
[96m Selected Tasks: [0m
[96m objs = [3248.75734708 2371.37245841 2276.85177465 4303.08834772 3346.88107977
 3348.67546329 4221.34493876 3268.57205153 3306.94916239] [0m
[96m objs = [3750.99162621 2518.09189894 1973.66545584 4201.88969975 3278.24708309
 3258.11558595 3881.64518199 3138.33176603 3032.37534974] [0m
[96m objs = [3533.22970862 3056.13689179 2959.48530393 4176.69671068 3265.74297676
 3279.20089202 3841.80125937 2949.75958459 3083.27471991] [0m
[96m objs = [3526.98157401 3066.6341537  2955.46570082 4169.89836426 3266.75211024
 3270.47212105 3826.55951142 2994.27459104 3076.32736883] [0m
[96m objs = [3765.24549308 2535.82013178 1942.65180437 4199.77221241 3283.30396276
 3260.03098493 3861.75538125 3124.00729351 3018.64472308] [0m
[96m objs = [3522.40274119 2969.64847426 3143.87593865 4235.50903358 3280.59807253
 3276.31366148 3996.64011278 3017.77231107 2946.78954222] [0m
[96m 
------------------------------- Extension Stage ------------------------------- [0m
Starting the extension from iteration 0 to 20.
[3524.55357141 2969.3754591  3146.27370601 4235.55482826 3280.69732194
 3276.79924421 3996.59845262 3021.92642365 2943.66476188], 480.0
[3524.24736581 2964.92738104 3144.9392343  4236.24258175 3280.94398026
 3275.96328058 3997.56973209 3023.01441538 2936.87185776], 480.0
[3523.03361092 2962.303929   3143.20776148 4235.92086926 3279.90081859
 3275.04785252 4003.03914762 3019.10463672 2937.88824334], 480.0
[3523.91687193 2963.9246604  3140.99531617 4235.17809925 3280.28007598
 3276.05160193 4003.05731006 3022.95610938 2940.86296322], 480.0
[3523.99680977 2963.66524091 3141.56121378 4234.51776209 3280.0285934
 3275.07890229 3998.92491097 3022.01034377 2944.06483147], 480.0
[3526.7802525  2967.25582776 3141.72776632 4234.3827817  3279.84591594
 3275.11007576 3994.94614415 3019.34012158 2937.12256324], 480.0
[3521.66980557 2961.9735652  3142.15103788 4234.48808794 3280.30493827
 3275.70512829 3999.01716614 3021.86044674 2948.59912882], 480.0
[3530.0313458  2967.27684069 3139.92897811 4234.31569014 3279.97576256
 3274.76580095 3998.69159627 3019.12297487 2935.39923508], 480.0
[3532.43214469 2965.81868501 3142.10451083 4234.52221889 3280.37376604
 3275.65295882 4001.40730252 3026.0476711  2934.64273779], 480.0
[3530.75611477 2959.68134103 3139.17349873 4234.75749245 3279.85322776
 3276.61846862 3999.2347733  3024.58463812 2934.3591325 ], 480.0
[3533.33540125 2960.48199253 3140.91367526 4234.07932596 3279.03329821
 3274.53208866 3996.01632628 3014.43295996 2927.63574686], 480.0
[3535.94819016 2958.8151298  3141.59224997 4234.73768616 3279.53681312
 3276.23037806 4009.56297174 3024.16244664 2935.06056728], 480.0
[3530.86537733 2961.19081101 3139.93587823 4233.94256582 3278.84106669
 3274.07057333 4007.38179855 3023.37650347 2919.434377  ], 480.0
[3529.37116208 2955.89866104 3139.04289393 4234.5786335  3279.08478637
 3274.64582014 4003.39322414 3020.16612177 2927.00060556], 480.0
[3532.85770359 2959.39906116 3139.89224901 4235.06926079 3279.26756592
 3275.04593992 4006.59535336 3024.7262913  2929.13948152], 480.0
[3537.30355959 2965.20850239 3138.64027305 4234.81904774 3279.04787903
 3274.99528847 4003.10651469 3017.40126877 2931.23553832], 480.0
[3538.90388627 2962.80014744 3140.04026933 4234.61872616 3279.18731112
 3274.85734324 4002.56776748 3020.0509608  2928.78975613], 480.0
[3537.15421872 2958.59003305 3136.52856069 4234.29394398 3278.95651755
 3275.23794546 3996.41108522 3012.99942746 2924.57105615], 480.0
[3538.15808668 2962.53391485 3136.93917551 4234.78361664 3279.39676633
 3274.58337598 3995.86535783 3013.68694775 2932.78575988], 480.0
[3535.69280968 2962.45661635 3135.85965061 4233.91576052 3279.19979243
 3273.60432472 4001.82197633 3012.32925487 2927.54070413], 480.0
[3540.45619936 2967.8535358  3132.85574975 4233.68574762 3279.09096546
 3274.03274169 4009.43440809 3015.75987158 2924.69377024], 480.0
[3542.46073947 2968.49763169 3134.10833483 4233.73390827 3278.97907834
 3274.34931912 4012.41207018 3019.31502197 2933.49583735], 480.0
[3545.27934537 2968.69639058 3133.85887594 4233.85834293 3279.27453957
 3275.3006916  4012.77416897 3021.40899494 2931.72588074], 480.0
[3535.76329551 2962.98928099 3132.31274548 4233.51183167 3279.34624715
 3274.76329474 4013.89859681 3020.62164359 2932.83817234], 480.0
[3542.50954194 2969.89762912 3132.5608573  4233.51034975 3279.24692192
 3274.95947609 4009.29783077 3024.79533017 2936.32090724], 480.0
[3544.42777834 2970.06390219 3130.75170712 4233.14704981 3279.02818785
 3275.96684461 4010.48309975 3019.83912823 2934.26774132], 480.0
[3542.35322018 2963.18940048 3127.37764316 4233.18385124 3279.45392065
 3275.98451071 4013.18903666 3023.61926751 2948.06610076], 480.0
[3539.7239491  2958.23344474 3131.36898818 4233.6697237  3278.84165387
 3275.94033833 4018.82559924 3018.85392897 2939.74100976], 480.0
[3544.48910198 2965.65819378 3129.95520597 4233.98770075 3279.4390563
 3275.04362888 4016.95735226 3008.32979343 2931.78718688], 480.0
[3540.46373253 2969.09578414 3129.39753108 4233.87387009 3279.69893389
 3276.43889947 4009.02963157 3008.81148987 2936.96822448], 480.0
[3547.60690088 2973.05058489 3132.62297397 4233.93581133 3279.11770544
 3274.97341304 4010.08536282 3001.92631421 2922.50032959], 480.0
[3543.64909186 2969.43315225 3131.67291031 4233.81099339 3278.36353173
 3274.37520237 4000.85387793 3002.45449975 2920.94106337], 480.0
[3544.80818753 2968.27565341 3131.6026195  4233.63711824 3279.27660403
 3276.59472108 4006.17894707 2999.95340278 2933.79274168], 480.0
[3542.74158516 2968.80688086 3132.85915213 4234.33285608 3279.0636333
 3274.41459765 3995.36696935 2999.11302767 2918.71918223], 480.0
[3543.46640067 2970.60467753 3132.36890979 4234.27232103 3279.36016822
 3274.0571816  3995.42510395 2992.2199476  2914.89112768], 480.0
[3544.49783401 2968.40475454 3133.96980467 4234.38998423 3280.04937534
 3275.55379419 4003.46589003 2992.2019022  2929.47355561], 480.0
[3544.73471823 2972.11392379 3134.5785121  4234.31060162 3280.21410956
 3273.91204219 4000.43390198 2986.49325545 2915.49759166], 480.0
[3542.63967323 2967.53945975 3131.8758543  4234.36699686 3280.14458985
 3273.63647485 3997.59021182 2991.3516995  2912.28962553], 480.0
[3546.64641562 2969.75153041 3132.78517547 4234.10963011 3280.10828533
 3276.455446   3999.06987658 2992.44749484 2935.66595843], 480.0
[3540.59962988 2969.89930744 3133.23915186 4234.14454403 3280.44909363
 3274.48754401 3994.22331529 2990.15992095 2929.21000535], 480.0
[3542.76427851 2970.03729277 3131.40568318 4233.59418621 3280.30193682
 3275.29965825 3996.52465305 2994.8826174  2931.45062377], 480.0
[3541.92022033 2969.15443673 3132.32255125 4234.14767637 3279.64990559
 3273.42708755 3984.39489932 2984.66579592 2912.10815263], 480.0
[3293.58991237 2445.79165404 2373.14581113 4319.56046572 3359.74160728
 3359.69307189 4301.53356667 3345.86983051 3345.68065348], 480.0
[3284.65614302 2432.78315991 2357.71905448 4319.57180166 3359.62392826
 3359.71007934 4301.53433056 3345.69122367 3345.6993763 ], 480.0
[3276.08003147 2420.70133165 2344.97092433 4319.53231497 3359.67117572
 3359.71778417 4301.74577265 3345.787431   3345.67744484], 480.0
[3293.48650961 2445.17821733 2371.40156685 4319.54738607 3359.7884244
 3359.67854638 4301.62271299 3345.74529085 3345.77996087], 480.0
[3294.69914725 2450.33070151 2376.82596496 4319.60398827 3359.70241308
 3359.54192452 4301.72548819 3345.78535652 3345.58715334], 480.0
[3298.21771719 2452.73015867 2380.8932588  4319.58260355 3359.67999287
 3359.63489423 4301.71801605 3345.63839865 3345.66427174], 480.0
[3284.58522537 2434.39308311 2359.73457797 4319.70928583 3359.6775403
 3359.51737847 4301.74102306 3345.61531749 3345.5271193 ], 480.0
[3275.38959253 2420.65019091 2345.31838578 4319.57993689 3359.68036704
 3359.70456505 4301.5991251  3345.78796244 3345.85755095], 480.0
[3297.00135088 2452.8530452  2380.26972941 4319.49730492 3359.58106985
 3359.82528996 4301.50923986 3345.52611775 3345.73333759], 480.0
[96m 
------------------------------- Initialization Stage ------------------------------- [0m
Number of Pareto optimal solutions: 91
[96m Selected Tasks: [0m
[96m objs = [3248.75734708 2371.37245841 2276.85177465 4303.08834772 3346.88107977
 3348.67546329 4221.34493876 3268.57205153 3306.94916239] [0m
[96m objs = [3750.99162621 2518.09189894 1973.66545584 4201.88969975 3278.24708309
 3258.11558595 3881.64518199 3138.33176603 3032.37534974] [0m
[96m objs = [3533.22970862 3056.13689179 2959.48530393 4176.69671068 3265.74297676
 3279.20089202 3841.80125937 2949.75958459 3083.27471991] [0m
[96m objs = [3526.98157401 3066.6341537  2955.46570082 4169.89836426 3266.75211024
 3270.47212105 3826.55951142 2994.27459104 3076.32736883] [0m
[96m objs = [3765.24549308 2535.82013178 1942.65180437 4199.77221241 3283.30396276
 3260.03098493 3861.75538125 3124.00729351 3018.64472308] [0m
[96m objs = [3522.40274119 2969.64847426 3143.87593865 4235.50903358 3280.59807253
 3276.31366148 3996.64011278 3017.77231107 2946.78954222] [0m
[96m 
------------------------------- Extension Stage ------------------------------- [0m
Starting the extension from iteration 0 to 20.
[3534.52675319 3057.46626387 2957.79491768 4176.65460815 3265.60750995
 3278.74734526 3841.80959697 2957.40453939 3083.73982153], 480.0
[3532.02999825 3056.36377707 2953.72114429 4176.91699848 3265.15064249
 3278.74712076 3845.35655746 2951.78320935 3079.02592461], 480.0
[3538.64287205 3058.68843727 2961.90495195 4177.60133715 3265.78885379
 3278.40672011 3836.87564998 2956.55733187 3081.65790205], 480.0
[3529.75299783 3059.11438699 2957.83820667 4177.24710283 3265.40349693
 3278.08113828 3835.07158766 2950.25053177 3078.50055413], 480.0
[3531.42122436 3058.78789921 2960.99576693 4177.17133751 3265.38688459
 3277.90666962 3843.44602957 2958.11044364 3081.19262352], 480.0
[3528.62194843 3057.66853943 2957.88019719 4177.12648687 3265.3045526
 3277.27838264 3840.16100268 2954.18973529 3074.47036438], 480.0
[3530.31521196 3060.06997542 2961.5586267  4177.61494017 3265.43922725
 3278.03432922 3845.35989747 2962.07183561 3075.45414271], 480.0
[3534.83598094 3061.98428717 2964.89956036 4178.36346245 3265.90821619
 3278.10801864 3846.77479882 2955.63823302 3075.45993443], 480.0
[3527.58610435 3059.78147821 2960.29378934 4178.48202028 3265.0095489
 3277.42432289 3855.0864871  2956.76640208 3076.7717104 ], 480.0
[3524.92103076 3059.28770437 2958.96476603 4178.49494848 3264.44345403
 3276.87168074 3846.29282913 2958.74519386 3070.92579308], 480.0
[3525.62949471 3059.80045109 2959.10362768 4178.09339943 3264.13347111
 3276.99041262 3844.32350969 2950.2528831  3077.31997333], 480.0
[3538.02336855 3065.06642485 2971.01200042 4179.21314793 3266.45694494
 3276.83470764 3844.13705549 2965.46285212 3080.99094005], 480.0
[3528.13871388 3061.18150821 2962.06224594 4178.28495502 3265.11923938
 3276.81066542 3844.8719142  2956.05047319 3082.61705413], 480.0
[3538.10876398 3065.39219317 2970.31705875 4178.8942193  3266.58353972
 3277.17026887 3845.73365345 2953.44760697 3080.19783244], 480.0
[3526.553266   3058.47407932 2951.02404337 4177.24664478 3264.70124655
 3276.62178116 3849.73813009 2957.47787144 3075.33962462], 480.0
[3534.97836661 3061.05364909 2959.63970776 4177.15369759 3265.45272055
 3276.93517728 3843.97109871 2947.12528439 3066.97844229], 480.0
[3530.18013453 3060.90637593 2958.99655333 4177.76829929 3265.34212637
 3277.04947176 3845.89685254 2951.13406863 3073.5946106 ], 480.0
[3529.52243943 3061.10977664 2957.26074505 4177.2571682  3265.79574189
 3277.40733352 3857.17616386 2954.50250318 3078.34939442], 480.0
[3528.96707067 3060.72133641 2960.96124949 4177.84546432 3265.49313397
 3277.40983973 3848.62931576 2958.33831468 3077.65138321], 480.0
[3526.93600965 3058.57617173 2952.72238436 4177.31469002 3265.17717733
 3276.92042904 3847.49768109 2957.04274025 3080.0652276 ], 480.0
[3532.68388405 3061.10707951 2960.85889192 4177.2728241  3266.03470325
 3277.00222888 3841.19179363 2958.13910964 3080.99526739], 480.0
[3520.67207193 3056.97802544 2950.93565054 4176.32363691 3263.80086331
 3276.36808925 3854.11540527 2954.07477374 3076.97170684], 480.0
[3534.07160163 3064.13085766 2967.36007524 4178.26519785 3265.88248973
 3277.38452654 3841.2193748  2958.05539217 3080.87354131], 480.0
[3527.6080997  3059.91867828 2958.99076943 4177.31401081 3264.98597474
 3277.279217   3840.77115188 2947.33097913 3074.8134459 ], 480.0
[3523.6492794  3057.75778589 2954.33309112 4177.32340841 3263.89109721
 3276.51708565 3854.92332339 2944.52337129 3078.28243861], 480.0
[3526.82864494 3059.01889882 2957.82724905 4177.4961441  3263.88129811
 3276.18810277 3852.64987845 2950.80245433 3076.72837548], 480.0
[3526.21715302 3059.67865987 2962.64670844 4177.3117898  3264.25877795
 3277.20889616 3847.67018056 2956.41773398 3078.312427  ], 480.0
[3526.62980289 3063.53357267 2968.97561517 4177.96501932 3264.9589962
 3277.5211616  3851.10729814 2946.70431535 3071.65263882], 480.0
[3528.32688861 3064.15040689 2973.77198658 4178.54300117 3265.27009573
 3278.03122268 3852.75545697 2953.43361266 3075.48533607], 480.0
[3521.40946822 3062.21981616 2967.53011565 4177.97834692 3264.52452092
 3277.3917552  3850.21453929 2950.40709298 3073.10440834], 480.0
[3527.35007734 3064.24625587 2970.61942592 4177.72942333 3264.44336991
 3277.51981192 3848.16711979 2947.97463367 3064.67780769], 480.0
[3527.30646415 3061.44722438 2967.26057739 4176.88069878 3264.55773168
 3277.44171081 3855.41161981 2943.75250714 3076.46697574], 480.0
[3531.71301994 3060.6536622  2969.047258   4177.19817839 3264.11911893
 3277.61990128 3848.57792776 2949.1169488  3073.23637648], 480.0
[3524.86578574 3059.6408586  2967.02747817 4176.82737474 3264.09984794
 3277.1932467  3841.92163692 2942.87117152 3074.77401934], 480.0
[3527.08453417 3062.28022833 2972.06457472 4177.61512384 3264.85210867
 3277.6036746  3841.22214341 2948.30905452 3068.04481277], 480.0
[3521.18120623 3057.57766471 2960.69037323 4176.71478443 3263.58970985
 3277.05367355 3845.79011283 2936.29781747 3071.87607656], 480.0
[3518.49453263 3055.93638592 2963.12896333 4176.01850758 3263.26712413
 3276.73011546 3835.62000299 2936.62646036 3066.01134768], 480.0
[3521.36845751 3061.81463737 2966.95516596 4176.11951494 3264.28250728
 3277.54254847 3842.67638788 2940.13600428 3071.86026335], 480.0
[3514.16920381 3058.18419776 2955.03946996 4175.81199713 3263.10666051
 3276.46989751 3839.01823077 2933.92083349 3066.72833114], 480.0
[3522.14842234 3061.3060998  2961.76415839 4176.09648676 3264.10978541
 3277.01187792 3838.34558256 2940.65909657 3066.93005137], 480.0
[3519.69282908 3061.71486444 2961.80163808 4175.43145227 3264.03110623
 3277.38970356 3833.25332317 2936.7315316  3070.51277874], 480.0
[3523.31357818 3061.43320675 2963.88332872 4175.97689581 3264.38882251
 3277.58656459 3834.31530337 2938.13193145 3069.27545781], 480.0
[3286.13951907 2422.29867595 2305.56250859 4300.04788799 3343.49148135
 3343.43956237 4211.54231572 3274.00126181 3285.77285442], 480.0
[3295.11623611 2436.44080058 2325.51488738 4299.9601491  3343.56514201
 3343.55278735 4214.52342792 3271.13448863 3282.0654727 ], 480.0
[3289.18911521 2427.46598396 2316.72365062 4300.25089512 3343.14866338
 3343.7292244  4212.07547436 3268.1092442  3283.44925537], 480.0
[3280.48637149 2416.09995416 2307.72166475 4300.15144234 3343.10951271
 3343.72078424 4211.91557808 3270.69597054 3283.44771323], 480.0
[3269.30558488 2406.53371559 2294.48092225 4300.03721399 3343.16952939
 3343.53908525 4206.5842751  3271.09260869 3283.93005223], 480.0
[3297.03479986 2441.17766511 2330.63781241 4299.71041336 3343.56665473
 3343.07586203 4205.55781741 3266.97909155 3282.99357281], 480.0
[3298.77461782 2440.03354198 2327.74806408 4299.40367622 3342.83059096
 3342.58602939 4207.60943298 3270.63516936 3282.07794132], 480.0
[3287.27449911 2427.52172264 2309.4904205  4299.4047101  3342.82878003
 3342.44861856 4209.36116128 3270.77253871 3287.67273998], 480.0
[3304.56415789 2451.43506386 2330.4874437  4299.4463109  3342.64078608
 3342.14916029 4201.49831314 3264.64309378 3288.3204473 ], 480.0
[3276.64160428 2417.96851953 2293.63058693 4299.63848581 3342.61991086
 3341.79362168 4199.87892017 3267.47163463 3287.87458982], 480.0
[3277.64159033 2417.0302681  2289.84441863 4300.11447687 3342.75399179
 3341.09644384 4204.10791597 3266.35568132 3284.04693737], 480.0
[3286.151636   2427.30429088 2299.42669122 4300.6413559  3342.43922997
 3341.22215414 4212.1030961  3261.70482912 3285.23638978], 480.0
[3294.34023521 2431.74514691 2306.92117406 4300.08903646 3342.45369816
 3341.11777825 4214.9782156  3263.32232871 3281.62653732], 480.0
[3314.72265179 2459.28837533 2340.68937639 4299.78887014 3342.80633659
 3340.65792832 4214.80736494 3262.79699388 3282.73983674], 480.0
[3300.33032088 2441.87201748 2322.8512545  4299.6439393  3342.56416245
 3340.39731302 4214.82825298 3261.61110177 3280.99079309], 480.0
[3305.57316124 2453.04281485 2338.26481615 4299.3634779  3342.189991
 3340.29875979 4220.73506021 3256.07635279 3284.00748587], 480.0
[3289.92965291 2440.38754342 2321.70936521 4299.85511303 3341.81302686
 3340.46825724 4214.51561127 3249.22357402 3283.5225565 ], 480.0
[3297.20975716 2450.10344646 2333.77449591 4299.97971973 3341.82694473
 3340.70620637 4214.9782259  3251.3826735  3285.60123367], 480.0
[3282.75832956 2433.37762721 2315.04658931 4300.51038647 3342.01297555
 3340.87388172 4207.96064849 3254.59719162 3284.67475572], 480.0
[3276.90261214 2426.994175   2308.80870836 4300.15096674 3342.29839702
 3340.82483873 4209.99077854 3252.28192806 3287.6747282 ], 480.0
[3290.49912715 2447.0811779  2329.92789425 4299.62442884 3342.58397732
 3340.57608428 4205.27120657 3255.25619736 3288.43788028], 480.0
[3278.24326887 2425.03707252 2302.24044015 4299.8055789  3342.33896451
 3340.8125773  4213.92787809 3253.75676622 3288.96650553], 480.0
[3309.42990456 2458.80960704 2340.42328901 4299.26292858 3341.30861883
 3340.31208644 4210.35711279 3252.95842838 3290.00193295], 480.0
[3283.96598513 2421.640957   2300.79804643 4298.6057744  3340.93318033
 3340.73340044 4211.02613096 3251.47219481 3286.92828794], 480.0
[3293.46367755 2440.26178776 2317.90910271 4298.9000762  3340.87700038
 3340.83571854 4205.24496164 3252.07117324 3289.55836811], 480.0
[3282.00288959 2430.36738266 2309.16445384 4298.45258255 3340.90041299
 3340.42811441 4205.79901776 3253.68059011 3289.33085132], 480.0
[3295.40386462 2445.24268217 2320.06191007 4298.12298431 3340.54385295
 3339.78640099 4208.30302396 3253.3495173  3284.28161325], 480.0
[3282.8044198  2432.85542154 2306.17918295 4298.18389711 3340.56132402
 3340.33473439 4203.78919873 3252.31229038 3285.70130601], 480.0
[3307.44198287 2459.94954089 2338.42331432 4297.71657953 3340.07863894
 3339.81548758 4206.10588641 3251.94511847 3286.36974654], 480.0
[3290.19187303 2433.06678542 2317.02328385 4297.54340496 3340.17558055
 3339.85285935 4202.88231778 3253.43369722 3283.45833845], 480.0
[3286.64163408 2433.56365834 2311.70274328 4297.42334452 3339.9344522
 3339.0408586  4200.6088686  3255.5239418  3276.52019916], 480.0
[3283.49188056 2427.09445344 2300.80834906 4296.99972668 3339.14445367
 3339.22955709 4201.31175971 3250.49401021 3274.0632463 ], 480.0
[3289.41841094 2436.02760353 2310.39376371 4296.90697823 3339.29056425
 3339.29223027 4200.51260242 3252.8435605  3279.9482203 ], 480.0
[3303.09186137 2451.09727182 2324.1978459  4296.40327244 3339.13243828
 3338.97330432 4193.75900407 3256.12484517 3277.77295198], 480.0
[3288.8492806  2429.64411107 2304.1017761  4296.33739595 3338.82098308
 3338.68106871 4194.15192294 3252.80056996 3276.28456907], 480.0
[3276.70274386 2413.88481498 2281.07887366 4296.22894297 3338.75041881
 3338.58207579 4191.80229278 3250.90367455 3278.5735939 ], 480.0
[3277.91452253 2418.69300382 2288.59944811 4296.27416592 3338.27666311
 3338.54297581 4188.43676863 3248.95716124 3279.70528817], 480.0
[3288.42673275 2429.77642866 2298.78387135 4295.514328   3338.89980869
 3338.70425639 4187.40684791 3250.24538779 3284.96185403], 480.0
[3302.84206893 2452.75123327 2319.82727561 4295.50169878 3338.75768476
 3338.76363482 4185.37787786 3249.9207202  3284.18771296], 480.0
[3306.08257599 2453.3426344  2323.55563843 4294.94997654 3339.10399871
 3338.10694766 4184.83449316 3253.08447962 3284.52929773], 480.0
[3304.05582802 2459.32794844 2323.67413329 4294.51894169 3338.39568706
 3337.86812339 4180.55208316 3254.01389308 3280.36742754], 480.0
[3289.00787964 2438.80611925 2298.70719929 4294.30731916 3337.98092175
 3337.98105521 4175.47352262 3246.36372008 3275.23330626], 480.0
[3302.97947459 2454.98504487 2315.34405761 4293.67730513 3338.25401106
 3337.85809512 4180.32325892 3247.04399261 3273.90194454], 480.0
[3294.6928694  2451.75326889 2310.56646194 4293.97887011 3337.79697762
 3338.24396405 4181.93938746 3246.57569203 3279.00331922], 480.0
[3286.38901615 2447.63787377 2305.70966936 4294.39264374 3337.16462789
 3338.31789942 4184.02228003 3243.79294596 3277.36913099], 480.0
[3286.91962121 2447.04544613 2303.67416761 4294.08532677 3336.80940752
 3337.96505966 4182.10072603 3248.12108583 3277.9586575 ], 480.0
[3287.70765369 2452.17391989 2307.46530356 4293.26725063 3336.48989201
 3337.44139004 4182.38852773 3245.70045071 3278.68373513], 480.0
[3277.04617574 2444.96123673 2299.05986851 4293.51760273 3336.42250142
 3337.24027314 4185.15459948 3247.61070933 3277.97782912], 480.0
[3272.77967982 2445.17208816 2297.60695817 4292.34207802 3335.70913286
 3336.79884148 4183.81344457 3245.4689805  3277.85683689], 480.0
[3260.53075588 2432.96028746 2282.56744474 4291.98565397 3335.41116285
 3335.80005956 4185.63660626 3240.83365555 3279.53881998], 480.0
[3273.43579652 2444.41099724 2296.99869318 4291.73845711 3335.27581873
 3335.56644812 4185.77311578 3242.76544638 3275.92459898], 480.0
[3277.65323124 2450.89231119 2310.64298791 4290.89214697 3334.624369
 3335.669556   4178.79805684 3240.21111422 3278.5303328 ], 480.0
[3260.7892812  2430.00825281 2285.19271516 4290.94151325 3334.32925677
 3335.17979116 4179.63117952 3236.07806811 3272.65064402], 480.0
[3249.22285922 2420.77176981 2279.88444046 4290.02685738 3334.00108342
 3334.74594469 4181.38765464 3238.25505571 3264.88319731], 480.0
[3248.53025982 2425.4285144  2282.30849972 4289.51954451 3333.91323285
 3334.38199234 4178.41334538 3237.25436864 3263.27589917], 480.0
[3243.19685202 2421.02986344 2274.87964646 4288.72715998 3334.10731144
 3333.088657   4175.77843409 3236.64873714 3264.65623517], 480.0
[3235.21476512 2401.5728079  2244.32688743 4288.76786499 3334.10722256
 3332.65503745 4176.14415655 3236.10806866 3261.5262455 ], 480.0
[3267.11348028 2439.16086214 2288.64139789 4287.92713299 3333.97932739
 3332.77996764 4174.84038787 3236.94658766 3260.54206123], 480.0
[3243.82302039 2413.15286055 2264.59789296 4286.84254589 3334.20514464
 3332.99958582 4169.92067695 3231.28907042 3263.80725336], 480.0
[3259.0104614  2427.30289787 2284.41314214 4286.41120081 3334.32573009
 3333.05468669 4166.76995435 3229.86436372 3263.40752044], 480.0
[3777.52566228 2576.28274834 1987.92014789 4198.28594723 3281.26406012
 3257.51163898 3852.3076478  3111.74849281 2997.14487431], 480.0
[3773.11054997 2568.61761339 1975.43798967 4197.66952677 3281.03004436
 3257.99247112 3845.46499166 3104.8322782  2982.54923949], 480.0
[3774.07105961 2570.27032967 1977.83966497 4198.49840193 3281.15411272
 3257.82581758 3842.48439956 3112.55235136 2984.62048485], 480.0
[3773.03338156 2574.64277952 1984.51081577 4197.92748098 3280.97297149
 3257.9751627  3840.65290639 3109.57513769 2990.15880129], 480.0
[3775.77265015 2591.04448979 2019.04716469 4198.62726479 3280.79597688
 3258.64073534 3855.63063583 3110.75547333 2986.23315847], 480.0
[3778.18021502 2600.64190812 2036.65493739 4199.81619244 3280.59066362
 3258.4165905  3863.80946832 3109.64356441 2985.80917628], 480.0
[3776.8103169  2592.00004587 2022.91152255 4199.54262228 3280.55543613
 3257.9832418  3849.64749188 3108.26098609 2976.5369406 ], 480.0
[3774.45244865 2591.39774129 2022.3141394  4198.99707279 3280.56078954
 3257.86896501 3846.05458236 3103.81429243 2982.9311543 ], 480.0
[3771.66230602 2571.34822445 1988.35347079 4197.97159882 3280.66578274
 3258.10622883 3843.85131512 3102.82446609 2986.58164244], 480.0
[3775.34048877 2580.69651639 2000.32232456 4198.12484226 3280.62683353
 3258.02619734 3842.81767068 3097.24129424 2987.98820331], 480.0
[3773.78198967 2585.00211656 2013.96991812 4198.12533846 3280.45387564
 3258.2650732  3835.21364322 3099.73736954 2991.47389803], 480.0
[3777.1811502  2592.29255311 2029.95500932 4198.3136178  3279.56150432
 3258.9989182  3843.33228276 3100.21875467 2973.46617682], 480.0
[3774.82872639 2594.50760586 2038.08557597 4198.91563225 3280.174719
 3259.11164274 3840.12223718 3093.32632694 2976.64811537], 480.0
[3776.56824589 2593.50611758 2033.33131039 4198.30467043 3279.84283085
 3259.07011065 3843.63196688 3099.81909828 2986.02139513], 480.0
[3778.15197706 2600.8941057  2049.80019454 4199.28119173 3279.95973721
 3259.02479453 3851.11562343 3099.7809536  2986.98993254], 480.0
[3778.67155085 2597.17236018 2040.92367081 4198.74839849 3280.06513672
 3259.40470414 3847.28355012 3099.01739006 2979.96288431], 480.0
[3778.14239612 2600.49581265 2047.79740119 4199.20347261 3279.67971916
 3259.25888219 3843.00223866 3103.00404687 2980.84139237], 480.0
[3776.97781568 2597.19701707 2040.93936639 4198.84139833 3279.73472619
 3259.48519745 3845.10076976 3101.66758687 2980.68140991], 480.0
[3777.3571413  2594.17940462 2021.65495754 4199.34723816 3279.88923984
 3258.71350718 3841.24801688 3101.37040834 2990.3803781 ], 480.0
[3776.73669252 2590.9519572  2013.63810066 4198.95525541 3279.85505815
 3258.37423906 3842.94681334 3099.37065868 2984.24443388], 480.0
[3781.38309393 2608.0312825  2042.28564441 4200.68137035 3279.70097475
 3258.26939397 3848.60306888 3099.09172766 2984.30036807], 480.0
[3779.57017412 2597.01591761 2023.35005208 4199.48949299 3279.10536995
 3258.03760548 3840.159799   3094.65665848 2977.66490877], 480.0
[3779.08104634 2591.79569108 2004.64257962 4198.48041115 3279.48624969
 3258.02277198 3832.20643797 3088.90697885 2980.43281691], 480.0
[3777.96249666 2600.89858654 2030.76249901 4199.47281675 3279.30182195
 3257.7445066  3846.21677046 3089.80157423 2975.62649498], 480.0
[3775.36885595 2584.83533273 1986.88187228 4198.10896988 3279.77138052
 3257.38043814 3831.99666877 3091.30449667 2977.66866281], 480.0
[3776.01470876 2596.1875458  2016.05495741 4199.12226601 3279.45791254
 3257.67070265 3834.2299572  3089.26225376 2978.36873991], 480.0
[3778.50077662 2603.57480478 2028.2078854  4200.28032236 3278.94777436
 3257.74556394 3839.24031906 3096.01497762 2977.67224014], 480.0
[3776.23850365 2596.54219408 2014.90968207 4198.69268608 3278.9149569
 3257.68609161 3834.62777953 3087.0793117  2982.528687  ], 480.0
[3773.27625623 2584.88065817 1995.10380857 4198.12898073 3278.97531581
 3257.53346205 3820.10163751 3082.7671984  2974.13702123], 480.0
[3777.24223409 2590.83499064 2012.05268304 4198.81033478 3278.58986797
 3257.6236691  3834.95855126 3084.82843847 2978.2183569 ], 480.0
[3778.2216054  2593.5426482  2018.13306957 4199.1724144  3278.417694
 3257.69477515 3832.01320066 3080.04094644 2971.22779543], 480.0
[3777.66364307 2596.12916076 2018.86369049 4198.51074972 3277.92372866
 3257.56804624 3824.57220445 3081.56780534 2980.8748544 ], 480.0
[3778.32433567 2607.20747902 2050.67188777 4199.36438141 3277.82748766
 3258.20317707 3842.59085255 3078.74637876 2976.80928428], 480.0
[3776.48644366 2599.23524082 2029.56261358 4198.88053179 3278.08520608
 3257.49753246 3836.63623881 3082.13603611 2968.60197279], 480.0
[3778.49347086 2604.1522697  2036.80986113 4199.05753374 3278.11305742
 3257.82151322 3837.20911515 3080.98772159 2957.56975961], 480.0
[3774.62624598 2593.79339836 2019.55578108 4199.27197857 3278.38536434
 3257.49940581 3846.5524436  3082.85474758 2975.68547025], 480.0
[3772.10146661 2579.20408974 1990.14714994 4198.1366498  3278.31389503
 3257.43521533 3836.26000769 3082.60907741 2982.06647933], 480.0
[3773.91778202 2588.18958452 2000.76256947 4198.7972086  3278.31297655
 3257.06850209 3843.49089146 3080.01395044 2987.00798671], 480.0
[3770.111657   2582.67529001 1991.34798657 4198.71457262 3278.38082228
 3257.15966201 3833.1042243  3079.8854156  2975.60141604], 480.0
[3771.36280503 2581.66806259 1984.2561243  4197.79417248 3278.53556952
 3257.46676574 3824.42031088 3076.26680484 2977.47415953], 480.0
[3774.0733664  2599.02452362 2030.38138481 4199.59423332 3277.26268239
 3257.76390548 3843.75728683 3071.65505381 2971.34620743], 480.0
[3767.4290483  2574.6761508  1975.88162077 4197.56570225 3278.04845591
 3257.25853572 3830.83747644 3075.9799762  2971.49574661], 480.0
[3773.80168924 2595.82296293 2022.80590282 4199.33718328 3277.16840234
 3257.48269858 3841.47160401 3077.39489625 2985.16172426], 480.0
[3771.94766273 2584.69039185 2005.151289   4198.95411758 3277.60276279
 3257.72163167 3838.98036122 3084.5439724  2977.75105402], 480.0
[3774.28791337 2592.92434859 2008.17200754 4198.11202545 3277.52451463
 3257.30103889 3825.26778555 3078.95134473 2965.940219  ], 480.0
[3774.8631391  2592.65657897 2014.38659463 4198.30755186 3276.94730487
 3257.57196894 3840.63114629 3085.04686892 2967.24024646], 480.0
[3768.86673651 2577.78238976 1977.85940465 4196.48992929 3277.70849295
 3257.25744042 3824.29028275 3076.08875697 2971.85782466], 480.0
[3771.04372358 2587.35617576 2003.44410018 4197.71810713 3277.63915162
 3257.79290056 3830.80888343 3073.9101331  2970.75643148], 480.0
[3770.35039778 2593.58550878 2008.1516826  4197.93469362 3277.68763714
 3257.3041616  3832.09827445 3076.46139951 2979.92921228], 480.0
[3770.03216991 2588.59513447 1996.44975562 4197.20369644 3278.11682987
 3256.60270348 3830.12877331 3078.30483136 2971.43184013], 480.0
[3769.15818281 2588.01369958 2003.77357827 4198.01113443 3277.91310163
 3257.27131143 3830.51108215 3073.25921857 2969.11634843], 480.0
[3768.22398386 2578.21732788 1995.07576565 4198.43676529 3278.34044676
 3257.02454576 3835.97407646 3074.99542944 2961.69488368], 480.0
[3770.72894711 2592.20760226 2018.30616544 4198.61069384 3277.53374319
 3257.1018898  3842.02803979 3073.13304582 2961.40842912], 480.0
[3767.78316431 2564.03993461 1958.57660629 4196.09338293 3278.63099375
 3256.84096766 3819.0540282  3070.01370206 2980.97503061], 480.0
[3770.28552413 2588.95467148 2012.98061454 4197.57012892 3277.96248469
 3257.46047559 3830.10224652 3075.72136283 2970.39366059], 480.0
[3771.7924263  2588.67981348 1999.61373121 4197.25394173 3278.1025929
 3257.00079799 3834.28332868 3071.49065368 2962.3701453 ], 480.0
[3775.80811949 2602.39038837 2024.9681939  4197.9021389  3278.05028405
 3257.2086947  3843.17013159 3070.86097589 2955.61761216], 480.0
[3775.35149689 2606.96432378 2025.02969758 4197.39099226 3278.53606753
 3257.33072877 3827.40315599 3068.39664637 2951.49700749], 480.0
[3777.57441812 2604.88031549 2015.6951734  4197.38079052 3278.41841025
 3257.13275065 3827.30218773 3066.8609911  2954.14992037], 480.0
[3777.49126515 2598.70828714 1995.84284232 4197.02728052 3278.93645492
 3256.64168034 3820.69607797 3065.229404   2947.86996818], 480.0
[3765.72278428 2551.34242275 2003.50004773 4198.91218109 3277.40630312
 3259.71159186 3852.18086915 3133.98686528 3023.34251227], 480.0
[3766.11600027 2558.74868357 2024.22242849 4199.37880335 3276.79178567
 3260.52410865 3848.78327451 3132.07102022 3017.95070934], 480.0
[3766.69588652 2555.05683649 2011.00859744 4198.23080015 3276.86295481
 3260.77232904 3851.29572926 3133.44511161 3026.76230795], 480.0
[3765.81380525 2546.11269641 1997.82092436 4197.91075344 3277.69683318
 3260.77461967 3856.36146474 3130.51387391 3027.69042139], 480.0
[3769.21513901 2568.25856581 2061.02206341 4200.15131264 3276.19111643
 3261.71505742 3859.96173019 3136.1419982  3020.76314185], 480.0
[3765.82184758 2550.39177957 2009.23485934 4198.22508421 3277.47069826
 3261.20900974 3846.71263103 3125.51578856 3024.95868824], 480.0
[3767.59015198 2561.55709801 2036.53800778 4199.32828188 3277.04444909
 3261.14351392 3853.14622474 3123.47824063 3021.61586869], 480.0
[3770.9695087  2569.46329525 2054.28000608 4200.3979578  3276.05629239
 3261.51370697 3854.01153369 3130.65888047 3020.65809026], 480.0
[3768.38353677 2566.26645081 2041.08663916 4199.18317833 3276.56711125
 3261.12992835 3843.85270228 3126.07145152 3023.16478477], 480.0
[3766.52737541 2561.65306253 2037.49020602 4199.49209032 3276.44133253
 3261.98894539 3851.08695645 3128.88102403 3026.72352681], 480.0
[3765.28823738 2567.69606609 2049.96224924 4199.84922018 3276.12571373
 3261.53879886 3842.50400338 3131.86844611 3025.62428493], 480.0
[3770.02568846 2577.27532954 2074.20637944 4201.04804192 3275.52764902
 3261.98968287 3857.55097051 3132.07234311 3033.92812729], 480.0
[3765.47754412 2551.90872281 2015.18408614 4199.17283144 3277.21294665
 3261.63887949 3836.84235077 3128.14406562 3038.95669055], 480.0
[3768.88248663 2568.56641672 2051.6378518  4199.92288523 3276.55883241
 3261.95001979 3840.5226078  3130.89079094 3024.35138216], 480.0
[3769.82309694 2575.12954774 2061.43369526 4200.32875423 3276.32069759
 3261.89253883 3842.6268188  3130.72037387 3028.21796591], 480.0
[3770.14905453 2582.65269234 2079.36120279 4200.83861732 3275.80624838
 3262.47308521 3844.48004193 3131.53472471 3025.357952  ], 480.0
[3772.53140559 2579.88042061 2077.18410681 4200.61270351 3275.4273129
 3262.35061011 3846.52191672 3125.3593266  3025.17289263], 480.0
[3770.84012709 2572.70628898 2050.88257355 4198.97157383 3276.69102006
 3262.80075107 3838.99447694 3127.26688762 3022.91308179], 480.0
[3772.95445795 2592.88469927 2112.10516305 4201.27204342 3274.56599646
 3263.21582427 3846.34329295 3125.36963272 3032.31694899], 480.0
[3772.61889491 2579.59185138 2075.08785095 4200.4449439  3275.54041123
 3262.70933585 3846.77856493 3126.72177258 3020.32074699], 480.0
[3773.86416578 2582.19230742 2084.85690033 4200.3794138  3275.37509232
 3263.07698431 3834.70741067 3125.15922337 3029.96928554], 480.0
[3773.2061059  2567.63408566 2048.49395649 4198.98113375 3276.51977887
 3262.61744919 3826.24074144 3123.76638188 3031.69039479], 480.0
[3772.85139837 2571.47546892 2059.66648219 4199.58077555 3275.84982972
 3262.56009564 3829.72431216 3116.17943382 3026.73275023], 480.0
[3773.80049438 2583.65531456 2094.38954811 4200.45648613 3275.04372454
 3263.38934393 3842.26123128 3123.26464934 3023.72400587], 480.0
[3773.30213275 2578.02290998 2088.48697573 4199.96561823 3275.07638922
 3263.3550736  3845.02064781 3121.32646255 3027.96973016], 480.0
[3772.47101693 2573.32120132 2062.67042547 4199.04594488 3275.9660017
 3263.09665747 3827.07939634 3117.4410851  3034.96835265], 480.0
[3775.15476713 2588.66946955 2108.34520527 4200.61705446 3274.49272208
 3263.14139695 3840.32156315 3123.40566406 3028.3926198 ], 480.0
[3772.6369554  2578.37213602 2081.3166826  4200.03156357 3275.20261259
 3263.27206597 3845.72300677 3122.40453138 3026.87088561], 480.0
[3772.91580625 2575.36652317 2077.75700603 4199.68205042 3275.01786981
 3263.19260836 3840.46927528 3117.02640495 3027.39687033], 480.0
[3771.41806607 2569.80049477 2069.07930568 4199.49426613 3275.60792875
 3263.33159513 3831.82668624 3117.73832073 3035.84356461], 480.0
[3771.3671042  2571.04626098 2055.73316419 4198.55959101 3275.89568219
 3262.74597859 3825.1650836  3114.62235942 3031.05200007], 480.0
[3769.83311543 2575.73936698 2064.16276519 4198.41693068 3276.30760112
 3263.36586213 3827.31246452 3110.67163401 3035.41123912], 480.0
[3772.57886286 2582.67649393 2082.99393814 4199.55315609 3275.44892035
 3263.46002135 3837.89547796 3111.28915462 3033.55656295], 480.0
[3772.26863298 2580.85489407 2049.23056236 4197.78125515 3277.21958356
 3263.25172629 3827.59023371 3107.5331624  3023.42301424], 480.0
[3773.70674658 2592.01532207 2115.22518213 4201.59104233 3274.62707367
 3263.84273934 3845.12706614 3119.76585836 3022.32483709], 480.0
[3766.19072137 2562.29528813 2043.85432027 4198.85733595 3276.21882391
 3263.04034252 3841.3974463  3116.93802228 3033.87238376], 480.0
[3767.06304164 2568.2733705  2050.92980857 4198.56165371 3276.44617743
 3263.04416218 3839.96896682 3112.21116714 3031.56511145], 480.0
[3766.96249056 2570.09676414 2060.62078889 4199.95511122 3275.87182302
 3262.82964759 3848.03425765 3115.90616107 3035.38059745], 480.0
[3763.77719831 2548.79569793 2015.45837089 4198.11487112 3276.3683176
 3262.18025169 3827.22414579 3112.89764647 3030.22165115], 480.0
[3766.62769351 2566.40160751 2040.98151143 4198.53113594 3275.91990118
 3262.17234664 3837.03683147 3114.95053082 3019.93892112], 480.0
[3768.15963812 2570.91410935 2069.11347528 4200.53573704 3274.33213091
 3262.22066078 3837.34199214 3118.37190609 3023.54270759], 480.0
[3767.784582   2572.70129442 2075.88725876 4200.17954645 3274.22616882
 3262.22969618 3835.33179364 3120.51412668 3026.31978734], 480.0
[3765.35601611 2564.70159686 2048.98080394 4199.36905622 3275.26204572
 3262.1158998  3829.13223433 3117.94392571 3019.38278487], 480.0
[3764.1083478  2555.0474694  2035.74710994 4199.22269421 3275.6718029
 3262.00803003 3830.24961452 3111.99836793 3024.70503542], 480.0
[3768.30638146 2577.874963   2077.60133965 4199.34457827 3275.00167136
 3262.84530644 3824.89337211 3114.72826457 3018.41820374], 480.0
[3764.15370131 2556.80022948 2023.03354989 4198.09814644 3276.19206119
 3261.92257586 3829.96362634 3115.26859331 3028.40701928], 480.0
[3770.11285396 2579.7037647  2074.58220723 4199.40647545 3275.08582702
 3262.67233248 3826.29394026 3114.48948145 3013.62389333], 480.0
[3764.93583708 2568.94422109 2045.39696883 4198.32503567 3276.12734318
 3262.30424304 3821.94585385 3108.84805565 3024.22648597], 480.0
[3768.20098004 2586.94509065 2089.08585146 4199.88082008 3275.12987518
 3262.88499141 3834.96586785 3110.08095102 3023.53800359], 480.0
[3767.54277196 2578.77704418 2065.78664393 4199.49030447 3275.34717045
 3262.52503347 3826.39276581 3112.58656321 3018.95945632], 480.0
[3766.05856795 2570.24467373 2051.3116338  4198.88837328 3275.78948836
 3262.36534343 3822.97874379 3109.51727309 3014.59569547], 480.0
[3762.69903479 2564.17936416 2044.78635911 4198.64952765 3275.63313632
 3261.85710034 3822.70855639 3105.46648276 3011.68620205], 480.0
[3762.7057682  2559.21573308 2036.96979015 4198.53698969 3275.08787932
 3261.27708139 3816.41085863 3108.89085307 3018.20256672], 480.0
[3764.84203434 2562.12088017 2040.6129356  4198.58804932 3275.246455
 3261.37783933 3823.40257852 3110.85210481 3019.36990054], 480.0
[3763.0927259  2555.06087077 2024.46006224 4197.71816235 3275.65498157
 3261.532092   3822.48006444 3107.62041752 3016.59256449], 480.0
[3758.60632253 2557.43101599 2032.26592034 4197.79800949 3274.94113135
 3261.72474909 3826.88342943 3111.71102066 3018.9496469 ], 480.0
[3762.03271909 2552.91648142 2022.27922403 4197.70012636 3275.42175479
 3261.45308604 3824.79679146 3109.87981009 3018.85667861], 480.0
[3758.74986296 2558.82101104 2026.593906   4197.03490753 3275.91225667
 3261.61832595 3818.61889231 3107.41327395 3015.21171014], 480.0
[3759.03601899 2557.84707417 2023.37740676 4197.22310801 3275.77764101
 3261.67235351 3828.01746068 3113.08530412 3005.9442215 ], 480.0
[3755.70788646 2552.92429094 2016.67617869 4197.63215284 3275.51817989
 3261.4373311  3822.84469538 3110.84432063 3010.72328417], 480.0
[3523.70670347 3074.91807404 2963.80474567 4167.7209053  3265.63487053
 3269.62520366 3832.65454745 2988.84352891 3055.34882445], 480.0
[3525.39384179 3074.28086233 2967.772119   4167.85600872 3265.08056192
 3269.90996804 3824.1770031  2988.31543548 3055.64050941], 480.0
[3519.87490301 3072.43374381 2962.77363634 4167.0338439  3264.53840275
 3269.67771564 3830.99829113 2982.95689309 3054.82630081], 480.0
[3520.5094182  3071.84933019 2963.57068644 4167.28196001 3264.35778232
 3269.5420187  3827.14043493 2983.49470055 3053.55942924], 480.0
[3527.51960664 3074.18868818 2968.54063945 4167.19291525 3265.58291893
 3270.17115426 3824.55605106 2987.56973732 3057.56078935], 480.0
[3519.68032913 3071.89722037 2959.51879711 4166.9591054  3264.68002658
 3269.44940267 3830.31914191 2985.14037054 3051.60211687], 480.0
[3514.0030313  3070.53112569 2959.28823328 4166.39956293 3263.7662509
 3269.13589706 3821.20691395 2981.88228526 3052.46802201], 480.0
[3521.25285621 3073.12956648 2964.77414231 4167.23585949 3264.55598502
 3269.42573123 3830.62050529 2989.47339792 3052.56563931], 480.0
[3519.88172073 3070.98693795 2960.96015215 4166.39752169 3263.47025876
 3269.14174943 3826.16290498 2990.27897708 3052.51539509], 480.0
[3525.03555841 3071.92066097 2961.87939119 4167.13347197 3264.30802951
 3269.32622557 3824.30128701 2978.92941837 3047.03017714], 480.0
[3527.1353169  3073.67572651 2965.612217   4167.10947504 3264.63208523
 3269.68661885 3825.95209923 2987.21968088 3060.49902229], 480.0
[3525.08722329 3073.90448775 2960.64270258 4167.02663813 3264.7176549
 3269.58032789 3823.00681672 2983.504826   3049.58934851], 480.0
[3526.69517031 3074.72245822 2963.99569845 4167.23359165 3264.74809585
 3269.87221174 3819.19264989 2981.00318916 3052.51828778], 480.0
[3523.49421592 3076.51141834 2962.92992845 4167.1180337  3264.53594089
 3269.92233052 3822.96890841 2983.74079299 3047.46652536], 480.0
[3526.17723527 3077.73206863 2967.76157336 4166.75159731 3264.697966
 3269.34974747 3827.31752882 2982.70687547 3052.79235148], 480.0
[3525.26208587 3077.86659079 2964.23119459 4166.16540995 3264.96225176
 3269.89628587 3822.82601547 2983.22658882 3051.72698889], 480.0
[3513.97988091 3072.78800802 2957.19083142 4165.94864111 3263.07164626
 3269.23559737 3826.19796729 2979.71869173 3049.95737162], 480.0
[3530.49597492 3080.83833728 2969.35716352 4167.4571558  3266.01779895
 3270.6333571  3831.51737971 2985.99590418 3059.10503235], 480.0
[3520.44867826 3075.60477729 2961.56461306 4167.16267328 3264.12792621
 3269.83874192 3832.73057413 2980.96769433 3059.29235711], 480.0
[3527.81837025 3080.89446836 2968.6529809  4168.21920795 3265.56798735
 3270.22573357 3833.31174116 2979.14451175 3058.09986277], 480.0
[3522.30411325 3078.34729362 2964.70508742 4167.70760498 3264.62312007
 3269.9116889  3834.19274936 2984.1683146  3056.81621845], 480.0
[3527.99466438 3080.25726523 2965.76374664 4167.41122656 3265.55070887
 3269.73690891 3825.94576809 2982.85617878 3058.24696944], 480.0
[3518.43465605 3077.87207971 2959.13671074 4166.4568325  3263.96812258
 3269.23562422 3831.62607546 2980.69200716 3059.55688248], 480.0
[3518.35662737 3076.92305408 2958.16832733 4166.80177402 3263.6158761
 3268.89246879 3836.56192036 2975.19943519 3047.90898793], 480.0
[3528.20224452 3079.48583794 2965.26100469 4167.6349967  3264.59073377
 3269.28164072 3838.09537201 2974.92867119 3049.11170738], 480.0
[3522.01032186 3075.86669941 2958.12777991 4167.08889608 3264.11685371
 3268.95563178 3830.50579846 2977.70141864 3048.68091645], 480.0
[3517.84380884 3074.08172479 2954.28695674 4166.20595922 3263.27298598
 3268.28644938 3829.9162683  2974.0270339  3052.8410054 ], 480.0
[3527.80529051 3077.29865956 2962.70933623 4167.40446138 3264.17109504
 3268.43546219 3815.67106752 2973.06477911 3046.3244648 ], 480.0
[3520.14986687 3073.79055762 2957.4435205  4166.64388094 3263.16692352
 3268.26816325 3818.30717554 2968.23469338 3046.18386247], 480.0
[3522.35581484 3075.91618052 2959.52575908 4166.94023075 3263.98264809
 3268.34698634 3811.87713075 2975.5707171  3045.72557387], 480.0
[3517.33380651 3074.74339471 2955.02457519 4166.82243042 3263.05348287
 3268.16765499 3823.99577761 2975.41713173 3042.83993385], 480.0
[3522.68466716 3076.74547329 2960.30319252 4167.03103838 3263.81324024
 3268.26791859 3824.5133162  2973.285514   3042.02672212], 480.0
[3521.86729994 3076.72124348 2957.83739295 4166.79063988 3263.63885021
 3268.40865026 3823.16316214 2966.71161623 3043.9464982 ], 480.0
[3523.80000324 3076.78594217 2960.25618463 4166.73748293 3263.94603705
 3268.62362905 3820.06070495 2957.94958549 3041.80295706], 480.0
[3521.38653946 3075.46081562 2958.18706694 4166.72435923 3263.57085505
 3268.32571015 3819.69059696 2970.21759417 3037.32534113], 480.0
[3513.7163691  3074.71189237 2952.83300109 4165.78709202 3263.52642565
 3267.94497199 3816.76602221 2967.02894862 3042.51788239], 480.0
[3519.6381681  3072.58981104 2953.28108397 4166.29288788 3263.3410059
 3267.87257748 3820.86505871 2969.70050588 3044.30915489], 480.0
[3521.99983187 3073.4708869  2954.87665219 4165.94636421 3263.6732111
 3268.24276991 3816.98736639 2963.30377972 3044.14833245], 480.0
[3516.75843978 3070.18486581 2951.29828663 4164.72218714 3263.01273317
 3267.61190805 3817.18328743 2960.54751256 3043.33900468], 480.0
[3521.20591059 3072.88371735 2952.95471406 4165.49567614 3263.60181255
 3267.52875185 3813.92251601 2966.84559014 3048.26334255], 480.0
[3523.49835696 3074.71995711 2957.99856229 4165.52804413 3263.82186704
 3267.37693362 3814.05394149 2975.66575983 3047.86687531], 480.0
[3516.32781267 3070.4363143  2954.79311171 4165.10745325 3262.73220119
 3267.10455828 3814.956285   2966.14767618 3044.7545835 ], 480.0
[3512.33254786 3069.21382866 2953.37900753 4164.53194313 3262.10814238
 3267.23188267 3810.27595353 2959.42136722 3044.09225607], 480.0
[3516.74243007 3070.11922541 2956.31954679 4165.54079924 3262.14666224
 3267.36540189 3816.17608471 2969.97585449 3045.00344257], 480.0
[3524.66098552 3073.7582057  2964.18057323 4166.26708908 3263.41128359
 3267.9767354  3815.4586194  2978.62801445 3045.11494212], 480.0
[3517.19317627 3068.22330818 2957.49094768 4164.64831705 3261.65877366
 3267.55555887 3819.88449597 2966.3507751  3045.78022523], 480.0
[3520.44277406 3069.29872031 2962.31388679 4164.50697622 3261.86012664
 3267.57375154 3814.48882651 2968.66944923 3037.46671469], 480.0
[3523.61620135 3070.94677362 2967.08535891 4164.26292315 3262.34818912
 3267.23543086 3821.72507434 2970.3505444  3041.35685234], 480.0
[3524.00700788 3072.45654049 2966.22905331 4164.37910118 3262.70207162
 3267.25529504 3811.36933651 2962.82110693 3043.84052141], 480.0
[3524.00192041 3070.1351728  2962.41735978 4163.60705891 3262.54433799
 3266.61236033 3821.97803779 2969.42167788 3034.84250071], 480.0
[3520.35578842 3069.0778758  2960.22666435 4163.45596428 3262.230691
 3266.98151536 3810.08590178 2965.00297096 3035.36390123], 480.0
[3526.41573315 3070.51242137 2961.9466002  4164.23462639 3263.18815451
 3267.29610381 3807.25565548 2970.18173983 3035.35963104], 480.0
[3526.4387826  3069.98736606 2957.75368767 4164.6534337  3262.73887353
 3267.16477914 3813.84280276 2966.16882725 3034.26105881], 480.0
[3525.01521645 3069.22363272 2955.54869399 4164.05682201 3262.35196609
 3266.75909724 3820.07853208 2965.96644659 3033.03700719], 480.0
[3516.31998754 3065.53042779 2948.49937401 4163.06388321 3260.86846404
 3266.60988078 3818.00552588 2968.43587904 3035.32847805], 480.0
[3518.27208896 3064.55729766 2945.5567234  4162.63052235 3260.78023443
 3266.89163213 3819.57785149 2958.3688498  3034.9330596 ], 480.0
[3521.67384634 3067.4187624  2949.61133237 4163.06634188 3261.94544148
 3266.68367066 3818.32302756 2957.2940923  3037.50230787], 480.0
[3518.2267468  3067.64133925 2946.39885082 4162.90367365 3261.70126343
 3266.31766944 3823.08091125 2959.23128536 3029.61787717], 480.0
[3521.55806298 3068.71601033 2949.39493079 4162.60104666 3261.99932528
 3266.45722466 3823.56970372 2963.05564125 3035.24217367], 480.0
[3525.40240731 3067.83582683 2946.69541526 4162.08134909 3261.65428543
 3266.73831625 3827.37743549 2959.86032548 3036.71531141], 480.0
[3547.81056371 2973.73092198 3132.93766217 4234.46184921 3279.6772253
 3274.20309629 3990.93305306 2991.71872089 2915.79503756], 480.0
[3545.95524225 2970.45310946 3131.07322674 4234.30676184 3278.95726433
 3274.36628594 3987.37199225 2992.50304153 2914.0171024 ], 480.0
[3547.33178129 2969.51538277 3133.95803051 4234.09049873 3279.2916481
 3275.62242222 3994.99686265 2997.72449074 2922.85194762], 480.0
[3556.99193063 2970.83056989 3131.16828432 4233.89524937 3279.70185504
 3275.89911799 3993.28609462 2997.90458646 2922.11074662], 480.0
[3550.89595451 2969.0174943  3130.37883115 4233.31374626 3280.14721112
 3275.52859707 3990.95875754 3002.83912597 2918.5519851 ], 480.0
[3558.22499166 2975.83652568 3132.55825028 4232.59519968 3279.59474602
 3275.60763426 3992.52486286 2998.69354436 2918.4587265 ], 480.0
[3562.96566834 2976.05790253 3133.9617115  4233.33763514 3279.77755241
 3276.51351933 3998.37025685 3000.8669333  2931.68433297], 480.0
[3556.09649    2971.87071452 3131.27809978 4233.58624077 3278.97436018
 3274.96495771 3992.52448688 2991.55357921 2910.80542967], 480.0
[3561.4489223  2972.64844637 3128.56952858 4232.98286381 3278.16254144
 3274.94932933 3993.55355654 2993.90103965 2924.22029591], 480.0
[3558.66743002 2968.80780191 3129.56345606 4233.34953241 3277.74422259
 3275.27685523 4001.7632803  2999.68764184 2924.31482844], 480.0
[3565.11368055 2978.23664923 3126.98375387 4233.42486134 3278.60526791
 3275.99746323 4000.75754061 2998.39941063 2935.36004338], 480.0
[3561.49061446 2975.02743626 3129.17699561 4233.40131254 3278.21275454
 3276.07015991 3996.42066364 2988.64159591 2923.69866931], 480.0
[3563.66520185 2978.82825522 3127.68807559 4233.64152088 3278.45021224
 3275.16932459 3999.54349513 2994.62772226 2918.51451946], 480.0
[3565.88270073 2980.66065316 3127.39891586 4233.1913888  3278.5918375
 3276.11462512 3993.19648175 2991.40114255 2915.41719019], 480.0
[3560.39459267 2981.39457994 3125.83341632 4232.71632738 3278.00842309
 3272.26020422 3992.86675386 2997.28953929 2893.62120228], 480.0
[3562.2486588  2974.50908852 3126.14554572 4233.19944296 3278.12786145
 3273.79290586 3994.6093894  2988.68654802 2903.77386677], 480.0
[3565.54004664 2981.15184698 3128.03543673 4232.83252354 3277.37377634
 3273.02282252 3995.95213943 2983.97527328 2899.65212795], 480.0
[3566.87009549 2981.31745162 3130.46733985 4233.06459074 3278.08876562
 3273.32751689 3991.11368847 2986.01280189 2909.0296984 ], 480.0
[3563.61723094 2981.652384   3128.87591763 4233.58617697 3278.83065958
 3273.60529275 3992.4024889  2987.88751788 2904.56674478], 480.0
[3559.96893997 2980.55110807 3127.21726422 4233.66494141 3278.98267078
 3274.58432026 3991.91715589 2991.633759   2908.82219045], 480.0
[3562.47068801 2980.88272886 3126.68622189 4233.92572041 3278.35301046
 3274.31382647 4004.33668237 2980.30391896 2906.00853684], 480.0
[3553.25593362 2975.99343681 3126.37436619 4233.74947023 3278.66398487
 3273.20304346 4001.32455559 2985.36648276 2901.73640032], 480.0
[3557.6736393  2979.30185075 3128.26602907 4234.09590645 3278.98746471
 3274.52833157 3999.20853276 2986.35384576 2914.28271425], 480.0
[3554.74106498 2977.6098731  3130.17003927 4233.39502821 3278.88546343
 3272.54283857 3995.17136717 2989.87948511 2901.95008619], 480.0
[3556.3337667  2979.0604249  3129.3254797  4233.47598143 3279.63643413
 3273.55882664 3990.93557878 2990.37058158 2911.04923091], 480.0
[3554.45042806 2973.45692039 3131.78084388 4233.07352858 3278.40677791
 3272.68086491 3983.09812186 2985.87453234 2902.27930496], 480.0
[3561.09477925 2975.84895496 3130.29260082 4233.52130432 3278.95052686
 3274.53733377 3990.70510635 2978.5896409  2906.16753535], 480.0
[3560.13072124 2968.51070628 3129.39125848 4233.31434641 3277.9969852
 3275.10322475 3995.37350979 2982.26514399 2919.16354918], 480.0
[3552.17819371 2966.95255022 3128.55061765 4233.11012821 3277.8567605
 3273.90913076 3995.43088245 2979.67150433 2908.7430748 ], 480.0
[3554.24796653 2968.62684221 3125.51025434 4232.58974819 3278.06512861
 3272.21909776 3994.10296431 2970.35224855 2892.22699859], 480.0
[3550.32189322 2966.94857817 3126.63048253 4232.8833374  3278.62399511
 3274.09696407 3989.00512552 2979.68376291 2906.66793869], 480.0
[3551.96771069 2968.25396385 3125.5205091  4232.42187729 3277.63540387
 3273.5178328  3998.71412759 2976.11448166 2903.32127862], 480.0
[3557.46880488 2970.63707566 3128.44611816 4232.29203444 3277.94865112
 3274.25682735 3992.81294746 2960.39598868 2911.5346101 ], 480.0
[3554.24065027 2971.48011909 3129.16161547 4232.45772743 3278.23681259
 3274.45759282 3991.72327123 2970.35999675 2919.79275186], 480.0
[3548.32684693 2964.72361841 3128.36804161 4232.23062334 3277.67294002
 3273.41398721 3992.2381681  2973.29211709 2912.51461861], 480.0
[3555.18626761 2972.97748742 3126.74149098 4232.11843691 3278.33986287
 3274.59034047 3996.61375604 2978.51349978 2915.01446514], 480.0
[3551.88873515 2971.75034022 3127.872507   4232.0050375  3277.85187383
 3272.59890246 3989.75786309 2971.75740175 2914.22755167], 480.0
[3562.59203062 2976.47999187 3125.74274397 4231.45117846 3277.79100819
 3273.67798762 3993.4846426  2966.79609001 2929.20738647], 480.0
[3553.006108   2968.95155077 3124.60666432 4230.15193205 3277.68575106
 3273.52195072 3993.60336142 2969.56067817 2915.15028093], 480.0
[3551.09788322 2967.10687819 3122.91807446 4229.85832243 3277.48176484
 3273.36269064 3993.94052491 2972.90226626 2910.95838497], 480.0
[3553.46012435 2969.58039894 3118.08117385 4229.77234793 3277.5896749
 3273.26879201 3992.51215863 2963.84290535 2915.36870749], 480.0
[3552.62486782 2968.40606403 3121.2496408  4229.99222193 3277.63699536
 3273.31896667 3989.2700006  2968.88137074 2915.27673061], 480.0
[3556.48137341 2968.27797089 3120.20324392 4228.69637394 3277.68775172
 3275.31990628 3983.12067237 2962.60459552 2926.69874501], 480.0
[3554.57737589 2966.66522059 3116.68802371 4228.66396055 3277.47681618
 3274.66991262 3990.24441338 2965.93790495 2916.45824633], 480.0
[3551.90281744 2967.44124293 3118.16289997 4229.13979778 3278.23214545
 3273.44416184 3987.16244507 2963.25396068 2904.55214311], 480.0
[3550.26669111 2969.11890488 3117.27124753 4228.79375734 3278.04110065
 3273.09242053 3991.66704559 2972.98421857 2905.02378561], 480.0
[3547.66254869 2965.93011079 3114.39147429 4228.62126226 3278.63874345
 3272.11878605 3982.96932306 2967.01234117 2913.03153559], 480.0
[3551.08726172 2964.62709336 3115.12053757 4228.99574013 3278.07559381
 3271.97137055 3981.57023029 2961.04063237 2896.78449392], 480.0
[3554.14339862 2967.68360753 3112.2396143  4228.98623152 3278.45962987
 3273.70707965 3989.48329625 2957.63463993 2910.11109483], 480.0
[3542.05461564 2961.94487524 3115.88697891 4229.26697464 3278.38195119
 3270.71294684 3975.66379762 2965.65347867 2894.36810167], 480.0
[3545.78907528 2964.59213195 3111.54714661 4229.03698816 3279.21057124
 3271.77129984 3984.89990325 2961.95155942 2897.85470772], 480.0
[3549.77003484 2962.88272896 3111.27385483 4228.97973633 3278.59785757
 3271.29456725 3988.3750299  2967.78001399 2896.9587893 ], 480.0
[3549.47361255 2964.80494103 3113.55432806 4229.46010885 3278.95162396
 3271.15873828 3990.28026299 2960.56155648 2898.80945992], 480.0
[3548.07755313 2960.83833261 3109.78699598 4229.29419394 3278.57366133
 3270.57031822 3985.30224738 2946.46708627 2894.7841471 ], 480.0
[3547.44262815 2961.68894162 3111.45375957 4229.10618277 3278.95689478
 3271.10155287 3984.90328732 2959.3529851  2893.44181085], 480.0
[3548.32902851 2964.6842834  3114.38587704 4228.86179409 3278.70930314
 3269.41084557 3974.95578918 2955.3772387  2883.45098801], 480.0
[3546.79704151 2962.97774572 3111.92330856 4228.67194891 3278.76975064
 3270.05145226 3980.3158998  2954.73115597 2882.12316988], 480.0
[3547.33968787 2958.45722909 3113.21402059 4228.98493338 3279.4780045
 3271.0432085  3984.9663641  2967.64723976 2896.25813317], 480.0
[3544.7687861  2956.09462323 3109.65015974 4228.05493097 3278.01558337
 3269.8945363  3973.36176701 2957.15366087 2887.68662485], 480.0
[3546.91456399 2955.23870549 3107.89102397 4227.6426302  3278.23837361
 3271.29406428 3985.18083634 2966.48856962 2905.07058119], 480.0
[3524.7181932  3063.93903394 2968.75473247 4176.75959511 3264.59310536
 3277.66542377 3836.9273406  2939.00977113 3073.49334502], 480.0
[3525.14089236 3063.77325668 2969.06121655 4176.86899738 3264.30959301
 3277.84576468 3839.17457895 2939.46385553 3068.18769536], 480.0
[3524.11704764 3065.30228372 2969.96219606 4176.7568203  3264.74539533
 3277.75498171 3833.31213093 2936.48799565 3069.85243783], 480.0
[3522.51840506 3063.7378231  2963.56171517 4176.61539154 3264.42421236
 3277.81682763 3834.66797283 2937.11035142 3073.23997312], 480.0
[3526.20653572 3063.78123593 2971.65316739 4177.1845624  3264.37245817
 3277.7526504  3819.31729889 2932.60205531 3070.65685372], 480.0
[3519.95653229 3061.00669045 2962.52433863 4176.94375362 3263.77450514
 3276.76189108 3826.16706023 2935.05519106 3063.29562211], 480.0
[3528.45946417 3061.64756422 2968.14364095 4177.84410295 3264.35318608
 3277.41793132 3834.01900835 2940.49345403 3072.70103197], 480.0
[3516.87206726 3055.82497301 2956.01889639 4176.69843788 3262.92874913
 3276.49429674 3827.80497923 2932.41975281 3061.38645134], 480.0
[3520.31445122 3057.12050648 2958.0772768  4176.9208107  3263.60814071
 3276.7816123  3832.38351474 2934.12778165 3063.1737515 ], 480.0
[3526.00671263 3060.28828235 2965.69510374 4177.25858507 3264.36745954
 3277.15096283 3830.57159572 2942.73416598 3065.9432641 ], 480.0
[3526.47377934 3061.04425988 2966.72505517 4177.22476702 3264.55365405
 3277.04637957 3832.48220181 2947.41521995 3063.16744761], 480.0
[3527.83055935 3059.50576673 2966.12658997 4177.56070309 3264.39004288
 3276.95606575 3825.53008175 2945.63834949 3067.58049884], 480.0
[3524.03419394 3059.85403695 2961.30132113 4176.90869465 3263.98606987
 3276.93940954 3831.69973564 2944.60807705 3070.58811688], 480.0
[3533.91040907 3065.08050523 2974.90276279 4177.90281267 3265.32526088
 3277.39492097 3824.93050549 2939.99905555 3063.1205065 ], 480.0
[3522.28709273 3061.63535442 2959.9320889  4176.32514648 3264.11822071
 3276.97427025 3836.4522655  2933.31370604 3070.07415702], 480.0
[3531.80882368 3066.50856805 2970.30599885 4176.83273182 3266.19474592
 3277.54049244 3831.45399418 2944.42444897 3065.88242126], 480.0
[3527.67872744 3063.57528167 2964.72730818 4176.83514977 3264.79765024
 3277.41286483 3828.60582895 2935.46572261 3060.45409083], 480.0
[3531.1613976  3063.64679408 2967.86929708 4177.27087202 3265.17556882
 3277.91100888 3838.40243344 2936.72559977 3065.91167984], 480.0
[3531.64637098 3065.23414884 2969.26283464 4177.12852697 3265.61292963
 3277.85519342 3825.26955674 2937.14557769 3068.30139937], 480.0
[3534.63748751 3067.03357563 2974.29959579 4178.71757202 3265.95956626
 3277.86318769 3823.40019183 2943.46323197 3071.48727274], 480.0
[3524.24652705 3063.062851   2961.66285963 4177.55524712 3264.54524627
 3277.70790229 3829.77722125 2931.4939435  3068.58906097], 480.0
[3530.67789292 3065.7510304  2967.53586941 4178.3574542  3265.09019518
 3277.73865495 3829.93876352 2935.44893596 3062.05673251], 480.0
[3525.74246168 3065.50170732 2963.15248814 4177.84663725 3264.89657521
 3277.8956831  3824.35908732 2941.3127115  3061.07141342], 480.0
[3536.58850646 3070.79879317 2975.06965928 4179.59107723 3266.2114656
 3277.75544462 3831.34951427 2937.97690246 3065.58968606], 480.0
[3529.59142981 3068.48106036 2968.67528572 4178.13127365 3264.81648946
 3277.22578206 3827.18146996 2941.35765128 3057.94854693], 480.0
[3520.21076097 3065.91962771 2957.1924922  4177.43798227 3263.59098177
 3277.00765924 3824.42473745 2935.83015018 3046.91593976], 480.0
[3529.78481946 3067.53005047 2962.65805421 4177.51677198 3264.56370435
 3276.64438281 3830.19371061 2943.5682584  3057.606758  ], 480.0
[3529.11495619 3069.86820865 2961.65915256 4177.43504772 3264.70264897
 3276.01852021 3827.13669558 2939.4171088  3060.48391399], 480.0
[3533.52793145 3071.32747407 2960.19529366 4177.23215704 3265.38638186
 3275.86255121 3833.0999126  2941.24238949 3052.17947726], 480.0
[3535.26216321 3073.21180687 2969.93663502 4177.34064531 3265.69799147
 3276.06007423 3820.09783702 2940.43434949 3052.18791487], 480.0
[3523.22652893 3069.08366289 2955.04210701 4176.07012234 3263.9718214
 3276.09221654 3829.56903243 2934.41408942 3053.00421069], 480.0
[3529.85008216 3074.53150482 2965.10523672 4177.26239281 3265.63940878
 3276.7102922  3834.18074298 2935.35237157 3049.69399714], 480.0
[3525.71486344 3074.61328716 2959.63023639 4177.14267244 3265.37513475
 3276.44304361 3822.7451304  2939.22260377 3055.30447102], 480.0
[3524.62615652 3073.18161883 2957.63496165 4176.91064548 3264.54787641
 3276.12238669 3827.39829626 2937.97208238 3057.09643266], 480.0
[3526.85638251 3073.53115726 2958.17510843 4176.71891069 3264.76703839
 3276.37170854 3830.61215911 2939.72697341 3057.03732495], 480.0
[3527.63046408 3073.63153505 2959.5595005  4177.11451702 3265.15232625
 3276.34270277 3823.30485063 2933.16353874 3055.53261263], 480.0
[3527.68328247 3073.0154799  2958.9958056  4176.73824558 3265.16866541
 3275.84772367 3829.41719661 2934.5863338  3049.7213326 ], 480.0
[3525.00249085 3072.91221642 2954.31871529 4175.61607447 3264.71436324
 3275.60450902 3828.54982204 2951.33286722 3061.29476302], 480.0
[3523.64558129 3074.40593371 2954.986134   4176.06979713 3264.8695004
 3275.76879101 3830.92489057 2934.88202629 3059.20697761], 480.0
[3525.17701321 3075.54602504 2958.63563714 4176.07527685 3265.28075423
 3275.71180186 3832.8261446  2941.76746078 3053.32755845], 480.0
[3521.18200521 3072.76176901 2954.16547241 4175.50018282 3264.01857862
 3275.67601495 3836.76504836 2935.38397751 3057.29587674], 480.0
[3525.73887711 3072.56988978 2958.18735433 4175.84359188 3264.61019974
 3275.79101353 3836.71531229 2944.95420957 3055.78695197], 480.0
[3531.47281461 3074.15253744 2963.09672623 4175.95177269 3264.6428895
 3276.110672   3840.49452481 2939.89959807 3052.9674439 ], 480.0
[3527.44207296 3072.47284799 2963.22873254 4175.14371424 3264.12870121
 3275.42933259 3824.40346832 2940.19754953 3051.9529645 ], 480.0
[3522.23853226 3073.72251201 2962.23886819 4175.37851648 3263.65724411
 3276.10829244 3828.59230671 2937.92900553 3058.59236243], 480.0
[3528.25955234 3073.89622669 2962.40752206 4176.34476557 3264.35696645
 3275.69677052 3822.95324001 2938.56488199 3048.65757098], 480.0
[3525.78979244 3073.53335214 2965.16187739 4175.96525822 3263.9204319
 3275.84545331 3826.10857453 2942.10807202 3055.87416527], 480.0
[3536.83017831 3076.89125881 2976.43020582 4176.89008198 3265.77375956
 3275.96994767 3818.60519319 2937.69948742 3049.23774431], 480.0
[3523.38081417 3071.88691053 2966.0654398  4174.9738348  3263.69025273
 3275.09208231 3817.55357776 2928.56446142 3049.83168068], 480.0
[3536.19991059 3073.72752423 2970.16658835 4175.53594742 3264.7808558
 3275.72886395 3822.16364231 2927.92240763 3053.34551468], 480.0
[3532.96048903 3074.76992903 2971.58331652 4175.33528614 3264.40968995
 3275.60905247 3815.88001008 2928.41598346 3049.41566215], 480.0
[3527.89200025 3074.01024294 2964.66500659 4174.90936651 3263.92292204
 3275.49981694 3824.37880244 2925.11133666 3050.4817513 ], 480.0
[3522.60967021 3071.54404106 2958.24787326 4174.16440544 3262.81579185
 3274.90960779 3824.92845688 2921.67269192 3042.79704912], 480.0
[3526.30188584 3069.75324903 2959.36240573 4173.84284763 3262.93200202
 3275.00605946 3815.75128117 2918.14106615 3045.70198791], 480.0
[3534.82874541 3072.15435081 2963.31560183 4174.58673573 3263.91915603
 3275.132409   3820.76458991 2920.56042352 3044.16123345], 480.0
[3532.19136806 3069.66397843 2960.92805042 4173.27915812 3263.0782805
 3275.39648538 3818.2271872  2911.20278528 3048.15356309], 480.0
[3531.25879683 3067.25878515 2955.57406983 4173.30230856 3263.11682172
 3274.68152261 3824.32454629 2911.96923807 3041.21118054], 480.0
[3526.51318984 3066.5225193  2952.54907403 4172.46216593 3261.85164304
 3275.11703119 3824.26693659 2909.99893312 3036.7866529 ], 480.0
[3535.20071888 3070.63529487 2961.50407557 4173.61419859 3263.64010973
 3275.49259882 3822.95255632 2916.07169816 3039.48535464], 480.0
[3538.33506484 3069.60422177 2964.32110167 4173.74955683 3263.31626472
 3275.0513495  3814.03422055 2912.43701348 3042.24718342], 480.0
[3279.7056731  2454.24045696 2312.71399858 4286.36305647 3333.88747053
 3332.7877367  4165.6281497  3234.06721258 3266.7116396 ], 480.0
[3255.5604393  2423.20656533 2270.63682137 4286.94502668 3334.12482367
 3332.52026534 4169.74404521 3233.30344334 3266.55853343], 480.0
[3262.80521729 2435.39290754 2282.83696752 4286.35017881 3334.01197248
 3332.70250945 4170.59907775 3231.12459497 3263.54857359], 480.0
[3269.12155435 2445.47860428 2299.99875625 4286.27238312 3333.3296659
 3333.32543678 4169.42126884 3228.05988784 3266.86904278], 480.0
[3266.1474781  2441.8280623  2308.39697248 4286.82218943 3334.06375275
 3332.74690561 4172.42248192 3226.14015832 3264.46084909], 480.0
[3256.31117063 2423.66916769 2291.26301038 4286.68684139 3332.6759047
 3331.07870851 4168.66165929 3216.83650613 3266.48636055], 480.0
[3245.03634765 2416.25891677 2282.55161601 4286.79046192 3332.6996027
 3330.8540472  4179.04671292 3221.03045111 3261.50516753], 480.0
[3228.35480394 2395.68811063 2249.79073564 4287.02491922 3332.5366528
 3330.47902002 4178.20326796 3218.53569822 3261.92289958], 480.0
[3244.83420179 2417.03922253 2271.28513991 4287.1793479  3332.31978855
 3330.48118525 4169.98183556 3214.80216613 3258.45053053], 480.0
[3236.6647747  2404.5097827  2266.07241341 4287.27625999 3332.49176874
 3330.14231353 4171.47061572 3221.23993869 3253.4977005 ], 480.0
[3246.16481609 2421.81034728 2283.94924696 4287.02541695 3332.46445622
 3330.45283756 4167.18554358 3215.64750962 3248.40597792], 480.0
[3236.97962301 2410.11162766 2266.31823474 4286.92619448 3332.71046181
 3329.76841183 4173.6347156  3223.70546246 3247.47608795], 480.0
[3230.19352126 2401.53160007 2265.69461845 4287.0923275  3332.77375374
 3330.2229816  4171.0404994  3218.41731071 3245.80405645], 480.0
[3250.16425183 2419.28258862 2288.16827421 4286.97246056 3332.44630799
 3329.4620029  4168.10805826 3224.02572613 3243.50687709], 480.0
[3234.47115786 2402.80615636 2279.56826679 4285.87505589 3332.16005888
 3328.99123979 4158.65651593 3222.67282457 3243.08012323], 480.0
[3231.61822269 2395.7966828  2283.52817573 4286.16552877 3332.60726886
 3329.0152926  4153.42554646 3224.69750834 3244.05569501], 480.0
[3249.56767383 2416.10557451 2297.32845993 4285.73077135 3332.79676361
 3329.18812943 4154.35958605 3223.41150522 3248.73025951], 480.0
[3249.9312109  2413.37401004 2294.51673547 4284.59897585 3331.9264647
 3328.93839321 4147.34957166 3226.23689866 3246.45000901], 480.0
[3250.09993007 2407.99413559 2298.16408166 4283.38326368 3331.56111827
 3329.12770047 4142.04225378 3224.26102743 3240.45791602], 480.0
[3263.12279804 2425.02738689 2319.08505229 4283.34569511 3331.14811759
 3329.18616414 4134.38490691 3217.7814692  3242.61918797], 480.0
[3238.48628423 2402.8651216  2288.35008048 4283.23986998 3331.10562687
 3328.46264262 4132.39428716 3217.61362371 3242.89190359], 480.0
[3254.9155462  2408.70686231 2298.06712747 4283.71459389 3331.78252578
 3328.02536821 4135.64462671 3216.47775884 3244.02888999], 480.0
[3235.51679966 2386.10117859 2280.87841015 4283.48501768 3331.50589051
 3327.91418438 4124.24147182 3206.17065697 3240.48337426], 480.0
[3255.98611956 2410.08297511 2312.77959827 4283.35730095 3331.29433818
 3327.80124798 4115.06830249 3202.84288082 3232.38924527], 480.0
[3252.79558504 2410.6883978  2320.65789423 4282.68289909 3330.81404872
 3327.23332357 4106.64135633 3205.71868124 3222.95904779], 480.0
[3247.21567171 2403.75504863 2309.09056692 4283.0741147  3331.05067186
 3326.35388556 4109.81783519 3206.52661915 3224.17461886], 480.0
[3238.27022004 2400.07707773 2297.26340991 4282.96708002 3330.59493613
 3325.30153584 4109.65338044 3204.46979251 3225.4522531 ], 480.0
[3246.80739295 2428.04945081 2331.96357533 4281.71545296 3330.76941104
 3325.34974909 4094.38959146 3203.31681638 3219.00164928], 480.0
[3223.85266638 2398.58308774 2301.40891683 4281.9737546  3330.09678965
 3324.88157935 4101.00508151 3207.47540369 3224.68485603], 480.0
[3215.8789263  2385.04661661 2293.65439725 4280.46127396 3329.23369412
 3324.21237211 4105.6424159  3198.2999228  3216.54314513], 480.0
[3209.35100172 2375.2634861  2282.39404354 4279.57667246 3329.00583911
 3323.59357371 4101.19290705 3198.88923068 3213.0082561 ], 480.0
[3219.09092917 2385.33546199 2291.50344563 4279.75760965 3328.56680541
 3323.30325718 4106.56192522 3199.58150764 3209.67901077], 480.0
[3218.26520245 2381.34294564 2294.21413029 4280.4626667  3327.85258904
 3324.39728265 4114.61582355 3191.18025608 3213.63496218], 480.0
[3205.38011181 2352.10459154 2273.74114668 4280.80516348 3325.94720621
 3323.71129918 4113.70615063 3178.9539638  3205.61550922], 480.0
[3208.61907082 2354.56900189 2279.31267573 4280.5312726  3325.66733394
 3323.84850707 4107.30756774 3182.5645185  3210.01793914], 480.0
[3204.73713026 2351.94591011 2274.17683421 4280.52756662 3325.29446812
 3322.25597649 4110.05178261 3178.69110212 3209.46556044], 480.0
[3208.18533828 2344.05489435 2268.8928852  4279.30453568 3325.12049813
 3322.31227393 4104.4767036  3169.36051257 3208.8227674 ], 480.0
[3199.83533065 2330.39304585 2262.13129741 4278.25009584 3325.15103407
 3322.31629696 4093.48702126 3171.15990674 3211.65740538], 480.0
[3191.82138767 2329.30625823 2256.60130807 4278.08740396 3325.57828436
 3323.5670548  4108.59147315 3167.60791917 3221.14858036], 480.0
[3203.8274297  2341.40809102 2275.5591917  4277.4138772  3325.37394276
 3323.11161842 4106.70075526 3176.41689057 3222.02066731], 480.0
[3167.83550673 2296.78890238 2233.16176941 4278.22531309 3324.8057878
 3322.47342868 4108.19307275 3170.56004658 3218.84640412], 480.0
[3202.17994468 2332.5203837  2279.04957762 4278.04612141 3323.21350331
 3322.32448416 4108.74532676 3170.31975245 3213.8539742 ], 480.0
[3182.25518825 2317.70178091 2254.5175375  4277.15570898 3323.61195574
 3321.5303586  4103.96734381 3176.98952532 3205.02088938], 480.0
[3185.01594968 2325.08469042 2260.41491356 4276.32482767 3323.72356906
 3321.0390111  4097.46108465 3172.06094646 3202.02564683], 480.0
[3202.61594603 2347.89194726 2272.06198886 4277.10782032 3323.3368341
 3321.74877515 4093.2493351  3172.02899065 3211.2408988 ], 480.0
[3182.25741031 2329.88467411 2252.3199919  4276.17005005 3323.1543045
 3320.27787509 4091.17547183 3167.80655136 3201.19932566], 480.0
[3179.4838491  2347.19362472 2263.64539812 4276.66850729 3322.94553671
 3319.17734036 4087.7119761  3174.60071702 3202.67707739], 480.0
[3183.80305247 2360.5152841  2276.47881111 4276.84920492 3322.84500189
 3318.5144639  4095.63187146 3173.10776033 3190.05368981], 480.0
[3179.51906948 2348.23537351 2265.2830956  4274.78542261 3322.23162932
 3317.36976061 4087.17906795 3170.11086264 3192.33012705], 480.0
[3160.06475296 2347.39829903 2265.28686323 4274.62700825 3322.57456665
 3316.52480903 4088.67629309 3167.57445703 3186.54916897], 480.0
[3161.58046401 2353.27845629 2264.88925548 4273.33109255 3322.49330187
 3316.16425018 4081.47955647 3171.35481162 3190.98722672], 480.0
[3153.86377233 2342.35604677 2246.20320388 4273.82827196 3322.13183084
 3315.49091849 4086.42267609 3168.89008064 3191.31824327], 480.0
[3141.98311281 2323.30058777 2221.47798154 4272.74387178 3320.19589572
 3314.60911889 4098.70697761 3165.49266167 3183.0709518 ], 480.0
[3130.64740829 2304.77831507 2201.05344603 4271.57130375 3319.6534976
 3313.55659361 4092.6292778  3163.74175129 3182.97634473], 480.0
[3128.4254619  2304.23007783 2206.93816024 4270.0401824  3317.73866496
 3313.74431109 4093.35033627 3158.03303761 3176.8991755 ], 480.0
[3164.28180449 2350.64269164 2257.31976205 4269.6564312  3316.57876835
 3312.72816577 4098.4756567  3155.44197021 3176.48833094], 480.0
[3143.64248431 2312.94634012 2201.73542125 4270.71156883 3317.49575081
 3312.41002336 4094.39744596 3148.48937068 3175.66006217], 480.0
[3163.68091595 2325.75728974 2216.76770192 4269.95173101 3316.24165397
 3311.02700572 4094.36224108 3140.61069374 3171.48622675], 480.0
[3169.64534957 2331.33706067 2223.73562207 4269.37784119 3316.86739879
 3311.28727827 4093.29260664 3147.32064376 3172.71609306], 480.0
[3168.05561166 2317.07823203 2207.64551523 4268.73330498 3316.46619029
 3310.73605189 4087.93909211 3140.43153167 3167.96711183], 480.0
[3773.08160424 2592.26641192 1981.68092549 4196.76999722 3279.04925489
 3256.28388591 3820.75433173 3065.75109487 2960.98986168], 480.0
[3772.44306026 2600.97533743 2016.34560677 4197.35356407 3278.18772311
 3257.21353168 3824.94060383 3065.03690672 2951.72481859], 480.0
[3773.96232505 2595.5784308  2003.81676045 4196.94615774 3278.12617402
 3256.84239078 3828.63428969 3066.57729828 2942.32620555], 480.0
[3775.35059295 2606.21153936 2025.40056289 4197.57780123 3277.75654917
 3257.42375283 3833.32152562 3068.88774843 2938.05058303], 480.0
[3772.29360499 2587.63880682 1996.07369156 4197.3303256  3278.1156528
 3257.03672476 3828.52206807 3067.25142107 2944.91043715], 480.0
[3768.25339441 2580.30712805 1970.5840651  4196.13232756 3278.91829934
 3257.19887075 3820.6906033  3063.57129202 2937.53378756], 480.0
[3771.81462035 2608.11132181 2025.07684869 4197.42791672 3278.03487678
 3257.64610791 3832.02223458 3069.94568224 2930.52379866], 480.0
[3772.43402472 2600.34849794 2003.46733258 4197.07388306 3277.70231619
 3257.4063755  3818.69257793 3060.22621646 2934.29384329], 480.0
[3769.27083106 2578.33136358 1954.66579828 4196.11364918 3278.41267071
 3257.29426723 3817.29282424 3063.05256338 2944.83595119], 480.0
[3770.74684262 2593.3725415  1992.14810456 4196.92726622 3277.86183925
 3257.41169696 3820.47333884 3065.33380268 2947.3792994 ], 480.0
[3769.71013069 2593.00849092 1991.84280101 4197.57859907 3277.47030616
 3256.69355063 3826.26396036 3063.30994234 2939.188977  ], 480.0
[3768.5903574  2585.93888099 1971.61754018 4196.49463196 3278.04784155
 3256.79728789 3814.6298326  3058.32905693 2946.37660053], 480.0
[3772.03409786 2590.17278233 1979.50436491 4196.83780832 3277.92167282
 3256.98915987 3811.86986294 3056.15022752 2953.21983967], 480.0
[3773.98938265 2600.13820724 2008.72931901 4198.0512475  3277.20943246
 3257.02585521 3839.97229698 3056.77625229 2942.45944974], 480.0
[3771.97486138 2598.84080698 2009.21544082 4198.27115335 3277.29523473
 3256.7971242  3840.09172785 3055.62167397 2941.58191655], 480.0
[3771.60647097 2592.14497249 1982.92303095 4197.36585054 3277.88486128
 3256.45233393 3827.87483602 3055.38334444 2947.90768745], 480.0
[3773.17398043 2591.12847633 1975.78831933 4197.77011595 3277.82361703
 3256.33256073 3818.62341614 3053.77706115 2940.11871172], 480.0
[3772.44040451 2587.59780614 1970.3116332  4197.15930424 3278.01037512
 3256.21636972 3822.7216296  3050.72388558 2937.58637486], 480.0
[3774.69944353 2590.78962269 1984.26755228 4197.87731686 3277.47053967
 3256.58536997 3821.39817011 3053.05873921 2937.6623183 ], 480.0
[3773.46400757 2596.31743517 1995.48930506 4198.41700344 3277.2927671
 3256.59887395 3820.59851637 3051.22906778 2934.71115828], 480.0
[3775.12211242 2598.46887212 2003.11748351 4198.42564631 3277.07302675
 3256.57070556 3821.89153845 3042.29767878 2937.774755  ], 480.0
[3773.96014118 2586.89895022 1983.24623626 4198.52484522 3276.9750783
 3256.50228877 3817.23169873 3048.64769897 2935.40217447], 480.0
[3773.54217353 2580.47166684 1971.62454876 4197.66572208 3276.85535264
 3256.7323751  3823.10753856 3047.40153544 2944.3304225 ], 480.0
[3769.94114208 2578.41574268 1962.28715156 4196.53089027 3277.62422047
 3256.24210963 3811.62586112 3035.99619241 2944.7355526 ], 480.0
[3770.95447507 2574.34005504 1950.02102074 4196.14208136 3277.26846204
 3256.00694919 3808.34688737 3038.6518681  2944.54829249], 480.0
[3774.50758033 2590.76289625 1976.19004626 4196.84933548 3276.91648774
 3255.6219934  3801.56650062 3043.93985171 2940.74879878], 480.0
[3778.38458705 2598.58518403 1989.80208859 4197.19628344 3276.40193915
 3255.64447632 3810.58465095 3037.81781316 2931.62948862], 480.0
[3775.43774629 2585.85435066 1971.90732196 4196.89615002 3276.76736422
 3256.64602375 3806.53626513 3038.25250576 2946.85707996], 480.0
[3776.71537132 2591.38688931 1982.77977092 4196.68546495 3276.19933834
 3256.39794993 3800.88129721 3033.22680273 2936.68168585], 480.0
[3775.33765521 2594.42720544 1994.78168215 4196.8561327  3276.26277819
 3256.6218215  3804.77143848 3032.9716495  2934.10298123], 480.0
[3775.96737909 2597.53724394 1994.86669758 4197.1076005  3275.86010494
 3256.45836816 3805.83878565 3030.21155221 2948.04525044], 480.0
[3774.03644304 2598.85493371 1993.1033855  4196.89732199 3275.62045932
 3256.49561181 3803.18173087 3031.66260326 2934.65051889], 480.0
[3772.44236231 2589.55837526 1959.52252093 4195.39284039 3276.55214257
 3256.13739328 3803.31216204 3022.52970448 2951.26775057], 480.0
[3772.32116985 2584.00856252 1953.40798562 4195.81803074 3276.38302321
 3255.72574582 3801.44287403 3023.61045284 2943.07983522], 480.0
[3774.27260256 2584.75773802 1962.91803664 4196.04986334 3276.20881929
 3255.77980103 3796.89629252 3028.4564893  2945.69064376], 480.0
[3774.70689411 2586.07985926 1967.95105895 4196.65965433 3275.8655942
 3255.53724732 3816.98752007 3034.04918931 2946.64391606], 480.0
[3772.65793586 2590.02820745 1977.99438961 4196.44054422 3275.84891968
 3255.70753379 3797.35089226 3033.17355373 2938.04741447], 480.0
[3769.24401565 2586.32810335 1971.41220262 4195.51565981 3276.15572047
 3255.61844625 3800.22659428 3024.39108913 2946.8473182 ], 480.0
[3770.72255793 2584.68790562 1969.59320208 4195.67506723 3275.96836267
 3255.45691409 3802.69642398 3027.15384576 2936.67714372], 480.0
[3770.67272406 2590.88434305 1975.54272059 4195.91158686 3276.29339647
 3255.6882618  3801.46965168 3032.14904294 2942.47707002], 480.0
[3768.8400435  2574.40635121 1941.97710623 4195.32563524 3275.90632687
 3255.17637768 3803.26462128 3025.85017481 2949.09461503], 480.0
[3773.59694419 2602.33197446 1989.89670747 4196.13721914 3275.16376672
 3255.57620673 3809.24549391 3024.76129224 2940.36631613], 480.0
[3768.76656833 2584.22106392 1963.10157956 4194.97441549 3275.35199385
 3255.22430749 3804.51800106 3026.24608955 2941.7123158 ], 480.0
[3770.48172998 2587.07376788 1967.55165698 4195.15937595 3275.37044263
 3255.04645977 3798.72699594 3020.92869551 2929.90871557], 480.0
[3772.98959203 2597.80371029 1985.55792485 4195.14633055 3274.93846445
 3255.29349508 3798.11627126 3017.59128385 2929.36434027], 480.0
[3769.33511114 2583.05663445 1955.81262193 4194.69796505 3275.63867984
 3255.05974998 3793.43905296 3027.12576842 2931.75666246], 480.0
[3770.79973736 2592.64668362 1986.09057381 4196.52736425 3274.38272309
 3254.99062409 3799.13829432 3032.49398558 2932.52752032], 480.0
[3769.44551315 2577.70905488 1959.74861701 4195.81097383 3274.97405009
 3254.36054263 3813.26924219 3018.9707108  2940.81331177], 480.0
[3766.91292338 2575.08175087 1941.01095385 4195.58817024 3275.60650516
 3253.93518887 3796.34970374 3031.14047961 2941.86461382], 480.0
[3766.78386436 2586.36108751 1963.2147977  4195.93487291 3275.41930985
 3254.3509932  3796.84537838 3017.65483522 2952.0528172 ], 480.0
[3765.42512555 2580.827918   1962.12104886 4196.15789251 3275.76561484
 3254.15478268 3798.21455216 3019.60935142 2943.8965369 ], 480.0
[3765.87180667 2575.88462269 1944.80329431 4195.24596968 3275.66994829
 3253.87585797 3803.14601982 3022.09706769 2951.77610207], 480.0
[3759.78668518 2563.99607115 1932.19893496 4195.26503754 3275.52251015
 3253.89569201 3789.93881876 3020.06881516 2942.36896856], 480.0
[3763.53237033 2580.3562849  1963.3597748  4195.9262413  3275.10466337
 3253.90150275 3796.87084978 3022.32977018 2941.46209236], 480.0
[3765.14449267 2575.07808967 1942.1561743  4195.67978172 3275.30511088
 3252.90483122 3799.80792518 3018.62231374 2929.25944798], 480.0
[3766.72948432 2589.39834805 1982.90892089 4196.39704256 3274.53843498
 3253.53603239 3803.64311867 3025.81779635 2933.96203578], 480.0
[3765.31003509 2586.17680798 1963.53948752 4194.89159288 3274.88062553
 3252.96293993 3790.19302549 3022.0048681  2935.91978211], 480.0
[3761.6559885  2572.89405553 1928.62449623 4193.96601324 3275.99751306
 3252.60408616 3786.75311618 3020.14167418 2944.41788359], 480.0
[3763.12831602 2577.25950289 1948.81907775 4195.06583996 3275.70019026
 3252.79230065 3800.83272715 3027.67593162 2938.53368175], 480.0
[3758.51388211 2567.60205908 1929.03559552 4194.48539829 3276.28379288
 3252.23781652 3785.15289414 3033.23663037 2933.05079477], 480.0
[3547.06329083 2953.02854218 3107.34232774 4227.86626968 3277.26419158
 3271.25774703 3982.42801571 2961.96947443 2899.29807109], 480.0
[3543.58679609 2949.20036964 3107.4678843  4227.33830204 3276.79396224
 3271.7222096  3986.18513489 2959.60103915 2912.70460864], 480.0
[3545.23165298 2951.0152688  3110.94093852 4226.69440565 3276.56599422
 3269.80900168 3984.1059835  2966.44030082 2901.11992712], 480.0
[3548.35165782 2949.34550147 3110.24099517 4226.4014761  3276.98415504
 3271.52758183 3980.85794153 2970.262672   2910.83322861], 480.0
[3542.98799725 2946.46381688 3110.97081103 4225.91628952 3276.5374898
 3270.67589121 3972.17240362 2959.82394359 2900.75336162], 480.0
[3540.19654613 2945.34950891 3108.51562867 4225.93601179 3276.2343791
 3268.83069677 3974.75578518 2950.97727442 2884.4332932 ], 480.0
[3537.01280999 2940.60038495 3106.06068559 4225.31933193 3276.13356395
 3269.41397424 3962.69535766 2954.37975271 2887.14358864], 480.0
[3543.52359815 2944.83802862 3103.19551916 4224.84302464 3275.67274871
 3271.13243074 3965.53533354 2950.82604575 2896.11220711], 480.0
[3545.06833148 2943.80533695 3107.20051813 4225.21008568 3275.39867806
 3270.11705313 3969.46479874 2953.03793468 2887.28791201], 480.0
[3540.95307722 2944.85502801 3103.13424234 4224.84045219 3275.68840742
 3270.43953357 3967.77712564 2961.22900264 2901.69864156], 480.0
[3545.13045301 2948.839429   3101.40880961 4224.77225657 3275.3849237
 3269.94473863 3962.89430041 2943.51077154 2883.67755967], 480.0
[3543.40097823 2947.00059714 3107.69154229 4225.64191589 3275.36297541
 3269.05843234 3964.53632798 2954.97269108 2883.82231729], 480.0
[3545.8641304  2957.04793038 3102.11266851 4225.31146431 3276.05996442
 3270.17166395 3963.67972188 2957.80840223 2893.88600259], 480.0
[3545.07317886 2958.41824403 3104.79520693 4225.33501844 3276.50841689
 3270.14679823 3959.62298255 2957.65943141 2891.38099244], 480.0
[3545.46171618 2957.13050499 3105.32096329 4224.55953913 3275.93537774
 3269.36851158 3958.91703043 2953.45761118 2893.69140172], 480.0
[3544.66700883 2952.02483253 3105.21820307 4224.17290554 3275.51132746
 3269.84209323 3953.24507856 2950.20090287 2887.20605466], 480.0
[3545.48029685 2949.17663374 3103.75868897 4224.6993001  3275.06589637
 3268.67422419 3948.66189642 2958.01611021 2885.58228703], 480.0
[3542.37254066 2947.10304408 3103.71764941 4224.01664104 3275.31236024
 3268.82500286 3953.3874279  2958.63177092 2886.64254885], 480.0
[3546.3476325  2948.20960588 3103.60401855 4223.96590891 3274.84888444
 3269.74768043 3955.50203075 2966.60731986 2901.27273915], 480.0
[3545.68056703 2947.94096818 3103.55533061 4223.98753157 3274.51837645
 3268.70268536 3949.77513623 2959.4845638  2893.6660305 ], 480.0
[3543.58122287 2946.87938318 3097.21760235 4223.04068623 3274.29593053
 3270.53790803 3955.27477341 2960.70667441 2909.97154238], 480.0
[3544.43000326 2950.04262581 3103.53183088 4223.86142178 3274.20971045
 3268.94376416 3943.95009041 2962.58431578 2896.41883289], 480.0
[3546.66774673 2954.56442475 3100.84655948 4223.18588676 3274.69814019
 3269.44064498 3950.8744525  2962.00918696 2900.10481417], 480.0
[3547.57338438 2956.03045521 3102.95310545 4224.05395737 3274.82675776
 3269.51468458 3944.49128499 2962.06686559 2892.84628605], 480.0
[3545.38056765 2954.82733264 3102.69377742 4223.35709867 3274.78345962
 3269.42916088 3945.78809404 2960.45509441 2902.48786042], 480.0
[3537.50754004 2948.9966454  3101.5919961  4222.73271809 3274.1193562
 3268.77617927 3939.58542895 2956.39142344 2890.41904345], 480.0
[3539.32933064 2950.05922856 3098.44351964 4222.99632559 3273.68049674
 3268.61318007 3952.27388096 2959.05010333 2895.04695902], 480.0
[3541.98141942 2945.72581072 3095.53058877 4222.84267311 3273.40468645
 3269.33639989 3954.24979763 2954.91941352 2898.55275817], 480.0
[3542.78555002 2942.65397801 3097.74828835 4222.60766363 3272.80681438
 3268.5290113  3953.9130275  2949.71618674 2892.85643862], 480.0
[3544.91955814 2949.61454792 3096.57406197 4222.07638702 3273.15892587
 3267.66738119 3943.02616541 2956.35873339 2884.80852604], 480.0
[3554.18909316 2954.68654704 3094.70742784 4221.37449102 3273.30176797
 3268.59139214 3944.17621262 2949.2914603  2889.24099972], 480.0
[3549.83422565 2954.83316207 3095.12545028 4221.97608824 3272.91535215
 3266.78635426 3935.01797023 2946.73561008 2875.25787034], 480.0
[3549.38907547 2949.59246826 3094.19053907 4221.58906937 3273.21707125
 3267.83980393 3935.62832894 2939.39952848 2881.24862394], 480.0
[3554.91068859 2957.37816844 3095.12657986 4221.1310379  3272.88317327
 3266.75512099 3933.60609822 2945.34307966 2883.74473138], 480.0
[3551.20423656 2952.38495913 3094.00859466 4221.27967663 3273.38228474
 3267.54517531 3939.02390699 2948.50373836 2884.98189306], 480.0
[3548.31075826 2948.36928353 3093.38376069 4221.09795895 3272.73315768
 3266.64757681 3937.17416339 2943.69378383 2890.90884222], 480.0
[3549.20826149 2951.76586676 3093.47506533 4220.52769098 3272.6246511
 3267.70563884 3933.6188395  2944.00861723 2887.96870024], 480.0
[3548.26994119 2951.67881584 3091.08361568 4220.60578632 3273.017308
 3267.32850785 3940.01117134 2946.89356174 2884.84125745], 480.0
[3547.94094577 2943.80565758 3089.14182754 4220.75966377 3273.87026477
 3269.15351915 3942.67627053 2951.23586688 2902.2510816 ], 480.0
[3548.02206869 2947.53757596 3089.30839119 4219.58219194 3273.28563333
 3267.78363843 3936.30042763 2946.7997479  2897.67860198], 480.0
[3546.25994892 2949.81625628 3089.0731658  4219.40033073 3273.32872152
 3267.65993004 3936.59312544 2943.42921624 2893.17672577], 480.0
[3546.66114073 2943.07895269 3084.03427787 4219.13341284 3272.32238736
 3267.01613674 3942.8694932  2949.61461132 2888.8749965 ], 480.0
[3544.2295855  2940.51176677 3084.18437824 4218.40548363 3271.69625368
 3267.28420954 3941.90931778 2952.43894863 2894.6560497 ], 480.0
[3542.12452207 2939.33638978 3077.14434543 4217.22908077 3271.18577189
 3267.42052913 3936.91973176 2949.47768083 2895.92715216], 480.0
[3543.96696692 2934.28170357 3076.95087519 4217.32465248 3271.68240023
 3268.31361756 3935.83236861 2946.39897113 2894.95027926], 480.0
[3543.44754615 2935.39471126 3077.20827026 4217.62227545 3271.25252438
 3267.09775147 3926.24497776 2958.39834085 2885.55024732], 480.0
[3547.51157475 2939.2397285  3077.0324995  4217.55402355 3271.43176785
 3267.49031696 3927.73059349 2956.73230987 2884.97401292], 480.0
[3548.63351803 2937.59288845 3072.15133672 4216.87262077 3271.02777457
 3267.43096285 3921.66038618 2962.95626545 2895.35688334], 480.0
[3552.38295102 2940.84972043 3074.0663753  4217.02582874 3271.43977556
 3267.61978669 3931.97223725 2957.18382483 2890.37828724], 480.0
[3545.30215225 2932.39453907 3074.51164942 4216.33688698 3271.18134747
 3268.43572922 3925.77063642 2961.00516157 2898.46489384], 480.0
[3541.62323623 2929.81636181 3075.44145732 4216.1120162  3270.03378363
 3265.66111069 3911.78517394 2944.80332272 2879.62674176], 480.0
[3546.97087116 2930.46436396 3073.02782612 4216.65549793 3269.36384497
 3266.3617384  3923.42293839 2949.3019484  2877.99272134], 480.0
[3541.27358193 2924.13231583 3072.12488627 4215.867589   3269.54563708
 3266.36565485 3921.46158881 2951.98997099 2879.76580055], 480.0
[3538.11100664 2916.88371024 3069.79495764 4214.81626444 3269.21649561
 3266.10482178 3914.30047178 2943.52961829 2888.59315832], 480.0
[3536.12126207 2920.39581833 3072.47117205 4214.44161749 3269.02792821
 3265.9981782  3916.8209538  2942.88670018 2880.07688935], 480.0
[3538.56453705 2921.15120659 3071.40757103 4214.17065191 3269.90332952
 3266.07858357 3917.44953451 2952.39106607 2889.20820119], 480.0
[3540.20532489 2924.60185552 3073.8100317  4214.84045382 3270.24246383
 3265.61695123 3919.40874295 2957.4312027  2886.30981252], 480.0
[3539.14879222 2922.24702697 3068.56558957 4214.62270451 3270.79982162
 3266.54649501 3905.53612661 2949.46495714 2897.77533581], 480.0
[3530.28551936 2911.84403419 3069.52696867 4215.45313988 3270.17417459
 3265.65732689 3918.68115697 2944.47210677 2884.84666781], 480.0
[3529.54042153 2911.4562644  3064.57533922 4214.49752617 3270.11550322
 3266.57318549 3907.32066231 2950.46406133 2894.62389362], 480.0
[3759.03927851 2557.36258488 2028.58793618 4198.12539158 3274.54866691
 3261.4121901  3830.75392814 3116.66752267 3019.27359996], 480.0
[3754.49066854 2543.58247943 2001.8808314  4198.00248222 3275.51596608
 3261.58201199 3830.87055712 3107.55473318 3015.58854542], 480.0
[3758.56312308 2562.86353676 2043.93720326 4198.60457191 3274.29914336
 3261.77811337 3832.24771824 3115.09192376 3014.91178989], 480.0
[3753.23461943 2548.03197923 2033.06033707 4198.6683073  3274.27355838
 3261.99949746 3831.31641445 3113.95131063 3015.43017612], 480.0
[3754.06379461 2546.4833766  2014.22430956 4197.93615885 3274.84459934
 3261.50605011 3824.85781002 3111.74805565 3014.11343668], 480.0
[3753.84733129 2545.47976489 2026.61108954 4198.92703695 3274.13253899
 3261.91295094 3828.81154418 3109.71419692 3013.57605236], 480.0
[3752.46730061 2541.97738342 2007.49190142 4197.59310913 3274.85924911
 3261.04340763 3810.12935748 3106.68989382 3013.98131588], 480.0
[3752.11868262 2542.78613348 2004.65453315 4197.66082134 3274.42248883
 3261.22571874 3822.47459106 3106.09326239 3011.56251726], 480.0
[3754.349753   2554.16321995 2028.94919581 4197.68699055 3273.78560352
 3261.60807505 3819.21059628 3107.91099491 3011.99365346], 480.0
[3750.9950542  2540.17987866 2012.17318562 4197.76004477 3273.73492537
 3261.741118   3824.55245075 3112.32273479 3020.37112048], 480.0
[3751.96858997 2536.99274182 2001.91690091 4197.82072172 3274.0035676
 3261.1962307  3823.29354138 3107.92880445 3015.72033427], 480.0
[3757.16236176 2552.03779366 2029.55411964 4198.51552715 3273.42676373
 3261.54165325 3826.23640072 3103.05854421 3011.10522678], 480.0
[3756.11824694 2547.09691362 2021.39978203 4197.72308016 3273.88917279
 3261.82950182 3825.6573456  3105.15075839 3014.76108632], 480.0
[3749.69976892 2530.64827564 1999.49220624 4196.93335466 3273.82105184
 3261.82434225 3817.22933099 3105.47922015 3014.78146865], 480.0
[3753.98876019 2542.56798279 2020.8697786  4198.12513227 3273.74914303
 3261.6485332  3823.76394792 3108.16674862 3015.83585929], 480.0
[3754.89622178 2544.14452648 2027.034395   4198.21444664 3272.98261838
 3261.87304006 3831.05460322 3106.49533625 3008.09684312], 480.0
[3757.97901478 2553.69334588 2048.3653478  4198.53084345 3272.26578822
 3262.27908382 3831.12519581 3106.154584   3003.01253891], 480.0
[3752.25529695 2537.63775907 2004.54032693 4196.70781469 3273.52101083
 3261.42174425 3823.20060563 3096.23795886 3014.75926702], 480.0
[3753.23425913 2550.01881251 2039.21271554 4197.87887411 3271.86553545
 3261.45215564 3824.34882836 3101.68360209 2993.78142257], 480.0
[3752.27173595 2545.54069633 2022.82124792 4197.26571703 3272.22350855
 3260.91907887 3818.4686511  3099.53811936 2995.72661252], 480.0
[3751.30359612 2534.37770927 2002.12008494 4196.81658974 3272.20882154
 3260.77789741 3824.27969413 3094.30361147 3005.49809828], 480.0
[3750.83077703 2534.07165444 2000.38188387 4196.80244761 3272.18018522
 3260.32177167 3822.44520521 3096.81037135 3002.03250651], 480.0
[3753.4099227  2543.37695596 2035.67627586 4198.67728844 3271.0593142
 3260.56398892 3826.72473662 3093.19330983 3002.39433229], 480.0
[3754.47711473 2541.26572185 2022.62344736 4198.01510181 3271.64975181
 3260.42284775 3815.52657642 3093.95319233 2993.8307904 ], 480.0
[3751.69690108 2531.67695806 1992.7442015  4196.53738432 3272.69377418
 3260.02716951 3811.88813348 3085.1643337  2998.00810313], 480.0
[3750.88946218 2520.16444075 1971.05327995 4196.18219728 3272.72700262
 3259.2204843  3808.08695686 3087.67892342 3005.79439497], 480.0
[3749.93028769 2524.01144667 1981.33015685 4196.8573988  3272.04180388
 3259.02664256 3816.92011261 3090.11288712 3001.564218  ], 480.0
[3751.56351571 2523.58190846 1985.78734547 4196.392766   3271.47586846
 3259.43228931 3810.73893142 3087.48311617 3000.40512123], 480.0
[3754.43676014 2539.18868065 2027.72470487 4196.96346416 3271.12943568
 3260.21903529 3816.65553603 3085.73257678 3008.38905871], 480.0
[3754.12108564 2527.22845714 2000.06844938 4195.83907757 3271.92518773
 3259.88451495 3801.90209994 3085.05023916 3003.52628748], 480.0
[3752.51224298 2529.43332646 2011.56196307 4196.6662652  3271.21689243
 3260.02419958 3811.80863061 3087.83843474 3002.0257766 ], 480.0
[3752.78706079 2526.87792618 2004.46949477 4195.98972054 3271.22901754
 3259.32984238 3819.95998924 3084.7189523  2997.20739994], 480.0
[3750.84808049 2526.71086805 1998.86636855 4196.2814229  3271.79278469
 3259.27456493 3817.3726028  3090.75618515 3004.94281006], 480.0
[3754.88484712 2541.74833612 2018.98782359 4197.20653543 3271.68403287
 3259.17082114 3822.9582521  3091.00433784 2994.75392506], 480.0
[3747.17998338 2517.83496997 1970.25795914 4196.38735619 3272.97908578
 3258.37369342 3815.033446   3085.65340719 3003.86589377], 480.0
[3743.49287825 2505.6552424  1946.36271397 4195.68928099 3273.09159522
 3258.01328039 3812.74516897 3088.74678347 3005.75111825], 480.0
[3745.2893199  2508.24541049 1951.89936184 4195.70342731 3273.00071206
 3258.12233171 3810.58466995 3086.40270195 3011.92509391], 480.0
[3747.67088361 2521.31542573 1987.93838726 4196.68214998 3271.80663567
 3258.53497128 3813.47674901 3090.72272539 3004.55856497], 480.0
[3749.0217618  2523.41886024 1988.01052349 4196.66828365 3271.46786246
 3258.7746367  3818.42597554 3086.95538542 3007.00572398], 480.0
[3746.51025238 2513.52127914 1968.03179453 4196.26970911 3272.08902569
 3258.85990987 3819.72788863 3084.11457448 3002.6876483 ], 480.0
[3745.26942816 2508.4209631  1961.65567566 4196.59499149 3272.14779129
 3259.0304245  3818.92914    3079.89792447 3004.8669621 ], 480.0
[3749.21789007 2517.34326584 1973.33752763 4197.12880564 3271.74609466
 3259.01324563 3820.65406942 3084.9341429  2994.83226788], 480.0
[3744.31212058 2504.42328434 1950.24560831 4196.17905807 3272.13152609
 3258.57676253 3813.82585382 3084.2263272  2997.39336674], 480.0
[3744.80995626 2501.90440803 1944.93514668 4195.69732504 3272.2699923
 3258.65561223 3819.09672661 3081.65241742 3003.93794169], 480.0
[3747.51221352 2513.21359816 1985.12220082 4197.23432293 3270.79753389
 3259.14698553 3820.59929223 3080.39249279 3002.71504574], 480.0
[3751.10293207 2528.19126825 2006.15688134 4197.26506062 3270.77821374
 3259.26600599 3826.33831267 3084.63999588 2998.35433166], 480.0
[3749.95374146 2525.28589568 1986.46999998 4196.97361431 3271.59993544
 3258.60441628 3808.2350528  3079.45538723 2997.85902319], 480.0
[3749.43425593 2522.74029834 1974.10009412 4196.56249704 3272.17130928
 3258.69057503 3815.37615461 3079.23748009 2998.41546934], 480.0
[3750.83328409 2528.77360983 1982.32535753 4196.82713852 3272.28959651
 3258.76904554 3823.83536825 3078.59305568 2989.7508106 ], 480.0
[3745.04731035 2513.66242909 1959.053621   4195.27717171 3273.05929742
 3258.49626889 3818.91264091 3074.45646472 3007.21114852], 480.0
[3744.25205088 2509.84205637 1963.08744626 4196.32524738 3272.30148168
 3258.39272947 3812.53598354 3077.87511258 2998.45724542], 480.0
[3748.52173109 2519.64802439 1985.85358345 4197.06047211 3271.55479698
 3259.01225562 3815.5200428  3087.41541624 2991.27591524], 480.0
[3749.2858717  2526.00707521 2006.51977264 4197.58323984 3271.03314915
 3259.18865581 3826.36336021 3080.14389396 2994.15896337], 480.0
[3748.90240393 2512.74774184 1974.2198388  4196.37515335 3271.72034993
 3259.11240792 3822.79349816 3079.21589792 3001.81584651], 480.0
[3747.90058722 2512.65153131 1969.02814378 4195.96984158 3272.01594472
 3258.73907299 3807.98265724 3079.50729599 2993.30666437], 480.0
[3747.70339141 2525.68721473 1994.53383585 4196.52605715 3271.52538786
 3259.28984065 3821.38676329 3078.69202733 2998.17772727], 480.0
[3748.12346916 2516.62102971 1978.38542723 4196.37279997 3271.58439493
 3258.86187301 3819.88075676 3082.64201634 3006.21506464], 480.0
[3747.16467476 2521.83366587 1980.7181882  4195.43633327 3271.85949707
 3258.50547876 3806.63141806 3074.38396735 2994.32268431], 480.0
[3743.65034804 2501.70689526 1957.9266547  4195.59517546 3271.61840534
 3258.26635537 3826.48851986 3080.74638836 2995.94100215], 480.0
[3743.69848418 2500.46472843 1954.14222441 4195.83094444 3272.14481559
 3258.27083435 3814.02980592 3072.34525681 2984.31866245], 480.0
[3536.13802199 3067.32679911 2960.55002646 4173.3411006  3262.78562741
 3274.84509597 3816.43331146 2911.40894954 3040.96555858], 480.0
[3537.08047681 3069.01703062 2958.684307   4173.47862883 3263.50843124
 3274.90482149 3825.55566306 2914.9793232  3036.6504992 ], 480.0
[3530.92694869 3068.69516883 2954.49721775 4173.310427   3262.95163565
 3274.25233288 3816.61156888 2909.80488589 3027.02184327], 480.0
[3531.17130647 3068.45638275 2954.6124701  4173.17757587 3262.77798433
 3274.22197738 3811.02046251 2910.839704   3035.91914878], 480.0
[3529.47615781 3067.11193132 2956.69102545 4173.06115723 3262.66537728
 3273.69477391 3810.71085539 2905.25278947 3030.67028573], 480.0
[3532.47864022 3069.73815374 2957.45542612 4173.84398842 3263.51672955
 3273.53134661 3809.15840816 2905.95953438 3022.67603471], 480.0
[3526.95400763 3068.75474458 2956.14428596 4173.67639885 3262.61725397
 3273.32528286 3822.60631151 2905.57137432 3023.14020214], 480.0
[3530.63641505 3068.56985655 2955.67705159 4173.277775   3262.94790292
 3273.03214021 3812.05603533 2911.42005956 3023.22154832], 480.0
[3531.67841506 3067.30844145 2954.87698474 4173.50588961 3262.95636826
 3273.42573934 3817.94825244 2905.03391707 3023.10289154], 480.0
[3524.0486577  3065.84160028 2952.41033945 4172.10708971 3261.95154424
 3272.7535429  3816.98727293 2913.04706264 3016.91981127], 480.0
[3526.77441864 3066.55204439 2956.23365669 4172.60624552 3262.12925692
 3272.649512   3812.07911115 2900.5641783  3027.99389176], 480.0
[3525.21458879 3066.31722865 2949.70498791 4171.61658344 3261.91688867
 3272.36615143 3816.65353122 2899.50812464 3025.3398927 ], 480.0
[3528.26852326 3069.4430994  2957.22322521 4172.52994175 3262.28411417
 3272.02787709 3811.19789805 2896.66368251 3024.7034198 ], 480.0
[3527.98465319 3069.51608801 2955.17077589 4172.11218681 3261.95094995
 3272.26397409 3822.63689513 2899.36309662 3028.21434727], 480.0
[3527.92220674 3072.56839919 2959.25463095 4173.096562   3262.662924
 3272.02761097 3811.31378736 2901.94642434 3024.70282695], 480.0
[3519.49450564 3068.19921193 2953.6557632  4171.58914137 3261.29909434
 3272.22086039 3804.84033861 2903.76703277 3022.4139251 ], 480.0
[3526.49115791 3067.20193286 2956.95508995 4171.43941603 3261.38268242
 3272.17626524 3816.75490513 2903.00008059 3024.53780556], 480.0
[3528.74726458 3069.57589159 2958.12808561 4172.64510002 3262.01896911
 3272.58851137 3801.53816676 2889.80140233 3016.47772598], 480.0
[3524.80623541 3066.35557327 2950.39067144 4171.87500563 3261.01965466
 3272.07473745 3808.31271591 2899.89259586 3018.1591758 ], 480.0
[3523.0484755  3066.22052989 2949.55956612 4171.78263226 3261.41129541
 3271.69044909 3804.6573591  2895.16878855 3018.47954705], 480.0
[3530.0725812  3069.16779618 2953.36782937 4172.02408972 3261.63341928
 3271.64720654 3804.59501531 2906.01647112 3021.64151645], 480.0
[3527.77599587 3068.82752938 2952.89910889 4171.71830721 3261.4628284
 3271.32675104 3797.04587841 2894.55580018 3017.98278625], 480.0
[3530.52579861 3067.09068789 2951.93898783 4172.23722496 3261.44181075
 3271.23903294 3806.80253477 2892.22807834 3015.53316312], 480.0
[3525.51477327 3067.53166656 2945.00941925 4172.11405354 3260.597825
 3270.94482918 3803.46802144 2893.70828977 3017.09198606], 480.0
[3535.35700116 3067.38779182 2953.43160658 4172.85313997 3261.03922338
 3271.56260877 3802.74289033 2893.99925537 3014.40395491], 480.0
[3534.28131838 3064.60111771 2947.62384248 4172.53006983 3260.73725963
 3270.91667061 3805.4139946  2883.31120028 3012.31636178], 480.0
[3531.48635912 3064.47708082 2946.75849991 4172.47163105 3259.98876228
 3270.38779225 3806.94243331 2880.99635913 3007.88630767], 480.0
[3533.07364531 3065.00493698 2947.44205256 4171.87785072 3260.12540517
 3270.10052152 3798.38700299 2884.45203958 2999.94999745], 480.0
[3540.22962437 3068.60452466 2952.12631822 4172.97837439 3261.38029733
 3269.96745591 3799.83642094 2874.71919377 2999.07606902], 480.0
[3535.79738078 3067.70958128 2947.69128819 4172.86936321 3260.74994292
 3269.4988626  3796.09185457 2881.99225762 3005.88007848], 480.0
[3543.38075795 3067.52068686 2956.53474064 4173.03181248 3261.31476068
 3269.8862658  3801.71033244 2879.20286739 2995.81210408], 480.0
[3529.46162648 3066.86657538 2945.10055437 4171.98364449 3260.27203751
 3270.08067322 3795.58749413 2875.6834425  2997.17425005], 480.0
[3541.80617332 3066.79086185 2952.84850674 4172.20561228 3261.14814687
 3269.88777475 3798.25793447 2869.98544989 2986.13609695], 480.0
[3532.99489098 3065.33219709 2942.67110581 4171.32777681 3259.83636522
 3269.26874771 3783.6472945  2864.98756545 2991.88073997], 480.0
[3528.81188331 3061.72355499 2940.79906697 4171.14258394 3259.26219239
 3269.19100685 3794.350594   2861.93404081 2992.62498569], 480.0
[3534.2480391  3063.78049054 2945.78379135 4170.99353504 3260.36955361
 3269.25212431 3792.15119729 2866.72040355 2985.59458618], 480.0
[3536.19660974 3063.52071009 2945.88139796 4171.05231104 3259.79435029
 3269.94569292 3799.96471782 2874.36505859 2997.75376027], 480.0
[3536.27617455 3062.52132263 2942.79155474 4171.32132511 3259.97109962
 3268.90658498 3789.1427865  2863.04636164 2991.5271456 ], 480.0
[3535.71786389 3064.2028532  2945.50308232 4170.12857771 3259.72199473
 3268.97456779 3793.08060462 2871.48059406 2986.47841907], 480.0
[3539.82522278 3060.42804785 2941.57861133 4170.27134352 3259.73290234
 3268.72298265 3799.96366668 2857.29802651 2987.98728747], 480.0
[3535.01358075 3061.16145353 2941.5281817  4169.193787   3259.81644325
 3268.47674413 3797.25021515 2862.95210057 2978.69058876], 480.0
[3544.93669167 3062.27698989 2952.62308316 4170.64713192 3260.52802539
 3268.60667925 3783.69371858 2853.9661788  2984.52518737], 480.0
[3533.97026229 3061.32803426 2944.53540859 4169.16404829 3258.74373641
 3267.97339892 3791.26543045 2875.68006542 2985.95893135], 480.0
[3537.02021837 3061.08456783 2947.5998807  4169.13722506 3258.95193138
 3266.95201907 3784.64616129 2874.42110898 2986.7304774 ], 480.0
[3534.32165504 3061.28415136 2944.69445391 4169.63973808 3259.44631171
 3267.16931138 3787.60830569 2859.93650804 2981.05378273], 480.0
[3531.89669743 3061.83820739 2947.04342594 4169.32860222 3259.07170382
 3266.69897194 3773.60539875 2863.83621638 2978.60177069], 480.0
[3534.13581147 3061.70969434 2951.19597945 4168.53866892 3259.46646938
 3266.98200231 3772.26990366 2865.35030446 2977.42161944], 480.0
[3533.09831581 3061.07443295 2949.29821272 4169.44907227 3259.21835508
 3266.63959327 3765.86121624 2852.48763194 2974.10223806], 480.0
[3525.02109089 3057.18093576 2943.76719885 4167.59194021 3257.83578811
 3266.29195776 3771.84753854 2864.63703139 2967.53720586], 480.0
[3527.05293913 3058.73831091 2945.89023614 4167.12748518 3258.03090115
 3265.699438   3771.0797281  2860.24262956 2971.49162071], 480.0
[3536.08886166 3059.85926604 2955.84942937 4167.81010284 3258.71492052
 3265.92245727 3772.64932585 2865.45132449 2970.91485231], 480.0
[3528.20781965 3059.36200566 2951.52155881 4166.90241528 3259.01129351
 3266.08502998 3769.04092116 2857.36460586 2971.35917978], 480.0
[3528.21908755 3061.50574985 2949.35530047 4167.39948263 3259.18270779
 3265.92354436 3765.83514102 2865.38561704 2972.70095317], 480.0
[3523.37683086 3059.59469538 2947.57027264 4166.20581026 3257.99223185
 3265.48516746 3765.62661772 2859.24722323 2975.65716484], 480.0
[3529.20605893 3061.43165655 2948.83080907 4166.57053051 3258.8152503
 3265.37688098 3776.31573007 2866.68572729 2969.69817019], 480.0
[3531.08521299 3060.67464452 2947.70853438 4166.72218971 3259.47038507
 3265.08803797 3772.52606475 2858.46712105 2967.71269798], 480.0
[3529.18830128 3060.07766194 2943.92221456 4165.83177376 3258.66867404
 3264.69589658 3752.04366589 2854.90244746 2966.58003106], 480.0
[3527.23295574 3060.40971489 2944.37843137 4165.60248308 3258.76204562
 3264.7394556  3773.7697201  2859.20349996 2973.32704246], 480.0
[3531.41693621 3059.12715354 2949.73289666 4166.07695646 3259.16022449
 3265.63168368 3753.11552627 2854.47341335 2968.28729019], 480.0
[3529.58901172 3056.19467602 2942.94626431 4165.08789816 3258.43834925
 3265.67203007 3772.28501382 2851.32969267 2968.23703039], 480.0
[3523.74628263 3066.51819444 2947.33869314 4162.26816292 3261.50979404
 3266.53219123 3819.35943584 2949.85930419 3027.35983787], 480.0
[3525.83256559 3067.70305505 2950.58324075 4162.08485909 3261.71237106
 3266.63299756 3820.24220171 2955.51021247 3034.86812301], 480.0
[3517.61899357 3068.71665468 2946.00653801 4161.84251308 3261.85201802
 3266.29428182 3818.85371158 2961.35092762 3031.0950664 ], 480.0
[3518.36855073 3067.8192718  2949.08562455 4162.71470251 3261.91804442
 3266.74735575 3819.54877505 2956.16280289 3035.90061867], 480.0
[3528.48981857 3072.39724216 2958.45426536 4163.67854366 3262.97953405
 3267.16520162 3818.13005071 2959.49552765 3039.93874435], 480.0
[3517.08277164 3066.36461792 2944.89931645 4162.4990202  3261.87779875
 3265.84137311 3822.07393155 2954.61437714 3037.87180061], 480.0
[3514.41711693 3068.19430304 2945.28444672 4162.82487211 3261.87395353
 3265.74986963 3821.80730042 2955.74575374 3028.94975424], 480.0
[3526.98179317 3070.79343243 2953.9822473  4164.03543053 3262.74570823
 3265.89882326 3823.67872043 2964.6676518  3036.03139641], 480.0
[3518.36319151 3066.53594046 2948.29355936 4164.0868247  3261.3315053
 3265.69449201 3823.05087795 2958.12487595 3032.49167295], 480.0
[3523.16844683 3069.85088959 2952.85314178 4164.2550354  3262.43903823
 3265.99666071 3819.53759909 2958.33668697 3028.46163678], 480.0
[3520.32305031 3070.02378163 2950.53311448 4163.47255745 3262.37445827
 3265.84681921 3818.81960704 2959.12940228 3028.98832772], 480.0
[3511.56129346 3065.04475403 2942.59938602 4162.75663748 3260.72412524
 3265.08786459 3816.0352962  2948.08304551 3031.42495272], 480.0
[3516.8803731  3067.23696046 2946.28941393 4163.61455746 3261.74511213
 3265.34527655 3821.7706408  2952.06678584 3024.2420491 ], 480.0
[3518.2908287  3069.28541236 2951.7378417  4163.92842093 3261.16102819
 3265.5053802  3821.24619722 2951.93866043 3029.03464112], 480.0
[3506.96411209 3064.82918391 2940.88308587 4163.36792536 3259.94111962
 3264.76007771 3824.78074749 2952.552438   3028.71113179], 480.0
[3524.28269348 3072.40320411 2954.07267966 4164.4340724  3262.42202187
 3265.5972959  3817.38095012 2962.1515548  3025.4349041 ], 480.0
[3520.95642309 3071.66445851 2953.01053972 4164.51727686 3262.10533695
 3265.59574156 3819.37762766 2961.64993744 3031.39825635], 480.0
[3523.36546454 3072.75686626 2953.48022485 4164.36857042 3262.44373879
 3265.79512348 3825.33661003 2956.28263254 3027.90943739], 480.0
[3521.54722872 3070.82707901 2949.53916731 4163.64200497 3261.56802158
 3265.26387691 3816.0833168  2956.54613445 3031.63063455], 480.0
[3519.87328997 3067.62566323 2948.20405536 4163.6633173  3260.97652111
 3265.50658851 3827.0733737  2954.64022141 3029.15799441], 480.0
[3521.64737768 3067.78437438 2949.256495   4163.3039916  3260.97846937
 3265.8596993  3813.24870586 2952.10036745 3030.41365702], 480.0
[3520.79161205 3067.5613976  2949.13584199 4162.83464489 3260.92231774
 3265.44337115 3819.62893202 2947.95691442 3019.59519324], 480.0
[3519.49120135 3067.06284952 2949.28938475 4163.85648289 3260.89741478
 3265.42617846 3821.53528724 2950.24309375 3022.42639563], 480.0
[3520.91514153 3066.61958303 2950.6974431  4163.49033747 3260.39930272
 3264.89184732 3822.66012776 2952.07358754 3024.54294095], 480.0
[3531.42985349 3068.49852405 2955.21716118 4163.42373304 3261.48658094
 3265.46899056 3824.4493845  2945.14554114 3018.18954952], 480.0
[3518.6581799  3062.96754498 2944.68027787 4163.22832098 3259.80914655
 3265.16585884 3820.38301392 2942.72194793 3012.30185378], 480.0
[3522.23193598 3064.97296271 2946.89992127 4163.62180796 3260.51871161
 3265.09862227 3816.18206925 2943.2963701  3019.50620966], 480.0
[3520.37524972 3063.73764901 2947.69849644 4163.90546341 3260.30057864
 3264.95420852 3820.39062586 2941.66278915 3015.61478565], 480.0
[3509.56456943 3059.87555561 2940.51886911 4162.78889532 3258.44836335
 3263.70442853 3816.91160316 2934.75570087 3007.89518175], 480.0
[3518.68617191 3064.27379999 2946.68765879 4163.59112988 3260.2188571
 3263.96722221 3815.04179802 2930.60637174 3006.31496315], 480.0
[3519.89860415 3060.91955819 2943.56804953 4163.25207682 3259.69612794
 3263.59629202 3822.75935245 2942.02601476 3014.61858153], 480.0
[3521.59700379 3063.89682145 2943.89698143 4163.518048   3260.46508098
 3264.0453341  3812.95306005 2939.49361892 3007.60818624], 480.0
[3518.38098063 3064.7790204  2944.35985842 4162.83832626 3259.94221506
 3263.60961223 3806.37561898 2931.86770606 3004.26579885], 480.0
[3515.51666422 3065.3551827  2940.61191969 4162.83225536 3259.97065449
 3263.64953313 3811.44306159 2940.25160735 3008.43352406], 480.0
[3507.53828797 3061.95614386 2936.36496348 4162.76820202 3258.93751216
 3263.14317193 3809.08507752 2939.83531418 3006.76429546], 480.0
[3515.43649607 3062.15736856 2938.94064746 4162.31755342 3259.51238799
 3263.3224576  3819.50002322 2932.13783491 3005.20565488], 480.0
[3515.75015488 3064.68954425 2940.85407505 4163.46486454 3259.57966661
 3263.65504498 3810.07058744 2937.22344072 3013.21306825], 480.0
[3512.21625614 3063.23715825 2935.98130622 4162.60596724 3259.26052923
 3262.46932883 3818.31561675 2940.70718085 3006.62413619], 480.0
[3522.3855094  3066.49114861 2943.45604815 4163.19601774 3260.91308208
 3263.55349989 3807.75866032 2945.7779691  3010.57194223], 480.0
[3514.61543336 3062.68473821 2940.15770845 4162.53510904 3259.61828127
 3263.4329834  3815.26416645 2940.27021713 3003.11300826], 480.0
[3516.13294687 3061.66063242 2939.5872848  4162.30683241 3259.603792
 3263.08738842 3817.82873294 2938.90453975 3001.78150191], 480.0
[3515.24218049 3062.05056276 2939.76527863 4162.68578835 3259.52793131
 3262.95837793 3819.99024215 2935.06717608 2999.55291097], 480.0
[3518.54172783 3062.8814127  2946.04080157 4162.76414089 3259.81497316
 3262.81013918 3824.89741874 2934.30559938 3000.21135981], 480.0
[3515.12097206 3059.14816904 2940.62855153 4162.77401047 3258.87163858
 3262.37675571 3824.84332037 2939.94701638 2997.07408593], 480.0
[3509.37000766 3057.22183204 2936.4234333  4162.66087809 3258.35395541
 3262.81154113 3814.968414   2938.04347405 2998.82207036], 480.0
[3517.97301197 3058.5755795  2941.29318285 4162.24153481 3258.80857787
 3262.32511878 3813.80370159 2939.3709141  2995.94887292], 480.0
[3525.68192291 3062.00620308 2946.26937394 4163.04887896 3260.27477846
 3262.73694229 3811.72483683 2940.57248926 2987.80789483], 480.0
[3519.31040239 3060.45785537 2945.32764359 4163.08504934 3259.32996035
 3262.19005146 3814.1387495  2944.99398372 2995.25703704], 480.0
[3521.62289252 3061.33506432 2948.78253045 4162.78683949 3259.78743186
 3262.44892511 3799.30609732 2947.33859911 2990.76793113], 480.0
[3519.62915697 3057.07916784 2943.28130102 4161.83140049 3259.39737096
 3262.08144712 3800.22061486 2933.88870258 2993.70011373], 480.0
[3515.58146744 3058.8904613  2949.8985878  4161.67538967 3259.00461068
 3262.57021599 3805.88816075 2938.78170068 2998.25421352], 480.0
[3514.30208244 3057.51879411 2943.66427593 4161.71736956 3258.60989366
 3262.07606249 3813.37163239 2937.0890404  2995.65860353], 480.0
[3517.9887363  3059.83722687 2948.04547772 4161.42651567 3259.59246945
 3261.53789554 3801.52548318 2927.67379823 2990.92241118], 480.0
[3517.83356595 3058.42908959 2945.98487163 4160.67077703 3259.24285612
 3261.87696795 3808.30381367 2943.75662556 2988.57349105], 480.0
[3513.49083419 3057.79313626 2944.56515536 4160.28523045 3258.95265465
 3261.20175328 3801.67448738 2932.40990548 2989.86240997], 480.0
[3513.18311758 3056.75841093 2943.08618546 4159.91010981 3258.01389313
 3260.85906601 3801.42209144 2933.63109221 2994.25528519], 480.0
[3504.05346556 3053.89451385 2930.75467672 4158.99581261 3257.31414266
 3260.24904208 3803.3483439  2935.1657274  2986.33925295], 480.0
[3521.67502146 3058.48011546 2943.62353821 4159.22911835 3259.13523264
 3260.72210011 3798.44391336 2934.33195772 2986.75986967], 480.0
[3517.40011811 3056.07307105 2942.31287122 4159.24624958 3258.63556209
 3261.16607609 3806.69144044 2928.12967632 2984.44471993], 480.0
[3525.23797874 3059.53506694 2947.08532619 4159.34131231 3259.55781875
 3260.86574039 3799.18262348 2935.81851349 2987.97317214], 480.0
[3293.58991237 2445.79165404 2373.14581113 4319.56046572 3359.74160728
 3359.69307189 4301.53356667 3345.86983051 3345.68065348], 480.0
[3284.65614302 2432.78315991 2357.71905448 4319.57180166 3359.62392826
 3359.71007934 4301.53433056 3345.69122367 3345.6993763 ], 480.0
[3276.08003147 2420.70133165 2344.97092433 4319.53231497 3359.67117572
 3359.71778417 4301.74577265 3345.787431   3345.67744484], 480.0
[3293.48650961 2445.17821733 2371.40156685 4319.54738607 3359.7884244
 3359.67854638 4301.62271299 3345.74529085 3345.77996087], 480.0
[3294.69914725 2450.33070151 2376.82596496 4319.60398827 3359.70241308
 3359.54192452 4301.72548819 3345.78535652 3345.58715334], 480.0
[3298.21771719 2452.73015867 2380.8932588  4319.58260355 3359.67999287
 3359.63489423 4301.71801605 3345.63839865 3345.66427174], 480.0
[3284.58522537 2434.39308311 2359.73457797 4319.70928583 3359.6775403
 3359.51737847 4301.74102306 3345.61531749 3345.5271193 ], 480.0
[3275.38959253 2420.65019091 2345.31838578 4319.57993689 3359.68036704
 3359.70456505 4301.5991251  3345.78796244 3345.85755095], 480.0
[3297.00135088 2452.8530452  2380.26972941 4319.49730492 3359.58106985
 3359.82528996 4301.50923986 3345.52611775 3345.73333759], 480.0
[96m 
------------------------------- Initialization Stage ------------------------------- [0m
Number of Pareto optimal solutions: 91
[96m Selected Tasks: [0m
[96m objs = [3248.75734708 2371.37245841 2276.85177465 4303.08834772 3346.88107977
 3348.67546329 4221.34493876 3268.57205153 3306.94916239] [0m
[96m objs = [3750.99162621 2518.09189894 1973.66545584 4201.88969975 3278.24708309
 3258.11558595 3881.64518199 3138.33176603 3032.37534974] [0m
[96m objs = [3533.22970862 3056.13689179 2959.48530393 4176.69671068 3265.74297676
 3279.20089202 3841.80125937 2949.75958459 3083.27471991] [0m
[96m objs = [3526.98157401 3066.6341537  2955.46570082 4169.89836426 3266.75211024
 3270.47212105 3826.55951142 2994.27459104 3076.32736883] [0m
[96m objs = [3765.24549308 2535.82013178 1942.65180437 4199.77221241 3283.30396276
 3260.03098493 3861.75538125 3124.00729351 3018.64472308] [0m
[96m objs = [3522.40274119 2969.64847426 3143.87593865 4235.50903358 3280.59807253
 3276.31366148 3996.64011278 3017.77231107 2946.78954222] [0m
[96m 
------------------------------- Extension Stage ------------------------------- [0m
Starting the extension from iteration 0 to 20.
Sample batch size exceeded policy buffer size 200. Performing sampling.
Number of Pareto optimal solutions: 200
[96m Selected Tasks: [0m
[96m objs = [3239.0369977  2363.7119719  2273.56404744 4302.10063105 3347.20935354
 3347.14984498 4216.36028872 3280.43967347 3293.68718557] [0m
[96m objs = [3777.35591187 2561.03816752 1961.68630837 4198.97918644 3281.45031385
 3256.87135658 3862.24490037 3113.9767355  2997.79546177] [0m
[96m objs = [3769.31152945 2536.75277064 1929.46880136 4199.40164585 3282.6939846
 3258.46302252 3859.48251643 3113.9783462  3019.10964618] [0m
[96m objs = [3560.39459267 2981.39457994 3125.83341632 4232.71632738 3278.00842309
 3272.26020422 3992.86675386 2997.28953929 2893.62120228] [0m
[96m objs = [3527.81837025 3080.89446836 2968.6529809  4168.21920795 3265.56798735
 3270.22573357 3833.31174116 2979.14451175 3058.09986277] [0m
[96m objs = [3519.88172073 3070.98693795 2960.96015215 4166.39752169 3263.47025876
 3269.14174943 3826.16290498 2990.27897708 3052.51539509] [0m
Starting the extension from iteration 20 to 36.
[3772.54834895 2553.16352401 1964.1318837  4200.87140856 3282.02245626
 3258.30932107 3857.33815112 3117.07113471 3006.83372724], 480.0
[3769.19344783 2544.75936399 1957.17257109 4200.81405563 3282.19174838
 3258.64265709 3862.86540856 3113.06030464 3012.69639335], 480.0
[3773.8114131  2559.18956294 1982.20464287 4201.29728727 3281.56908751
 3258.79659195 3858.91340151 3110.93824954 3004.1397543 ], 480.0
[3773.24747143 2554.56358073 1970.54582626 4201.07427101 3281.58057866
 3259.12659788 3857.75566087 3111.33315067 3003.73730364], 480.0
[3778.56069689 2575.71780231 2014.56837949 4202.97301626 3280.98484216
 3259.24338746 3863.76870599 3111.29507322 3004.28323386], 480.0
[3772.9345295  2555.70929606 1982.84644092 4201.40273581 3281.60669332
 3259.33887124 3864.45317879 3109.10044999 3009.66802239], 480.0
[3773.34874673 2562.90039558 1989.06325402 4201.73446341 3281.39539275
 3258.94670839 3856.31637092 3110.76957412 3008.45698094], 480.0
[3771.88294363 2555.72288148 1978.28058201 4201.23035173 3281.44685359
 3259.26146731 3849.79321938 3110.96426091 3004.31197577], 480.0
[3773.46348987 2560.46622286 1994.15118626 4201.69245415 3281.04664545
 3259.54865646 3849.2620321  3102.72713499 2999.07157755], 480.0
[3775.36772885 2566.48585241 1998.26040736 4201.67348442 3281.12756639
 3259.39759884 3860.54588895 3101.41465988 2999.37500377], 480.0
[3773.66506586 2546.64356055 1961.67514214 4200.26318693 3281.17334614
 3259.2670948  3849.97641625 3103.90985761 3001.62427664], 480.0
[3774.38617587 2548.59925902 1970.13179608 4200.41392164 3280.77282109
 3259.37473364 3844.22374978 3103.7088964  3009.89925702], 480.0
[3777.63166399 2548.40229206 1968.84798247 4200.69026709 3280.66466613
 3259.15621262 3841.89228072 3100.09064856 3004.98520875], 480.0
[3774.70476756 2547.49538221 1972.63146164 4200.17428722 3280.95453358
 3259.28426576 3841.95811083 3097.12693791 3006.93513615], 480.0
[3776.4229589  2553.61147182 1979.21803126 4200.05913658 3280.65973125
 3258.98797131 3845.93113823 3097.29966743 3008.80600654], 480.0
[3776.56276426 2556.89188485 1982.71252614 4200.43078175 3281.10965018
 3258.97619586 3849.06942577 3095.46433725 3007.73741415], 480.0
[3778.91420069 2564.76325936 1997.48038601 4201.10922747 3280.44607086
 3258.87859502 3857.2537497  3100.85948687 3009.23254673], 480.0
[3777.3380836  2565.80133529 1990.10799656 4200.63095579 3281.07652087
 3258.68814688 3845.23050122 3093.6138109  3004.11128567], 480.0
[3778.73128757 2567.23956492 1990.86503958 4200.45548563 3280.67756352
 3259.53109164 3845.6913322  3099.64864631 3004.55401394], 480.0
[3778.68957515 2561.72132735 1970.94018322 4199.79263763 3281.15734463
 3259.31439462 3837.12558649 3089.62145209 3006.95678437], 480.0
[3779.85089855 2567.67113159 1974.61757615 4199.86786528 3280.66497684
 3258.86917534 3836.28285792 3088.99409919 3001.83796892], 480.0
[3782.25554981 2572.65940466 1991.5086353  4200.59478645 3280.40712495
 3258.9236959  3838.82495871 3094.75841579 3003.20818269], 480.0
[3782.08096862 2581.22157931 2012.31066327 4201.90844049 3280.00923948
 3258.86668353 3855.9472981  3090.2307045  2996.89425077], 480.0
[3782.18258934 2579.03863955 2003.88426017 4201.14689512 3280.21708426
 3258.98691068 3858.50408735 3089.59543388 2995.40404911], 480.0
[3779.27020459 2562.0958113  1969.51830494 4199.38504305 3280.4370306
 3259.06433301 3841.13737669 3088.02952647 3006.6657681 ], 480.0
[3786.00580387 2579.96461458 2001.41725603 4200.56964092 3279.83937063
 3259.17279949 3850.00504026 3089.93839817 2999.93884926], 480.0
[3783.04118781 2566.81588943 1978.15192133 4199.62890711 3280.26799431
 3258.60829792 3851.75666697 3087.48145142 3004.28006809], 480.0
[3784.31099739 2565.66497934 1975.92928928 4198.82799158 3280.51986351
 3259.56672654 3840.39352913 3089.52796855 3010.57963214], 480.0
[3787.84299116 2585.70613964 2008.92293583 4199.85815096 3280.23183908
 3259.55823202 3846.40252254 3089.02329149 3001.8389804 ], 480.0
[3786.20005221 2583.91802566 2009.06406025 4199.7244607  3280.37702413
 3259.68607049 3845.38497148 3089.36166916 3000.78040469], 480.0
[3785.20639153 2576.39607372 1989.7588276  4198.85149727 3280.5133626
 3259.33649077 3851.17157087 3085.75649037 2997.84220877], 480.0
[3787.70341487 2583.64599898 1987.96211488 4199.50471811 3281.11630559
 3258.88091121 3842.0019985  3088.14236021 2994.42243001], 480.0
[3784.62268763 2587.53107207 2002.99072066 4199.47735624 3280.20803137
 3259.31291904 3843.57440825 3084.53755546 2988.40153606], 480.0
[3786.31922989 2586.54444733 1997.73967909 4199.0525732  3280.39483099
 3259.71194901 3842.32613044 3088.63716965 2995.49853837], 480.0
[3293.58991237 2445.79165404 2373.14581113 4319.56046572 3359.74160728
 3359.69307189 4301.53356667 3345.86983051 3345.68065348], 480.0
[3284.65614302 2432.78315991 2357.71905448 4319.57180166 3359.62392826
 3359.71007934 4301.53433056 3345.69122367 3345.6993763 ], 480.0
[3276.08003147 2420.70133165 2344.97092433 4319.53231497 3359.67117572
 3359.71778417 4301.74577265 3345.787431   3345.67744484], 480.0
[3293.48650961 2445.17821733 2371.40156685 4319.54738607 3359.7884244
 3359.67854638 4301.62271299 3345.74529085 3345.77996087], 480.0
[3294.69914725 2450.33070151 2376.82596496 4319.60398827 3359.70241308
 3359.54192452 4301.72548819 3345.78535652 3345.58715334], 480.0
[3298.21771719 2452.73015867 2380.8932588  4319.58260355 3359.67999287
 3359.63489423 4301.71801605 3345.63839865 3345.66427174], 480.0
[3284.58522537 2434.39308311 2359.73457797 4319.70928583 3359.6775403
 3359.51737847 4301.74102306 3345.61531749 3345.5271193 ], 480.0
[3275.38959253 2420.65019091 2345.31838578 4319.57993689 3359.68036704
 3359.70456505 4301.5991251  3345.78796244 3345.85755095], 480.0
[3297.00135088 2452.8530452  2380.26972941 4319.49730492 3359.58106985
 3359.82528996 4301.50923986 3345.52611775 3345.73333759], 480.0
[96m 
------------------------------- Initialization Stage ------------------------------- [0m
Number of Pareto optimal solutions: 91
[96m Selected Tasks: [0m
[96m objs = [3248.75734708 2371.37245841 2276.85177465 4303.08834772 3346.88107977
 3348.67546329 4221.34493876 3268.57205153 3306.94916239] [0m
[96m objs = [3750.99162621 2518.09189894 1973.66545584 4201.88969975 3278.24708309
 3258.11558595 3881.64518199 3138.33176603 3032.37534974] [0m
[96m objs = [3533.22970862 3056.13689179 2959.48530393 4176.69671068 3265.74297676
 3279.20089202 3841.80125937 2949.75958459 3083.27471991] [0m
[96m objs = [3526.98157401 3066.6341537  2955.46570082 4169.89836426 3266.75211024
 3270.47212105 3826.55951142 2994.27459104 3076.32736883] [0m
[96m objs = [3765.24549308 2535.82013178 1942.65180437 4199.77221241 3283.30396276
 3260.03098493 3861.75538125 3124.00729351 3018.64472308] [0m
[96m objs = [3522.40274119 2969.64847426 3143.87593865 4235.50903358 3280.59807253
 3276.31366148 3996.64011278 3017.77231107 2946.78954222] [0m
[96m 
------------------------------- Extension Stage ------------------------------- [0m
Starting the extension from iteration 0 to 20.
Sample batch size exceeded policy buffer size 200. Performing sampling.
Number of Pareto optimal solutions: 200
[96m Selected Tasks: [0m
[96m objs = [3239.0369977  2363.7119719  2273.56404744 4302.10063105 3347.20935354
 3347.14984498 4216.36028872 3280.43967347 3293.68718557] [0m
[96m objs = [3777.35591187 2561.03816752 1961.68630837 4198.97918644 3281.45031385
 3256.87135658 3862.24490037 3113.9767355  2997.79546177] [0m
[96m objs = [3769.31152945 2536.75277064 1929.46880136 4199.40164585 3282.6939846
 3258.46302252 3859.48251643 3113.9783462  3019.10964618] [0m
[96m objs = [3560.39459267 2981.39457994 3125.83341632 4232.71632738 3278.00842309
 3272.26020422 3992.86675386 2997.28953929 2893.62120228] [0m
[96m objs = [3527.81837025 3080.89446836 2968.6529809  4168.21920795 3265.56798735
 3270.22573357 3833.31174116 2979.14451175 3058.09986277] [0m
[96m objs = [3519.88172073 3070.98693795 2960.96015215 4166.39752169 3263.47025876
 3269.14174943 3826.16290498 2990.27897708 3052.51539509] [0m
Starting the extension from iteration 20 to 36.
[3557.06672144 2978.66312857 3126.98341632 4233.00678949 3278.12535849
 3273.08021946 3989.10731101 2993.25815909 2905.98122382], 480.0
[3563.02201281 2982.42066264 3125.56109524 4233.27743578 3279.23520851
 3273.70961108 3992.3484468  2984.16215754 2905.4603687 ], 480.0
[3559.02338557 2977.11370425 3124.71969066 4233.55733337 3279.06042032
 3274.39967351 4003.99015145 2986.3996789  2912.44045691], 480.0
[3560.24751029 2977.81742105 3124.44531956 4232.57718182 3278.5535655
 3272.97449117 3991.78729787 2984.76842885 2899.0892246 ], 480.0
[3553.75665579 2972.9578331  3123.79452167 4232.21501026 3277.91788578
 3271.27101932 3986.71889663 2983.59797411 2889.37585666], 480.0
[3560.47282839 2976.37395544 3122.80394983 4233.34509897 3278.47458715
 3271.05775452 3995.89819255 2969.42087097 2886.28583109], 480.0
[3551.67307334 2967.99669509 3123.51362519 4233.31757059 3278.74769249
 3270.70151639 3987.1599349  2982.25776908 2897.28723686], 480.0
[3550.25478635 2968.16073222 3123.07696762 4233.15653362 3278.26541171
 3269.99859705 3996.92971506 2975.16894977 2887.38204026], 480.0
[3552.96086154 2964.51203661 3123.17316008 4233.43493109 3278.22511954
 3271.66208544 4000.58690534 2961.45081611 2903.02111079], 480.0
[3555.25872407 2966.06723518 3123.92233043 4233.8640317  3277.91753364
 3270.66054769 4004.28028121 2965.08068304 2893.78716726], 480.0
[3555.82509212 2965.09283023 3120.11680975 4232.86235075 3278.23765731
 3271.72643876 3994.80197401 2957.66549187 2892.18154919], 480.0
[3560.65912352 2966.12672005 3120.90775323 4232.93785028 3278.26416688
 3271.03817492 3995.44117537 2963.47875187 2892.59899971], 480.0
[3557.8717875  2969.63844028 3119.78017035 4233.2411624  3278.53448472
 3269.55165172 3994.09047465 2962.20670552 2881.83123288], 480.0
[3552.93447771 2968.75070014 3118.9634891  4233.03141041 3278.43747897
 3270.08904009 4006.5714087  2964.37739825 2885.84782691], 480.0
[3553.7520577  2968.30198588 3120.46983023 4233.70574617 3279.17899122
 3271.20246825 4005.3198194  2960.47719483 2895.66820233], 480.0
[3556.96118336 2974.26184931 3120.64121141 4232.83791952 3279.60494814
 3272.03338609 4003.72709842 2966.56976364 2896.64304314], 480.0
[3555.68278065 2971.55088282 3118.92365994 4233.06469851 3278.22227316
 3270.42070503 3997.85931368 2960.03690104 2892.16562746], 480.0
[3561.30732079 2970.72865214 3121.72183557 4233.33361607 3278.07034554
 3270.17213974 4000.04445858 2963.99494357 2891.34550004], 480.0
[3562.74307613 2969.29990788 3118.51302567 4233.76995955 3278.47946754
 3271.36673703 4001.66899257 2965.33600776 2890.72163031], 480.0
[3559.93318057 2968.60404615 3118.25771971 4233.17884436 3278.00155821
 3270.10141673 3998.75109406 2959.34343956 2882.52438943], 480.0
[3568.30999484 2976.34888687 3114.69824224 4232.57977428 3278.29913383
 3271.46084061 4000.95198989 2964.5392411  2892.13130744], 480.0
[3569.64788971 2973.51001153 3115.55710101 4232.61427288 3278.36012292
 3270.74459796 4007.70724053 2957.42996318 2882.08011694], 480.0
[3565.95504365 2972.14528213 3117.05019307 4232.83192883 3278.07739296
 3269.93228145 4000.58814616 2956.1070029  2880.23408515], 480.0
[3573.7475647  2978.70360532 3115.7559093  4232.11383791 3278.31737108
 3271.48472724 3996.83279881 2962.23112152 2882.32130197], 480.0
[3568.69747529 2973.66102085 3113.07374191 4233.03730164 3277.46890426
 3269.35455241 4001.61211138 2953.4642148  2868.26937923], 480.0
[3573.33594632 2972.35863662 3113.08310022 4232.70319242 3277.86560521
 3270.77336893 4005.55140824 2961.23364825 2877.9437216 ], 480.0
[3574.3794354  2976.26077824 3115.82877984 4232.43820171 3278.78739729
 3271.74444847 4000.96902018 2954.55657177 2885.12248889], 480.0
[3575.6846539  2974.57409582 3114.58257432 4232.39458971 3278.01832571
 3269.52558627 4002.00268764 2954.98804362 2872.74302137], 480.0
[3574.55935621 2976.18660636 3115.39270959 4232.52080727 3278.55082202
 3269.91817775 4000.62457643 2958.49845572 2878.59856672], 480.0
[3570.46024289 2972.16917977 3116.74543428 4232.24210958 3278.16007342
 3270.02678719 3995.81276407 2947.15791245 2871.57513011], 480.0
[3571.07076192 2971.71648788 3116.40302553 4232.96971941 3278.68962293
 3268.50961652 3994.9353055  2947.48669548 2854.3337518 ], 480.0
[3572.36787348 2975.01972876 3115.96684728 4232.07024879 3278.53020306
 3269.73941402 4001.79577699 2948.78569171 2871.17447782], 480.0
[3567.71385703 2968.18447618 3115.939253   4232.19444265 3277.78676763
 3268.22521672 4003.87226901 2942.53548756 2862.01473672], 480.0
[3569.84497147 2969.01593814 3116.31019297 4232.47849159 3278.30583811
 3270.13079362 3996.47590728 2944.28449593 2865.88082275], 480.0
[3293.58991237 2445.79165404 2373.14581113 4319.56046572 3359.74160728
 3359.69307189 4301.53356667 3345.86983051 3345.68065348], 480.0
[3284.65614302 2432.78315991 2357.71905448 4319.57180166 3359.62392826
 3359.71007934 4301.53433056 3345.69122367 3345.6993763 ], 480.0
[3276.08003147 2420.70133165 2344.97092433 4319.53231497 3359.67117572
 3359.71778417 4301.74577265 3345.787431   3345.67744484], 480.0
[3293.48650961 2445.17821733 2371.40156685 4319.54738607 3359.7884244
 3359.67854638 4301.62271299 3345.74529085 3345.77996087], 480.0
[3294.69914725 2450.33070151 2376.82596496 4319.60398827 3359.70241308
 3359.54192452 4301.72548819 3345.78535652 3345.58715334], 480.0
[3298.21771719 2452.73015867 2380.8932588  4319.58260355 3359.67999287
 3359.63489423 4301.71801605 3345.63839865 3345.66427174], 480.0
[3284.58522537 2434.39308311 2359.73457797 4319.70928583 3359.6775403
 3359.51737847 4301.74102306 3345.61531749 3345.5271193 ], 480.0
[3275.38959253 2420.65019091 2345.31838578 4319.57993689 3359.68036704
 3359.70456505 4301.5991251  3345.78796244 3345.85755095], 480.0
[3297.00135088 2452.8530452  2380.26972941 4319.49730492 3359.58106985
 3359.82528996 4301.50923986 3345.52611775 3345.73333759], 480.0
[96m 
------------------------------- Initialization Stage ------------------------------- [0m
Number of Pareto optimal solutions: 91
[96m Selected Tasks: [0m
[96m objs = [3248.75734708 2371.37245841 2276.85177465 4303.08834772 3346.88107977
 3348.67546329 4221.34493876 3268.57205153 3306.94916239] [0m
[96m objs = [3750.99162621 2518.09189894 1973.66545584 4201.88969975 3278.24708309
 3258.11558595 3881.64518199 3138.33176603 3032.37534974] [0m
[96m objs = [3533.22970862 3056.13689179 2959.48530393 4176.69671068 3265.74297676
 3279.20089202 3841.80125937 2949.75958459 3083.27471991] [0m
[96m objs = [3526.98157401 3066.6341537  2955.46570082 4169.89836426 3266.75211024
 3270.47212105 3826.55951142 2994.27459104 3076.32736883] [0m
[96m objs = [3765.24549308 2535.82013178 1942.65180437 4199.77221241 3283.30396276
 3260.03098493 3861.75538125 3124.00729351 3018.64472308] [0m
[96m objs = [3522.40274119 2969.64847426 3143.87593865 4235.50903358 3280.59807253
 3276.31366148 3996.64011278 3017.77231107 2946.78954222] [0m
[96m 
------------------------------- Extension Stage ------------------------------- [0m
Starting the extension from iteration 0 to 20.
Sample batch size exceeded policy buffer size 200. Performing sampling.
Number of Pareto optimal solutions: 200
[96m Selected Tasks: [0m
[96m objs = [3239.0369977  2363.7119719  2273.56404744 4302.10063105 3347.20935354
 3347.14984498 4216.36028872 3280.43967347 3293.68718557] [0m
[96m objs = [3777.35591187 2561.03816752 1961.68630837 4198.97918644 3281.45031385
 3256.87135658 3862.24490037 3113.9767355  2997.79546177] [0m
[96m objs = [3769.31152945 2536.75277064 1929.46880136 4199.40164585 3282.6939846
 3258.46302252 3859.48251643 3113.9783462  3019.10964618] [0m
[96m objs = [3560.39459267 2981.39457994 3125.83341632 4232.71632738 3278.00842309
 3272.26020422 3992.86675386 2997.28953929 2893.62120228] [0m
[96m objs = [3527.81837025 3080.89446836 2968.6529809  4168.21920795 3265.56798735
 3270.22573357 3833.31174116 2979.14451175 3058.09986277] [0m
[96m objs = [3519.88172073 3070.98693795 2960.96015215 4166.39752169 3263.47025876
 3269.14174943 3826.16290498 2990.27897708 3052.51539509] [0m
Starting the extension from iteration 20 to 36.
[3526.50161004 3079.77169271 2967.49973292 4167.88098249 3265.41060076
 3270.03544617 3832.33690491 2988.32183642 3061.8061254 ], 480.0
[3524.76197133 3079.24644418 2965.21325645 4167.80113106 3264.97405148
 3269.75448399 3826.32247291 2984.25786545 3054.74872088], 480.0
[3516.73690152 3076.34902296 2963.59662957 4167.75498133 3264.0884933
 3269.02552433 3822.02684472 2977.27246561 3053.45259302], 480.0
[3519.24805059 3077.45539608 2961.51021557 4167.7696393  3264.54730878
 3268.93661499 3831.48789363 2984.34960625 3059.4703439 ], 480.0
[3522.39985752 3077.29034452 2962.45133052 4167.52148428 3264.71877308
 3269.18076115 3829.82416697 2987.85548592 3053.99853086], 480.0
[3526.42248383 3079.58709636 2967.52130637 4168.3340229  3265.13327932
 3268.83113275 3835.43786917 2977.2881736  3050.53986454], 480.0
[3531.7368259  3081.55028281 2973.98249211 4167.37847738 3265.25717278
 3268.71455688 3820.49702621 2975.40812633 3049.0575644 ], 480.0
[3526.56322289 3077.74242911 2965.3617548  4167.33368826 3264.46699553
 3267.69040127 3831.61142108 2982.02632196 3047.47633276], 480.0
[3528.40510864 3079.50252748 2967.84118876 4167.408002   3264.33258967
 3267.67804937 3838.55475678 2983.48434141 3048.84733787], 480.0
[3521.19085469 3075.79690337 2963.12294688 4167.13820601 3263.24359355
 3266.38788185 3835.58642321 2980.90563962 3050.54821897], 480.0
[3529.91077218 3081.14906988 2968.42643223 4167.28709192 3264.39883246
 3267.15096264 3836.14209657 2985.79187472 3051.32459002], 480.0
[3531.45716567 3080.75616026 2967.70738873 4167.09180737 3265.22167382
 3267.21255856 3832.02881594 2984.64081745 3045.61451216], 480.0
[3524.37217684 3077.44421706 2961.79144692 4166.88620567 3264.2282855
 3266.53419566 3837.95692601 2974.67346647 3041.06964688], 480.0
[3523.95420108 3078.81875501 2962.23936186 4166.5388813  3264.11717844
 3266.37601089 3835.86975498 2975.80478635 3042.50462463], 480.0
[3530.74125633 3078.62402291 2964.8464138  4166.41295786 3264.17380729
 3266.43734975 3826.43159032 2980.08567507 3043.1934937 ], 480.0
[3532.01497793 3083.02612796 2968.08035092 4166.97317591 3265.34425344
 3266.33883824 3831.23936238 2979.1188067  3035.23814673], 480.0
[3530.10890226 3082.65923347 2966.90890317 4166.76924992 3264.72363567
 3266.27851882 3819.56905143 2978.95529449 3037.84804144], 480.0
[3532.30874281 3080.33381615 2965.1589345  4166.19709988 3264.53866863
 3266.23678007 3825.01657491 2984.45502729 3033.4818572 ], 480.0
[3531.48521776 3079.78506198 2964.80624356 4166.13388767 3264.19503775
 3266.0377317  3819.70034776 2982.64084918 3039.25059254], 480.0
[3531.67280698 3079.86857939 2963.5161407  4166.31987333 3264.24573345
 3266.16826668 3828.10212545 2975.51534388 3035.34866002], 480.0
[3527.64740062 3078.52998304 2962.95244393 4165.7915163  3263.56910291
 3265.69176083 3824.55242367 2974.75443501 3036.74920595], 480.0
[3537.18138766 3081.07033453 2966.72480607 4166.04555206 3264.70949788
 3265.75180998 3825.10640864 2968.56381233 3038.15278924], 480.0
[3529.20595751 3077.70523138 2963.57225885 4165.69638834 3263.8807436
 3265.6619658  3822.95671782 2970.03173301 3031.06913819], 480.0
[3528.74787321 3080.85096712 2963.71977677 4165.94675112 3264.44913316
 3265.69634714 3821.87828965 2976.2353111  3034.02001126], 480.0
[3530.8726326  3079.89765596 2969.76397448 4165.90940514 3264.16953588
 3265.43327246 3820.63146353 2966.96985495 3032.93676066], 480.0
[3529.16735487 3078.6180284  2967.2718287  4166.11712484 3263.64868383
 3265.37131338 3823.21585083 2966.49546285 3037.17901614], 480.0
[3530.26485496 3079.73990703 2968.39486876 4166.22611599 3264.10088472
 3266.09908729 3819.47123199 2973.29267201 3031.81235905], 480.0
[3528.46811361 3079.50586705 2965.28897285 4165.83114576 3263.82514591
 3264.82968102 3822.50970483 2965.30612609 3029.56575456], 480.0
[3525.19484243 3076.81646581 2960.57708578 4165.86007109 3263.22729135
 3264.39380226 3827.19966917 2968.19351752 3032.54514918], 480.0
[3532.15601249 3081.38130808 2966.59074903 4166.53449879 3264.4673079
 3264.41880898 3826.2702466  2977.50821826 3030.47510376], 480.0
[3528.65448265 3078.60255923 2963.47265396 4166.57693977 3263.81745019
 3264.66240139 3824.19705124 2972.58700829 3033.51393645], 480.0
[3530.42098379 3081.42236438 2966.45365586 4165.86316757 3264.11337748
 3264.71564703 3815.86628485 2962.53866558 3029.11526284], 480.0
[3531.90303502 3082.25566564 2969.34134774 4166.42593241 3264.21844573
 3265.16806359 3820.98582773 2966.42210841 3034.91356025], 480.0
[3533.1295083  3080.85219312 2971.00578985 4166.17071304 3264.11467724
 3265.21044974 3812.35807753 2970.46468492 3029.45579624], 480.0
[3293.58991237 2445.79165404 2373.14581113 4319.56046572 3359.74160728
 3359.69307189 4301.53356667 3345.86983051 3345.68065348], 480.0
[3284.65614302 2432.78315991 2357.71905448 4319.57180166 3359.62392826
 3359.71007934 4301.53433056 3345.69122367 3345.6993763 ], 480.0
[3276.08003147 2420.70133165 2344.97092433 4319.53231497 3359.67117572
 3359.71778417 4301.74577265 3345.787431   3345.67744484], 480.0
[3293.48650961 2445.17821733 2371.40156685 4319.54738607 3359.7884244
 3359.67854638 4301.62271299 3345.74529085 3345.77996087], 480.0
[3294.69914725 2450.33070151 2376.82596496 4319.60398827 3359.70241308
 3359.54192452 4301.72548819 3345.78535652 3345.58715334], 480.0
[3298.21771719 2452.73015867 2380.8932588  4319.58260355 3359.67999287
 3359.63489423 4301.71801605 3345.63839865 3345.66427174], 480.0
[3284.58522537 2434.39308311 2359.73457797 4319.70928583 3359.6775403
 3359.51737847 4301.74102306 3345.61531749 3345.5271193 ], 480.0
[3275.38959253 2420.65019091 2345.31838578 4319.57993689 3359.68036704
 3359.70456505 4301.5991251  3345.78796244 3345.85755095], 480.0
[3297.00135088 2452.8530452  2380.26972941 4319.49730492 3359.58106985
 3359.82528996 4301.50923986 3345.52611775 3345.73333759], 480.0
[96m 
------------------------------- Initialization Stage ------------------------------- [0m
Number of Pareto optimal solutions: 91
[96m Selected Tasks: [0m
[96m objs = [3248.75734708 2371.37245841 2276.85177465 4303.08834772 3346.88107977
 3348.67546329 4221.34493876 3268.57205153 3306.94916239] [0m
[96m objs = [3750.99162621 2518.09189894 1973.66545584 4201.88969975 3278.24708309
 3258.11558595 3881.64518199 3138.33176603 3032.37534974] [0m
[96m objs = [3533.22970862 3056.13689179 2959.48530393 4176.69671068 3265.74297676
 3279.20089202 3841.80125937 2949.75958459 3083.27471991] [0m
[96m objs = [3526.98157401 3066.6341537  2955.46570082 4169.89836426 3266.75211024
 3270.47212105 3826.55951142 2994.27459104 3076.32736883] [0m
[96m objs = [3765.24549308 2535.82013178 1942.65180437 4199.77221241 3283.30396276
 3260.03098493 3861.75538125 3124.00729351 3018.64472308] [0m
[96m objs = [3522.40274119 2969.64847426 3143.87593865 4235.50903358 3280.59807253
 3276.31366148 3996.64011278 3017.77231107 2946.78954222] [0m
[96m 
------------------------------- Extension Stage ------------------------------- [0m
Starting the extension from iteration 0 to 20.
Sample batch size exceeded policy buffer size 200. Performing sampling.
Number of Pareto optimal solutions: 200
[96m Selected Tasks: [0m
[96m objs = [3239.0369977  2363.7119719  2273.56404744 4302.10063105 3347.20935354
 3347.14984498 4216.36028872 3280.43967347 3293.68718557] [0m
[96m objs = [3777.35591187 2561.03816752 1961.68630837 4198.97918644 3281.45031385
 3256.87135658 3862.24490037 3113.9767355  2997.79546177] [0m
[96m objs = [3769.31152945 2536.75277064 1929.46880136 4199.40164585 3282.6939846
 3258.46302252 3859.48251643 3113.9783462  3019.10964618] [0m
[96m objs = [3560.39459267 2981.39457994 3125.83341632 4232.71632738 3278.00842309
 3272.26020422 3992.86675386 2997.28953929 2893.62120228] [0m
[96m objs = [3527.81837025 3080.89446836 2968.6529809  4168.21920795 3265.56798735
 3270.22573357 3833.31174116 2979.14451175 3058.09986277] [0m
[96m objs = [3519.88172073 3070.98693795 2960.96015215 4166.39752169 3263.47025876
 3269.14174943 3826.16290498 2990.27897708 3052.51539509] [0m
Starting the extension from iteration 20 to 36.
[3259.41174138 2388.19246258 2299.81843351 4301.89297867 3347.1962976
 3347.04637585 4215.40597839 3278.56104927 3289.05923691], 480.0
[3239.69545808 2367.27477611 2278.4713913  4301.65301285 3347.06653233
 3347.01925554 4212.85603991 3276.7547226  3292.10538926], 480.0
[3251.46814346 2389.54741491 2302.57201729 4301.23925676 3346.71959715
 3346.6672574  4219.44386077 3274.02833157 3292.74025788], 480.0
[3270.70539286 2410.4911503  2329.02197772 4301.057551   3346.70658545
 3346.62468939 4220.99155631 3276.10025573 3292.55933986], 480.0
[3259.33853807 2393.10192243 2310.92584693 4300.94567919 3346.24141412
 3346.36948977 4221.37983427 3270.53223925 3292.79135585], 480.0
[3273.78775647 2411.65738367 2333.47104931 4300.61764774 3345.91758575
 3346.17805471 4213.63580055 3270.68393602 3292.21833482], 480.0
[3277.50230672 2418.80251569 2342.24182892 4300.9381978  3346.03506832
 3345.80517025 4211.77121649 3272.32485919 3289.85455761], 480.0
[3270.29245121 2413.35875517 2329.6038807  4300.27107239 3345.87271633
 3345.16825714 4205.32491775 3267.74402194 3288.40797582], 480.0
[3272.19102905 2417.72965298 2329.25232589 4300.50731306 3345.41709189
 3345.03705001 4209.20563254 3265.35686946 3287.45334892], 480.0
[3270.12029567 2416.27518462 2329.28418038 4300.18067932 3344.82345757
 3344.4107523  4214.26242495 3262.76190753 3286.43645549], 480.0
[3254.04356823 2391.76647946 2305.54716995 4299.37878942 3344.8685586
 3344.23565998 4209.20505543 3261.87856054 3285.09044237], 480.0
[3278.36280584 2414.66937947 2331.97522656 4299.10218353 3344.62559319
 3344.08813534 4209.41359682 3263.53326249 3283.18853679], 480.0
[3254.16347437 2385.88325508 2299.35359938 4298.9472785  3344.22726135
 3343.21737075 4213.42270336 3259.90277948 3282.2748549 ], 480.0
[3278.34443579 2421.63001764 2334.70682909 4298.76781168 3343.5315846
 3343.15135341 4215.33979049 3256.8431561  3280.33028493], 480.0
[3252.47818987 2389.53216887 2297.09418808 4299.66774406 3343.23682661
 3342.75675635 4212.7388555  3256.49044719 3279.3569407 ], 480.0
[3265.59985898 2404.70204382 2316.8971211  4299.27962112 3343.01343188
 3342.53670616 4212.71839547 3255.60438004 3280.28213897], 480.0
[3261.44553382 2403.0613785  2317.75513315 4299.43026676 3343.14128494
 3342.52911224 4209.58296895 3259.62454953 3276.65973558], 480.0
[3268.83021898 2414.64137813 2326.17255509 4299.29091129 3343.30020719
 3342.7539444  4209.9098413  3258.0810997  3272.80588198], 480.0
[3277.36287901 2430.34525111 2342.19620004 4299.03079891 3342.27246265
 3342.53658576 4211.09428334 3251.56658363 3270.92082705], 480.0
[3269.81932805 2420.63533484 2333.21099904 4298.91859808 3342.61540966
 3342.63551407 4213.5315464  3257.57633033 3270.31637831], 480.0
[3270.70066533 2420.14634247 2330.95709227 4297.98544235 3342.75677719
 3342.32856975 4210.53336143 3261.81757178 3268.38313494], 480.0
[3281.9415031  2430.11054103 2345.95474104 4297.210674   3342.55207362
 3342.43399086 4209.851547   3260.42221422 3272.2643908 ], 480.0
[3279.40174241 2437.01026571 2352.81113356 4297.21550398 3342.52400813
 3342.36697731 4210.03267326 3257.42513642 3267.98117194], 480.0
[3266.13826375 2417.89728454 2325.10027792 4297.22896318 3342.25415921
 3342.27450733 4207.348351   3258.01345859 3271.22052436], 480.0
[3275.61849556 2435.58048518 2336.41842514 4297.7598115  3342.11869659
 3342.2121974  4210.05589924 3255.84853506 3273.3721354 ], 480.0
[3260.92453275 2418.91747549 2314.46585616 4298.23182688 3341.51698127
 3342.32224011 4212.61734276 3255.85904455 3271.40096579], 480.0
[3280.71247694 2442.57989019 2341.84554334 4298.10727243 3341.58623333
 3342.6924705  4208.3370429  3257.21904721 3271.28259869], 480.0
[3282.27624032 2445.62064182 2352.61395124 4297.69550667 3341.62330976
 3342.45071321 4212.12311339 3255.4581954  3271.74701228], 480.0
[3262.92068236 2419.85534383 2320.60903987 4297.51190624 3341.16258287
 3342.11416683 4206.81175833 3251.44556279 3273.43592181], 480.0
[3272.90035303 2437.0538694  2343.46557304 4297.63928471 3341.85148802
 3342.496593   4208.23342824 3258.69467969 3275.96084404], 480.0
[3281.66933351 2440.09802507 2342.70203686 4296.63634319 3342.29538932
 3342.2065125  4205.00170007 3258.69769449 3275.64824824], 480.0
[3270.13556838 2431.5901657  2326.62975487 4297.02763824 3342.10140562
 3341.76833482 4204.60032492 3259.8561101  3278.82158318], 480.0
[3273.23453815 2432.47073393 2329.67857199 4296.64357338 3341.97119565
 3341.98102136 4205.43703718 3264.72146854 3278.88839827], 480.0
[3280.66263921 2447.10696095 2341.95922946 4296.86604471 3341.65590863
 3342.02763515 4208.89875898 3262.34527512 3281.0608768 ], 480.0
[3293.58991237 2445.79165404 2373.14581113 4319.56046572 3359.74160728
 3359.69307189 4301.53356667 3345.86983051 3345.68065348], 480.0
[3284.65614302 2432.78315991 2357.71905448 4319.57180166 3359.62392826
 3359.71007934 4301.53433056 3345.69122367 3345.6993763 ], 480.0
[3276.08003147 2420.70133165 2344.97092433 4319.53231497 3359.67117572
 3359.71778417 4301.74577265 3345.787431   3345.67744484], 480.0
[3293.48650961 2445.17821733 2371.40156685 4319.54738607 3359.7884244
 3359.67854638 4301.62271299 3345.74529085 3345.77996087], 480.0
[3294.69914725 2450.33070151 2376.82596496 4319.60398827 3359.70241308
 3359.54192452 4301.72548819 3345.78535652 3345.58715334], 480.0
[3298.21771719 2452.73015867 2380.8932588  4319.58260355 3359.67999287
 3359.63489423 4301.71801605 3345.63839865 3345.66427174], 480.0
[3284.58522537 2434.39308311 2359.73457797 4319.70928583 3359.6775403
 3359.51737847 4301.74102306 3345.61531749 3345.5271193 ], 480.0
[3275.38959253 2420.65019091 2345.31838578 4319.57993689 3359.68036704
 3359.70456505 4301.5991251  3345.78796244 3345.85755095], 480.0
[3297.00135088 2452.8530452  2380.26972941 4319.49730492 3359.58106985
 3359.82528996 4301.50923986 3345.52611775 3345.73333759], 480.0
[96m 
------------------------------- Initialization Stage ------------------------------- [0m
Number of Pareto optimal solutions: 91
[96m Selected Tasks: [0m
[96m objs = [3248.75734708 2371.37245841 2276.85177465 4303.08834772 3346.88107977
 3348.67546329 4221.34493876 3268.57205153 3306.94916239] [0m
[96m objs = [3750.99162621 2518.09189894 1973.66545584 4201.88969975 3278.24708309
 3258.11558595 3881.64518199 3138.33176603 3032.37534974] [0m
[96m objs = [3533.22970862 3056.13689179 2959.48530393 4176.69671068 3265.74297676
 3279.20089202 3841.80125937 2949.75958459 3083.27471991] [0m
[96m objs = [3526.98157401 3066.6341537  2955.46570082 4169.89836426 3266.75211024
 3270.47212105 3826.55951142 2994.27459104 3076.32736883] [0m
[96m objs = [3765.24549308 2535.82013178 1942.65180437 4199.77221241 3283.30396276
 3260.03098493 3861.75538125 3124.00729351 3018.64472308] [0m
[96m objs = [3522.40274119 2969.64847426 3143.87593865 4235.50903358 3280.59807253
 3276.31366148 3996.64011278 3017.77231107 2946.78954222] [0m
[96m 
------------------------------- Extension Stage ------------------------------- [0m
Starting the extension from iteration 0 to 20.
Sample batch size exceeded policy buffer size 200. Performing sampling.
Number of Pareto optimal solutions: 200
[96m Selected Tasks: [0m
[96m objs = [3239.0369977  2363.7119719  2273.56404744 4302.10063105 3347.20935354
 3347.14984498 4216.36028872 3280.43967347 3293.68718557] [0m
[96m objs = [3777.35591187 2561.03816752 1961.68630837 4198.97918644 3281.45031385
 3256.87135658 3862.24490037 3113.9767355  2997.79546177] [0m
[96m objs = [3769.31152945 2536.75277064 1929.46880136 4199.40164585 3282.6939846
 3258.46302252 3859.48251643 3113.9783462  3019.10964618] [0m
[96m objs = [3560.39459267 2981.39457994 3125.83341632 4232.71632738 3278.00842309
 3272.26020422 3992.86675386 2997.28953929 2893.62120228] [0m
[96m objs = [3527.81837025 3080.89446836 2968.6529809  4168.21920795 3265.56798735
 3270.22573357 3833.31174116 2979.14451175 3058.09986277] [0m
[96m objs = [3519.88172073 3070.98693795 2960.96015215 4166.39752169 3263.47025876
 3269.14174943 3826.16290498 2990.27897708 3052.51539509] [0m
Starting the extension from iteration 20 to 36.
[3776.31485615 2558.03000731 1957.91869384 4198.87725029 3281.48408709
 3256.69453483 3865.16672745 3109.86496215 2996.29801769], 480.0
[3779.73043141 2576.55856206 2002.13933882 4201.88470974 3280.56915126
 3256.90839772 3865.5125833  3115.32393408 2986.30866454], 480.0
[3775.17195444 2561.64541378 1969.15476051 4200.76706629 3280.63885489
 3256.4543222  3861.41894064 3112.25605888 2976.22612782], 480.0
[3772.39773588 2557.3660701  1954.69617    4199.63153067 3281.27941656
 3256.37826653 3855.19780078 3106.61488793 2984.82657523], 480.0
[3769.40491505 2548.05686579 1951.6493187  4199.36503677 3281.03487945
 3256.03005099 3852.77765093 3106.93373017 2987.19726048], 480.0
[3776.70349498 2570.49035659 1982.31306261 4199.59809437 3281.11964445
 3256.35667653 3858.86515565 3112.46945953 2991.36775529], 480.0
[3775.50262728 2560.31559005 1954.87265776 4199.37404308 3281.36311455
 3255.77015352 3854.59831123 3109.07364583 2980.57991543], 480.0
[3774.87245097 2547.26685729 1925.36059632 4198.16584578 3281.35402389
 3255.45838923 3854.3072268  3107.44701486 2978.36166499], 480.0
[3773.68623409 2549.68017013 1931.64243155 4198.529529   3281.22424579
 3255.51592655 3852.55708666 3103.55590613 2980.77245791], 480.0
[3773.65950713 2559.53030858 1957.27452988 4198.93073845 3280.88869915
 3256.11542568 3857.96520357 3104.78693178 2991.49192169], 480.0
[3776.16379437 2565.2564256  1967.52589134 4199.23506432 3281.02248635
 3256.35059104 3849.32276926 3106.35673528 2991.52855475], 480.0
[3777.86153755 2578.97047541 1988.94137827 4199.45334635 3280.9026588
 3256.29295716 3847.76100273 3100.49754915 2971.75945203], 480.0
[3774.25047579 2563.50980465 1962.74905851 4198.94010849 3281.01052575
 3256.53378773 3841.83951712 3105.84504986 2979.17581725], 480.0
[3775.35098057 2565.65944836 1968.4190874  4199.07616425 3280.52554574
 3256.87846379 3847.68902683 3106.84503415 2984.54312737], 480.0
[3776.87340183 2572.86334746 1985.6917661  4199.87204514 3280.49817543
 3256.97427764 3848.68970053 3103.20705845 2974.98209488], 480.0
[3773.91409378 2561.60473769 1957.17838409 4199.0284853  3280.58568225
 3256.75270219 3846.27085862 3103.62004387 2986.56621578], 480.0
[3778.69193931 2576.69941709 1988.97306975 4200.2798665  3280.40124545
 3256.46103878 3864.78564949 3103.11793842 2972.27486796], 480.0
[3774.55283947 2561.74730432 1957.7266749  4198.64336977 3281.20094438
 3257.31735306 3843.38158076 3103.07075634 2975.47571893], 480.0
[3776.37503266 2582.7367171  2000.59086189 4199.71676664 3280.44048181
 3256.80423708 3854.25703158 3107.38361754 2976.75184405], 480.0
[3776.43156095 2557.28194628 1937.04335561 4197.49350529 3281.3196053
 3256.77511878 3837.14680696 3101.19353771 2977.31014376], 480.0
[3777.38078842 2579.0944536  1983.61608265 4198.83239813 3280.73818259
 3256.74859009 3846.77790561 3105.4775156  2974.30710459], 480.0
[3776.57878575 2575.82722952 1979.6613705  4197.96865292 3280.86748214
 3256.80078535 3842.27714806 3100.59004273 2965.71630942], 480.0
[3779.8556704  2581.0617707  1993.08937175 4198.84189453 3280.37697492
 3257.10723648 3846.95657144 3103.59407806 2976.45494032], 480.0
[3781.03220067 2581.44802756 1974.86947173 4197.96444798 3280.60915761
 3256.48569832 3843.33856039 3102.42533901 2978.49053402], 480.0
[3782.66099777 2585.66097445 1989.43354866 4198.74123878 3280.37543507
 3256.85981712 3841.67241483 3104.12228413 2971.48221693], 480.0
[3785.29808865 2584.62335014 1982.13123837 4198.12259407 3280.39590988
 3257.12006392 3841.71364212 3096.70394235 2977.88502874], 480.0
[3784.70530519 2587.93492987 1994.63160424 4198.01201944 3280.00828342
 3257.00500054 3839.6669699  3099.53815904 2970.53062825], 480.0
[3784.46976342 2591.14374604 1993.25120262 4197.97877264 3279.94020452
 3256.54130182 3832.21303315 3095.7690208  2978.40940046], 480.0
[3782.5931747  2586.63139377 1984.17126761 4197.58607788 3280.28440104
 3256.60192256 3826.522223   3101.14363713 2973.80411017], 480.0
[3789.08237538 2607.8360754  2020.69231518 4199.40717525 3279.98464184
 3256.54247651 3847.30809574 3097.66435552 2967.68122966], 480.0
[3788.93307395 2609.88415954 2021.19504988 4198.58289909 3279.88360057
 3256.73585906 3835.20972071 3092.04421947 2962.0496588 ], 480.0
[3787.27805867 2605.08928359 2015.30759302 4198.36483984 3279.73661456
 3256.90295115 3831.90722551 3098.08781788 2964.76451223], 480.0
[3783.43278823 2600.47509069 2001.34861696 4197.63877201 3280.05537577
 3256.80285292 3836.44950461 3091.5173923  2976.79795191], 480.0
[3787.02321835 2614.7713789  2037.74282351 4199.15382099 3279.66528788
 3257.17413378 3831.49186802 3098.39451561 2968.42831392], 480.0
[3293.58991237 2445.79165404 2373.14581113 4319.56046572 3359.74160728
 3359.69307189 4301.53356667 3345.86983051 3345.68065348], 480.0
[3284.65614302 2432.78315991 2357.71905448 4319.57180166 3359.62392826
 3359.71007934 4301.53433056 3345.69122367 3345.6993763 ], 480.0
[3276.08003147 2420.70133165 2344.97092433 4319.53231497 3359.67117572
 3359.71778417 4301.74577265 3345.787431   3345.67744484], 480.0
[3293.48650961 2445.17821733 2371.40156685 4319.54738607 3359.7884244
 3359.67854638 4301.62271299 3345.74529085 3345.77996087], 480.0
[3294.69914725 2450.33070151 2376.82596496 4319.60398827 3359.70241308
 3359.54192452 4301.72548819 3345.78535652 3345.58715334], 480.0
[3298.21771719 2452.73015867 2380.8932588  4319.58260355 3359.67999287
 3359.63489423 4301.71801605 3345.63839865 3345.66427174], 480.0
[3284.58522537 2434.39308311 2359.73457797 4319.70928583 3359.6775403
 3359.51737847 4301.74102306 3345.61531749 3345.5271193 ], 480.0
[3275.38959253 2420.65019091 2345.31838578 4319.57993689 3359.68036704
 3359.70456505 4301.5991251  3345.78796244 3345.85755095], 480.0
[3297.00135088 2452.8530452  2380.26972941 4319.49730492 3359.58106985
 3359.82528996 4301.50923986 3345.52611775 3345.73333759], 480.0
[96m 
------------------------------- Initialization Stage ------------------------------- [0m
Number of Pareto optimal solutions: 91
[96m Selected Tasks: [0m
[96m objs = [3248.75734708 2371.37245841 2276.85177465 4303.08834772 3346.88107977
 3348.67546329 4221.34493876 3268.57205153 3306.94916239] [0m
[96m objs = [3750.99162621 2518.09189894 1973.66545584 4201.88969975 3278.24708309
 3258.11558595 3881.64518199 3138.33176603 3032.37534974] [0m
[96m objs = [3533.22970862 3056.13689179 2959.48530393 4176.69671068 3265.74297676
 3279.20089202 3841.80125937 2949.75958459 3083.27471991] [0m
[96m objs = [3526.98157401 3066.6341537  2955.46570082 4169.89836426 3266.75211024
 3270.47212105 3826.55951142 2994.27459104 3076.32736883] [0m
[96m objs = [3765.24549308 2535.82013178 1942.65180437 4199.77221241 3283.30396276
 3260.03098493 3861.75538125 3124.00729351 3018.64472308] [0m
[96m objs = [3522.40274119 2969.64847426 3143.87593865 4235.50903358 3280.59807253
 3276.31366148 3996.64011278 3017.77231107 2946.78954222] [0m
[96m 
------------------------------- Extension Stage ------------------------------- [0m
Starting the extension from iteration 0 to 20.
Sample batch size exceeded policy buffer size 200. Performing sampling.
Number of Pareto optimal solutions: 200
[96m Selected Tasks: [0m
[96m objs = [3239.0369977  2363.7119719  2273.56404744 4302.10063105 3347.20935354
 3347.14984498 4216.36028872 3280.43967347 3293.68718557] [0m
[96m objs = [3777.35591187 2561.03816752 1961.68630837 4198.97918644 3281.45031385
 3256.87135658 3862.24490037 3113.9767355  2997.79546177] [0m
[96m objs = [3769.31152945 2536.75277064 1929.46880136 4199.40164585 3282.6939846
 3258.46302252 3859.48251643 3113.9783462  3019.10964618] [0m
[96m objs = [3560.39459267 2981.39457994 3125.83341632 4232.71632738 3278.00842309
 3272.26020422 3992.86675386 2997.28953929 2893.62120228] [0m
[96m objs = [3527.81837025 3080.89446836 2968.6529809  4168.21920795 3265.56798735
 3270.22573357 3833.31174116 2979.14451175 3058.09986277] [0m
[96m objs = [3519.88172073 3070.98693795 2960.96015215 4166.39752169 3263.47025876
 3269.14174943 3826.16290498 2990.27897708 3052.51539509] [0m
Starting the extension from iteration 20 to 36.
[3526.67967081 3074.62342944 2965.48691807 4167.7345624  3264.65662704
 3269.12888794 3821.12031717 2989.9405791  3052.5915262 ], 480.0
[3526.7994379  3073.739924   2964.06529288 4167.25997324 3264.22473497
 3268.94203982 3826.14270587 2990.17207372 3052.99702692], 480.0
[3534.74349165 3076.71443067 2972.58116241 4167.97836905 3265.49200916
 3269.98409734 3816.69196529 2988.33079624 3050.47422752], 480.0
[3528.86759219 3074.90757751 2967.28594575 4167.34258232 3264.76086502
 3269.45329185 3813.84078765 2987.42097151 3045.94299765], 480.0
[3535.31209893 3077.89558496 2972.55097413 4167.78288212 3265.62814641
 3269.28800821 3817.02937498 2994.0488421  3053.31627731], 480.0
[3524.96988239 3072.79730978 2967.58654757 4167.20549326 3263.98090262
 3268.75102839 3820.2286005  2984.39829335 3041.38431878], 480.0
[3523.86187439 3071.88014274 2966.65524735 4166.92587013 3263.55729671
 3268.38708224 3816.59350138 2989.33782091 3045.68676412], 480.0
[3530.04414372 3073.4345325  2971.59413462 4167.17033596 3264.32982826
 3268.45060782 3818.05324059 2998.81677575 3039.72018561], 480.0
[3527.7710227  3073.61495981 2968.82810283 4166.77283287 3263.83326392
 3268.06400528 3809.23127093 2992.7812444  3043.22293591], 480.0
[3526.63255358 3074.1032937  2969.17897663 4167.07642155 3263.45792427
 3267.52807837 3818.73249731 2985.39604969 3046.3908927 ], 480.0
[3525.21575541 3072.27946477 2966.81155005 4166.83815022 3263.34055161
 3267.27929101 3815.22162642 2994.6522753  3042.729352  ], 480.0
[3521.19274836 3070.3514565  2961.97358923 4166.4069108  3263.28745661
 3266.70226007 3816.89406114 2984.91359706 3036.05473695], 480.0
[3523.31584458 3071.39516869 2965.075985   4166.94103336 3263.14967165
 3266.56004186 3813.38495679 2994.29301498 3036.60119867], 480.0
[3522.0189045  3071.27245526 2963.45875335 4166.93907909 3263.31027865
 3266.65776176 3814.40325384 2993.88052609 3039.43450212], 480.0
[3523.30022116 3071.73644161 2958.7531683  4166.50166349 3263.60017738
 3266.56882944 3812.53275886 2989.7315099  3033.89576902], 480.0
[3517.79881573 3071.23358517 2961.13811665 4166.41227694 3262.65951042
 3266.07162399 3818.4971549  2990.98955066 3035.63072047], 480.0
[3525.10669465 3074.25525069 2963.46737976 4166.0247654  3263.57076259
 3266.55046816 3806.62150447 2989.37062898 3037.96414444], 480.0
[3528.2449666  3073.42279282 2967.4337791  4166.03876982 3263.64859843
 3266.883922   3806.83316216 2985.10690184 3036.72612257], 480.0
[3532.14561882 3074.31439319 2966.23185492 4166.34201097 3264.09192004
 3267.31368313 3806.6068531  2986.42245407 3034.02635198], 480.0
[3531.17561235 3072.73612518 2967.43913503 4166.06438799 3263.76875405
 3267.33074608 3813.80720453 2987.96969016 3042.40553741], 480.0
[3532.50713859 3073.62314858 2967.04865489 4166.04913197 3263.99986043
 3267.13875885 3803.83664503 2985.80008273 3030.40486667], 480.0
[3527.31779084 3069.55083418 2960.09879632 4165.42198381 3262.95288134
 3266.59691277 3809.37738814 2989.70461571 3034.60788004], 480.0
[3521.06157088 3067.73073153 2956.53080812 4165.84829826 3262.89437952
 3266.50320663 3814.95046148 2976.81596382 3035.6011375 ], 480.0
[3523.0537663  3067.67250285 2957.57961392 4165.61487513 3262.34292078
 3266.43576159 3811.3414824  2986.00563722 3038.94008999], 480.0
[3527.58039894 3068.45834479 2965.34842625 4166.04397526 3262.1041678
 3266.56683078 3807.75283871 2985.21569483 3032.04031699], 480.0
[3528.24104266 3069.31814728 2966.72875128 4166.04090443 3262.84177132
 3266.66028223 3807.70751138 2982.360728   3036.90412073], 480.0
[3526.32727985 3068.60719566 2962.99046788 4165.56429377 3262.53536792
 3266.62452102 3805.09535866 2984.21404178 3032.52897182], 480.0
[3520.91419067 3065.5595293  2960.51088371 4165.37289085 3261.74069705
 3265.76177921 3808.92610173 2979.38273888 3030.20734746], 480.0
[3528.69571061 3068.7901495  2967.76283331 4165.95895491 3263.37623072
 3266.08306713 3802.9345295  2989.37260988 3039.27453401], 480.0
[3523.28901176 3070.25955224 2964.71398096 4166.11102104 3263.68307271
 3265.83692317 3804.50054932 2974.81119597 3039.47151148], 480.0
[3519.68475037 3069.75294061 2962.89824052 4165.66774187 3263.13856564
 3265.37666569 3812.89435558 2984.91420343 3031.11698952], 480.0
[3522.17837892 3071.13832011 2965.2516458  4165.96925259 3263.37230892
 3265.77015471 3811.9976217  2981.98173347 3030.38594441], 480.0
[3519.74966412 3068.73892112 2963.47314215 4166.4472208  3262.41113095
 3265.30847974 3806.66249094 2986.09689081 3030.6578959 ], 480.0
[3516.60413132 3067.18423738 2961.65876718 4165.77025537 3261.73769674
 3265.32401066 3811.7949584  2987.43340969 3029.12873111], 480.0
[3781.89917049 2580.03987424 1984.20930093 4198.09543247 3280.43079238
 3259.8413063  3844.36676052 3082.43282034 2992.11790497], 480.0
[3790.33655825 2589.42156336 1988.1167053  4198.51506634 3280.51373072
 3260.08957548 3843.59979897 3083.7447346  2984.6986021 ], 480.0
[3789.2030961  2598.81585181 2013.21227735 4198.61956739 3280.17463703
 3260.74513512 3835.99700885 3078.9909065  2989.17819679], 480.0
[3788.5489255  2593.96525619 2002.99467036 4198.38047752 3279.9315444
 3260.93075857 3841.04116459 3078.99922793 2990.56359797], 480.0
[3789.85325565 2604.78912048 2017.1409482  4199.46779327 3279.875564
 3260.71540666 3842.20510154 3076.74199991 2983.92417138], 480.0
[3789.22868476 2602.66987345 2010.94018059 4198.17961512 3279.89471836
 3260.82752995 3830.58299241 3077.50107129 2994.77223434], 480.0
[3788.39371524 2603.11352007 2020.90307896 4198.91928902 3279.63966489
 3260.99288654 3835.69161663 3080.32414248 2988.08250356], 480.0
[3791.18181119 2604.98846262 2032.61638353 4199.88220425 3279.18892026
 3260.86462936 3840.43924251 3080.6256536  2986.13376981], 480.0
[3791.76581607 2617.48287277 2044.40046926 4199.3663722  3279.28714542
 3260.80217004 3847.9432899  3077.14528041 2993.48729925], 480.0
[3790.97358088 2611.09329231 2028.25519165 4198.42723131 3279.7318254
 3260.56745877 3839.44572742 3077.6687964  2971.73663449], 480.0
[3794.88565135 2627.33664806 2067.17154544 4200.0787466  3278.91020513
 3260.82617073 3840.00180054 3073.28064857 2967.60999007], 480.0
[3787.76872277 2607.23064051 2024.94939953 4198.12222252 3279.54094644
 3261.21685171 3824.81309083 3071.51635876 2986.45831726], 480.0
[3792.00380878 2625.32160139 2054.88482541 4198.98241272 3279.04483004
 3261.26902089 3843.30321312 3074.46176982 2974.95658092], 480.0
[3790.59254789 2625.77952261 2044.857845   4198.10668373 3279.31268544
 3261.13206215 3832.5433476  3070.95268981 2983.14487083], 480.0
[3791.73829341 2622.14599748 2032.77770183 4197.88240013 3279.34893317
 3260.9888236  3832.11821165 3072.1912729  2971.89179697], 480.0
[3791.88237333 2633.05172374 2049.89035748 4198.14193373 3279.26628923
 3261.24138427 3827.49761138 3072.31957655 2969.6954102 ], 480.0
[3790.31986246 2628.51819279 2043.99382488 4198.27629194 3278.90201836
 3260.85944271 3839.22863517 3065.68205478 2973.59182811], 480.0
[3793.59060779 2629.02880347 2043.75294271 4197.77264042 3279.15334296
 3261.51084442 3831.58328147 3069.91918571 2971.17424026], 480.0
[3795.2430172  2638.30782282 2054.56016684 4197.92912579 3279.40404205
 3261.37589908 3840.45784569 3076.5957798  2974.34838302], 480.0
[3795.98048525 2642.71440623 2068.75770656 4198.53415089 3278.57264047
 3261.81666665 3838.86140933 3070.06244831 2968.40108573], 480.0
[3796.41889062 2654.84045086 2087.13822212 4198.11555138 3278.99341192
 3261.55700855 3839.89970398 3065.44989557 2958.45618815], 480.0
[3793.49849963 2633.75431414 2043.58572817 4196.57583542 3279.18004689
 3261.74398203 3825.98240881 3075.72727065 2974.90254543], 480.0
[3796.2152771  2639.24532979 2053.82513495 4197.51692381 3279.12466049
 3261.34594903 3828.86500258 3073.33266001 2978.13306375], 480.0
[3794.86360974 2637.25730667 2056.57473075 4197.42616911 3279.15301304
 3261.47226486 3832.64421253 3070.3317421  2974.33079259], 480.0
[3794.07090287 2636.22697406 2055.18462403 4197.36046257 3279.50979896
 3261.44197669 3832.06897092 3070.12800117 2967.60468118], 480.0
[3798.28034678 2640.49055917 2059.17273006 4197.47291622 3279.55456443
 3261.35916586 3833.87920151 3067.95102468 2974.93227909], 480.0
[3794.97098236 2633.30325406 2044.10711284 4197.31610804 3279.58360496
 3261.23827486 3822.15991189 3070.07423182 2968.38637366], 480.0
[3798.18430028 2639.89170954 2045.21317635 4196.63416023 3279.60083351
 3261.59022617 3816.53380885 3073.49259341 2969.85599446], 480.0
[3798.75905862 2634.6249953  2040.86284752 4197.09683847 3279.49016452
 3261.81565795 3821.15286169 3066.65722008 2977.09585063], 480.0
[3801.81674542 2654.02689624 2068.16866823 4198.19752398 3279.45081906
 3261.24353485 3828.08946714 3075.46929202 2978.36655977], 480.0
[3797.36788368 2636.93872342 2028.85416327 4196.15239878 3280.09295163
 3261.84780946 3811.83150048 3077.95062747 2968.98071399], 480.0
[3799.46201897 2646.49482605 2056.29399993 4197.37480288 3279.31263523
 3261.7147378  3831.99232955 3073.0015893  2975.16257386], 480.0
[3796.35965934 2635.44642427 2042.0864368  4196.63971186 3279.21525207
 3261.6727293  3820.61950862 3072.17831812 2970.92237449], 480.0
[3798.77974548 2644.92166355 2047.69997499 4197.06215296 3279.54789147
 3261.41590071 3823.77414465 3072.71760688 2970.16062069], 480.0
[3800.77513404 2641.00128512 2042.98284743 4197.13529472 3279.22983913
 3261.0607626  3820.86936135 3075.73268077 2972.34479883], 480.0
[3801.22691998 2655.70617914 2074.266589   4197.6953187  3279.46836758
 3261.59421558 3820.84266114 3071.41428776 2963.46130097], 480.0
[3801.70861454 2647.75255182 2054.60343589 4196.76465921 3279.75869493
 3261.62722764 3818.76940856 3072.72587395 2965.42505667], 480.0
[3803.41477976 2648.34410748 2050.98281315 4196.69626913 3279.20649891
 3261.37477756 3821.78845022 3071.71383197 2972.99463136], 480.0
[3802.79305482 2650.4687844  2049.76395451 4196.91357288 3279.2876111
 3261.10179405 3814.52271609 3074.03923237 2976.63116236], 480.0
[3801.30579362 2642.37105124 2031.91591571 4195.73092117 3279.2881485
 3261.38178201 3804.98745377 3067.66720159 2970.18526444], 480.0
[3805.11052747 2663.08516695 2085.5113706  4197.91424255 3278.59560118
 3261.35313983 3812.66599832 3069.67724051 2964.62354288], 480.0
[3803.15480423 2652.98334868 2066.26475261 4197.14743137 3278.3988152
 3261.20888157 3825.11720843 3068.95049031 2971.40853477], 480.0
[3804.29951797 2652.66940908 2064.52716017 4197.54649115 3278.02178273
 3260.83499203 3816.15099349 3065.37743902 2963.31174517], 480.0
[3804.34147897 2657.63187413 2076.98051655 4197.18933096 3278.38704743
 3261.26168313 3823.68154202 3068.56877394 2969.17344153], 480.0
[3804.0971756  2650.95677817 2064.61659511 4197.00419731 3277.97674522
 3261.1035295  3813.30822694 3071.95687249 2955.82280722], 480.0
[3804.75631866 2652.28908763 2061.56387926 4197.05241737 3278.49694014
 3260.92247629 3820.58976331 3067.71363616 2966.3107882 ], 480.0
[3809.36931233 2665.4386986  2103.03743622 4198.92599478 3277.62285218
 3260.60268154 3830.47981005 3070.03897486 2953.84025052], 480.0
[3805.19723973 2658.60127664 2088.28682882 4197.3311101  3277.73825145
 3260.75426564 3816.14813862 3069.09831481 2955.44677453], 480.0
[3805.68659654 2643.03276515 2051.37775043 4196.87116718 3277.87907515
 3260.60603051 3804.13060775 3067.1458343  2967.47830539], 480.0
[3804.25750799 2638.41157539 2048.674951   4196.5526207  3278.15599341
 3261.40285397 3809.21685581 3068.85943065 2966.8552578 ], 480.0
[3806.49735761 2655.27109315 2079.93750135 4197.01178589 3277.11486254
 3261.0279758  3809.72980988 3066.44987702 2960.38046553], 480.0
[3806.79735413 2653.60677736 2076.32919229 4196.52684469 3277.85462861
 3261.03181052 3808.45223417 3067.47854176 2962.89878371], 480.0
[3806.21461444 2648.48074098 2060.65395459 4196.0246007  3277.92332907
 3261.15024819 3804.392243   3065.15704355 2969.76637688], 480.0
[3806.09382496 2651.18019915 2065.6281795  4195.9405612  3277.33243937
 3261.12791824 3799.28327367 3065.84021225 2974.72677307], 480.0
[3805.38803    2649.50454369 2068.83958029 4195.74625654 3277.9695632
 3261.60647559 3806.30270097 3065.66719227 2963.95256925], 480.0
[3806.49123993 2646.30168982 2062.06241473 4195.63226013 3278.15818076
 3261.4520844  3801.69574261 3070.24754815 2971.73075869], 480.0
[3808.1883482  2661.47132263 2089.97957652 4196.78911266 3277.30999389
 3261.30330739 3803.11463561 3063.84077144 2963.16326249], 480.0
[3808.5814074  2651.05117843 2076.08782044 4196.70181599 3277.16751733
 3260.9183259  3802.34812961 3061.61789036 2973.54365587], 480.0
[3806.12298989 2639.216892   2051.56958899 4196.14378424 3277.51243267
 3260.30378127 3804.02482643 3057.52595825 2976.86879768], 480.0
[3806.42652736 2642.13313227 2067.92070772 4196.7862731  3276.77526717
 3260.84709339 3812.59420853 3061.38853085 2972.65283954], 480.0
[3787.27010245 2604.61799314 2003.74854643 4197.65071707 3280.35460896
 3256.83779178 3832.04888482 3098.06179051 2965.51785264], 480.0
[3786.81601772 2607.34860582 2018.30012796 4198.16983232 3280.07256923
 3256.95148573 3832.77136216 3097.28488774 2967.63409805], 480.0
[3789.62982435 2614.35013969 2013.06566561 4197.93950157 3280.32629714
 3256.92829957 3829.73154206 3091.40886161 2970.64408634], 480.0
[3786.90526614 2594.4961097  1989.26301939 4197.45653152 3279.9189815
 3256.85480051 3821.59841089 3095.52075124 2977.24483395], 480.0
[3790.94298105 2615.63245542 2033.37861293 4198.63769512 3279.20167317
 3256.85102334 3833.61356483 3081.69858532 2962.83223221], 480.0
[3785.11358666 2582.50281026 1962.26501718 4196.41145067 3280.16667047
 3256.91018319 3812.5057586  3087.35082746 2979.25278196], 480.0
[3787.40011129 2605.45160279 2019.49505392 4197.61134949 3279.04421058
 3257.28429923 3822.3775836  3084.96572294 2968.09881737], 480.0
[3789.34491487 2615.2782732  2049.28315125 4199.30134192 3278.87162495
 3256.98337984 3839.83093448 3086.84369473 2965.19974329], 480.0
[3789.66794586 2610.22784534 2037.85307975 4199.01463547 3279.32896395
 3256.87049146 3824.68489914 3085.51659787 2971.86499317], 480.0
[3791.29273973 2616.9500742  2050.96898477 4198.81043463 3278.87415962
 3256.86141944 3821.5105382  3081.9419106  2961.23917973], 480.0
[3790.8845603  2616.12993467 2036.28108651 4198.28052235 3278.91507158
 3257.07319689 3821.78355331 3081.77394671 2969.36157017], 480.0
[3789.39603701 2606.47042041 2014.03250142 4197.44617634 3279.29778142
 3256.65977254 3823.40885375 3085.56834724 2968.71319141], 480.0
[3788.00467281 2603.27241325 2006.41917899 4197.42503653 3279.58935246
 3257.03070273 3833.72586565 3086.26417165 2981.62612908], 480.0
[3792.13408937 2623.94228916 2040.45726298 4197.55791893 3278.90060616
 3257.24186468 3820.88523717 3081.28933628 2966.1171164 ], 480.0
[3791.0502924  2619.51560652 2027.55600581 4197.55090961 3279.32681899
 3256.8136838  3824.88008423 3085.32801857 2965.0368958 ], 480.0
[3793.58199902 2628.45068934 2038.96012493 4197.81530495 3279.30551586
 3256.96472964 3816.00128787 3076.76154773 2975.39931853], 480.0
[3791.99724188 2624.40773447 2035.14821811 4197.395613   3279.81484432
 3257.15219502 3816.14397149 3078.87335439 2972.64401803], 480.0
[3791.99780412 2629.99262965 2033.9910959  4196.84653015 3280.15738835
 3257.30464516 3805.53502593 3079.38414881 2981.4854672 ], 480.0
[3793.9986495  2636.54468062 2066.38238889 4197.62840385 3279.41470065
 3257.90318484 3814.65328636 3079.15735743 2972.53889925], 480.0
[3794.19718494 2634.59180691 2061.03245514 4197.80286484 3278.90835485
 3257.84753885 3815.31346951 3078.10728958 2972.09193277], 480.0
[3794.52086082 2637.88207519 2069.2093956  4198.40977678 3279.22640781
 3257.55456333 3823.77014337 3077.55954299 2966.89295154], 480.0
[3791.27602873 2618.53192415 2027.98130851 4196.51588802 3279.64396234
 3257.45598493 3806.20348997 3080.92676919 2982.01189678], 480.0
[3793.67601032 2619.75480719 2035.40356788 4197.22563858 3279.17093043
 3257.31176476 3814.28363185 3073.10507245 2976.15601306], 480.0
[3795.91039176 2633.19437947 2064.09966866 4198.65214109 3278.68790865
 3257.76662574 3818.52162929 3072.56479232 2985.09097219], 480.0
[3793.76095715 2628.73085949 2060.49025558 4197.77061844 3279.06041608
 3258.08588791 3834.35099897 3078.07487905 2978.54472308], 480.0
[3788.21266093 2604.18837862 2005.59623826 4196.28139229 3279.87722239
 3257.53374157 3802.31290016 3072.85814781 2991.17860093], 480.0
[3790.72011585 2627.04173937 2051.64120855 4197.97306004 3279.24668818
 3257.65625176 3811.27777901 3074.37289493 2977.60105519], 480.0
[3795.3594522  2634.07828877 2046.8967164  4197.75818243 3279.68247671
 3257.40135469 3814.39765892 3074.28295195 2982.55232334], 480.0
[3789.82508464 2617.65983908 2023.6580083  4196.26729727 3279.22511201
 3257.18462086 3800.59446077 3074.01392572 2990.86900761], 480.0
[3792.80535274 2624.82325075 2036.59033831 4197.26437416 3278.96286898
 3257.05161648 3819.0637831  3077.62834115 2982.88183804], 480.0
[3794.33170786 2634.93041704 2064.63318066 4197.8046134  3278.25506186
 3257.46600819 3810.42726748 3069.86743259 2982.83201568], 480.0
[3789.2239965  2615.60972466 2013.02866828 4195.53683815 3278.992698
 3256.96149173 3810.09839215 3074.94311185 2979.49209383], 480.0
[3791.50033646 2621.16286669 2039.86332521 4196.82808828 3278.07747674
 3257.22826567 3806.76866007 3068.90899618 2984.28885558], 480.0
[3795.12278838 2640.15763524 2085.04661797 4197.64279423 3277.66585641
 3258.35297461 3806.51807609 3071.88619034 2979.6743173 ], 480.0
[3793.16644239 2624.26910288 2051.83756199 4196.97345905 3277.73734827
 3257.82094812 3808.59622078 3068.42760966 2981.86342502], 480.0
[3791.59452724 2607.90029266 2012.53838449 4195.24496517 3277.768893
 3257.58985124 3794.06586766 3065.89673116 2983.20017679], 480.0
[3792.6948524  2628.87360559 2052.92927751 4195.48412352 3277.32610526
 3257.70713863 3805.75561533 3063.19933395 2982.38214722], 480.0
[3795.77569361 2639.01156392 2064.98141787 4196.55091572 3277.40287519
 3257.96207438 3802.91707006 3059.71957519 2987.63700349], 480.0
[3793.8192873  2625.16018701 2044.49752034 4196.45272703 3277.13083191
 3257.33876443 3809.01903887 3059.27593474 2981.94540157], 480.0
[3795.06140714 2629.13897321 2047.54487392 4195.82646198 3277.33735442
 3257.646099   3804.69652929 3058.37372634 2981.89072144], 480.0
[3791.24792295 2615.79463463 2021.965653   4194.97160778 3277.44105468
 3257.49388885 3799.82778008 3055.34833984 2989.44621675], 480.0
[3793.18552427 2619.37683959 2033.34401845 4195.92214289 3277.04468255
 3257.33189688 3793.70803351 3056.48793662 2992.61282644], 480.0
[3791.51805964 2610.25953195 2015.16668065 4195.38299923 3277.23843961
 3257.26119771 3790.44277627 3055.44065061 2982.34081671], 480.0
[3793.59272542 2625.5535656  2053.64234055 4196.54831381 3276.85593076
 3257.46215529 3800.61655903 3061.43160424 2977.84549329], 480.0
[3791.04517798 2619.88786592 2039.49535525 4196.27451916 3277.51937537
 3257.05841398 3795.28840938 3055.28971453 2975.40227966], 480.0
[3788.9082746  2604.84757056 2003.43635859 4195.00074625 3277.60355334
 3256.59874043 3789.7555907  3061.14100838 2979.67357693], 480.0
[3792.15679145 2618.91343718 2038.69186981 4196.21507196 3277.08691607
 3256.71732407 3798.56615982 3056.10670376 2987.94256909], 480.0
[3796.04348979 2633.6483465  2070.79487907 4197.39892874 3276.36627297
 3256.87695837 3800.96745968 3052.93748    2962.92824395], 480.0
[3791.8654388  2611.51417084 2017.53070646 4195.01288614 3276.88159757
 3256.50693312 3792.14902511 3051.9997659  2971.8459161 ], 480.0
[3791.73959575 2615.97268748 2035.9945013  4196.35986986 3276.39666815
 3256.49683294 3794.6962853  3051.84081695 2966.36825321], 480.0
[3793.5406301  2616.75385506 2036.19892206 4196.61310987 3276.3863853
 3256.48746057 3789.96020606 3047.39748344 2961.56813207], 480.0
[3794.66299987 2616.21752446 2032.83072564 4196.50940304 3276.09482765
 3256.44769888 3801.30596774 3053.31570737 2971.76898952], 480.0
[3797.62977738 2623.39886808 2047.54303025 4197.01430845 3275.91155949
 3256.54596162 3801.68681135 3051.69083223 2968.35644674], 480.0
[3794.7894557  2610.83414259 2011.46202221 4196.22132311 3276.42039104
 3256.02295375 3797.40981731 3053.35679355 2977.67952759], 480.0
[3795.38876886 2621.56815195 2042.52253696 4196.69400644 3276.11790419
 3256.53380632 3797.95268791 3054.54672613 2965.97722192], 480.0
[3797.2916575  2616.24182951 2021.6958603  4196.75665569 3276.6044219
 3255.69439964 3808.46399708 3052.96006503 2978.24303305], 480.0
[3794.7914701  2617.82401006 2020.3919879  4196.16220436 3276.0677403
 3255.41466179 3798.02032554 3049.93651826 2979.87186646], 480.0
[3797.1677453  2623.21218369 2036.28012107 4196.85339098 3275.78531804
 3255.37782183 3796.69844656 3045.07524335 2967.01984763], 480.0
[3798.98061314 2620.55555832 2031.61330637 4196.96671047 3275.40252676
 3254.87350755 3796.58525276 3047.67019889 2969.66846702], 480.0
[3795.84632564 2605.18258259 2012.24861058 4196.71649046 3275.5029633
 3255.28235412 3802.1223263  3054.21698811 2974.83130765], 480.0
[3573.4681613  2968.33932605 3115.97471046 4232.49818296 3277.73682394
 3270.79771771 4001.3287353  2943.43972375 2863.44380774], 480.0
[3573.8597898  2964.78601713 3115.82970243 4232.2747016  3278.60871501
 3269.95718112 3997.97363954 2947.55431187 2853.88142717], 480.0
[3573.34173636 2965.41790028 3112.78583913 4231.95867891 3277.0463953
 3268.0138227  3996.23444061 2938.59198726 2841.2990697 ], 480.0
[3576.97134223 2969.32563586 3113.14020109 4232.64929571 3277.83654218
 3270.27839465 3997.10402603 2942.53709106 2847.81986396], 480.0
[3569.27689114 2961.55265093 3114.13968072 4232.41505785 3277.47159915
 3269.48699751 3989.90399551 2932.69868538 2856.40105134], 480.0
[3569.1243751  2962.98802071 3114.77142353 4232.68966465 3277.15426083
 3268.76105251 4000.88551736 2938.71806812 2856.31394168], 480.0
[3568.91542888 2961.67515783 3115.10866971 4232.72264223 3276.9710278
 3268.5478508  3988.3397933  2940.53941171 2841.7821039 ], 480.0
[3574.76150541 2961.22748008 3113.45794878 4232.16283092 3276.88125777
 3269.03973804 3990.10220771 2947.4621243  2841.3689332 ], 480.0
[3577.3934895  2968.3231699  3113.63932958 4232.32888384 3276.69505954
 3268.66504278 3995.89565244 2936.24034457 2834.41814286], 480.0
[3568.82360229 2965.20045843 3113.16736531 4232.80204744 3276.79308543
 3268.16726365 3999.39796834 2943.23055849 2827.89370897], 480.0
[3573.1408102  2969.19127836 3111.74527979 4232.93443995 3277.58572845
 3268.30363607 3987.60944486 2926.78429432 2825.3449226 ], 480.0
[3570.49823418 2963.64378176 3112.97556629 4232.7221591  3277.64005466
 3268.74267426 3992.58062358 2920.93571365 2830.32905558], 480.0
[3577.8519906  2966.2724968  3116.81134911 4232.49529829 3276.7438992
 3268.07621679 3997.52808714 2923.89154682 2831.32001467], 480.0
[3573.74060373 2966.8544138  3116.3758163  4232.04855642 3276.96715698
 3269.18101816 3989.3453505  2930.69347396 2840.40175984], 480.0
[3569.44906478 2963.73086658 3117.18224759 4231.58168764 3276.52011561
 3270.13952036 3990.04793816 2931.239607   2832.17732809], 480.0
[3573.96405187 2964.55075197 3115.75090032 4231.57851086 3276.03406324
 3269.1326983  3996.65038705 2928.22166576 2831.26403847], 480.0
[3572.54343934 2963.46945596 3115.47037468 4231.26644497 3275.28280106
 3269.29013848 3993.74084878 2925.39799249 2830.94881911], 480.0
[3569.47153273 2960.98714137 3111.40424056 4231.68128672 3275.61787863
 3267.82962236 3990.50253048 2920.7466433  2824.96934618], 480.0
[3570.26850419 2958.49959326 3112.83057151 4231.06045961 3276.25409813
 3269.18600111 3985.04099674 2925.75233018 2838.9744594 ], 480.0
[3572.09854517 2961.73322496 3111.05073986 4230.94223747 3275.18781185
 3267.54039993 3990.36211219 2936.34430037 2826.51526221], 480.0
[3574.57785058 2964.86570644 3110.36366415 4230.44815426 3275.83963909
 3268.72953215 3990.88094521 2925.75343029 2825.1861977 ], 480.0
[3573.64491858 2961.95767918 3109.2878427  4229.96739225 3275.78245268
 3269.67413998 3986.89408436 2928.76283672 2837.86846606], 480.0
[3576.9207058  2960.47253857 3108.5730052  4230.6495512  3275.01371388
 3268.75621276 3988.98055501 2917.73488088 2830.45401174], 480.0
[3582.24504519 2967.59187307 3105.82180243 4230.01032887 3274.63320751
 3268.52396278 3986.2208704  2910.22882884 2814.49329132], 480.0
[3586.28615093 2971.07192507 3105.41977229 4229.41952171 3275.35346909
 3268.63468122 3981.90023556 2917.31690772 2810.25191152], 480.0
[3582.29093747 2974.54504814 3106.82295694 4229.25190363 3274.66569648
 3267.97470775 3980.7228229  2907.69487019 2802.50409598], 480.0
[3584.19945788 2976.76702132 3105.17879052 4228.98281775 3275.10975771
 3268.55173483 3976.57021756 2923.77395077 2819.60047917], 480.0
[3585.39196978 2976.11562467 3106.92758989 4228.34129801 3275.91082525
 3269.02586293 3969.96688924 2918.35879555 2821.09518908], 480.0
[3587.16788411 2973.60942373 3104.77550311 4227.86812859 3275.61466799
 3268.67720656 3960.02330666 2921.90678329 2815.56801059], 480.0
[3589.5895556  2972.02958741 3103.56375399 4227.62798853 3275.25082421
 3268.12673025 3967.90540886 2928.82763448 2811.47680256], 480.0
[3587.74169974 2974.2281209  3104.28191471 4227.10754766 3275.53130498
 3269.06452231 3970.16411595 2938.05476036 2815.33899993], 480.0
[3583.37759261 2969.49171171 3104.23803511 4227.17335215 3275.08586869
 3268.57872028 3967.53677001 2935.14379816 2811.48629897], 480.0
[3589.41580296 2973.08436718 3101.672716   4227.42066841 3274.17555656
 3266.99630327 3961.16759343 2926.35401247 2815.75107208], 480.0
[3591.63764782 2975.09117117 3103.04263091 4226.92609463 3275.02539949
 3267.83840809 3966.71904101 2927.71247079 2820.80633487], 480.0
[3593.06378179 2976.50552311 3101.60129504 4227.13319206 3273.72308779
 3267.71376271 3973.71505098 2925.5576081  2814.21156788], 480.0
[3592.2014688  2980.5425663  3100.95220079 4227.01388006 3274.44648004
 3268.03311224 3966.49436369 2928.67460551 2821.3414282 ], 480.0
[3590.35820222 2978.25209184 3099.59209723 4226.53550549 3273.92130675
 3267.14570365 3964.27131338 2921.24271569 2805.78916547], 480.0
[3584.27152543 2973.74249129 3100.54665046 4226.30178137 3274.03825917
 3266.64497595 3964.4423449  2928.50551975 2803.09022566], 480.0
[3592.45864019 2979.7405921  3100.46787128 4226.27259569 3274.34362817
 3268.492944   3961.96598125 2917.48613758 2810.30936475], 480.0
[3586.97916675 2975.07661486 3097.18928533 4227.15021286 3273.87685137
 3266.17817287 3961.0494329  2920.1744204  2796.28523504], 480.0
[3584.77721982 2977.253722   3094.70026698 4226.73239508 3274.12115846
 3267.07113438 3956.28051283 2917.15660007 2806.02684575], 480.0
[3586.57159996 2979.33422017 3093.0427649  4226.17493896 3274.26658673
 3266.42397685 3952.83944187 2924.07700963 2794.49041556], 480.0
[3585.99231825 2981.36059012 3092.74619198 4226.11220512 3275.02946906
 3266.95518727 3956.16978331 2920.54545314 2805.89563428], 480.0
[3592.2017828  2978.0472939  3094.29206882 4226.21877804 3274.84202623
 3266.27895026 3945.86481242 2910.25391257 2795.81208925], 480.0
[3590.36762562 2979.28469892 3094.70739532 4226.13399725 3275.09206195
 3267.15953908 3952.90874929 2917.9452621  2810.0034235 ], 480.0
[3590.39592514 2980.28912244 3094.98296142 4225.98049726 3275.12917008
 3265.79618421 3956.09990544 2911.35668194 2798.0440083 ], 480.0
[3587.7377882  2982.81383471 3090.69967613 4225.19157295 3274.84570808
 3265.75139523 3953.82964177 2907.21944129 2783.78401524], 480.0
[3588.80741224 2981.94395394 3091.0373167  4225.47053814 3274.96975951
 3266.23313246 3942.93204103 2912.4389822  2799.56256793], 480.0
[3590.6325141  2984.55304756 3087.15848079 4225.33131733 3274.70741663
 3265.12544775 3956.24755139 2900.49644804 2778.90193192], 480.0
[3583.00122089 2975.53049064 3090.71534338 4225.65599947 3273.90790024
 3264.16515546 3946.5605299  2898.03579278 2771.36204524], 480.0
[3586.07281775 2976.46703157 3093.3614563  4226.21010799 3274.61326852
 3267.14324179 3944.0522078  2900.96766208 2796.62552221], 480.0
[3583.38744478 2976.43768506 3090.57869768 4225.95874186 3274.91984544
 3265.5747191  3951.25179954 2910.42789962 2786.6816753 ], 480.0
[3579.09981809 2976.21761475 3088.61999059 4225.55370941 3274.24989977
 3264.80801649 3940.04967284 2901.79361367 2788.72372719], 480.0
[3585.4949254  2979.93388381 3087.25679908 4224.88457212 3274.67632194
 3266.44775743 3940.78643255 2902.74770296 2785.48841882], 480.0
[3576.75024824 2973.50138898 3087.84649544 4224.75822859 3274.37419634
 3265.83518291 3942.78994894 2897.8782271  2770.67441982], 480.0
[3576.20169787 2974.28892045 3086.72297235 4224.5092063  3274.49273834
 3265.1664124  3936.85535388 2902.36765778 2786.58849552], 480.0
[3574.44533148 2972.57679987 3083.82912636 4223.87665977 3274.17506514
 3264.46764264 3946.61810613 2912.42955391 2771.63090268], 480.0
[3572.4831933  2974.14958553 3083.03315749 4223.77129927 3273.90560346
 3264.54014897 3936.80073204 2902.98743708 2772.95194539], 480.0
[3572.6339838  2971.56881638 3080.90436296 4224.16484013 3273.49969187
 3263.88458967 3935.39860163 2898.99962131 2756.18980866], 480.0
[3579.51516457 2976.6618329  3080.95356627 4223.44399214 3274.07272496
 3264.60964823 3930.86889071 2899.94815345 2752.89283928], 480.0
[3534.86020122 3079.76792331 2972.28250666 4165.34653931 3263.49788294
 3265.09982448 3816.77553768 2962.5503619  3029.68245473], 480.0
[3540.45409641 3082.2789567  2974.85333619 4165.46067228 3264.99175138
 3265.85842919 3817.69956422 2971.21834157 3032.2062326 ], 480.0
[3533.54262419 3080.49955792 2970.8736752  4165.99988394 3264.026229
 3265.3361155  3821.07937088 2969.96439154 3032.89735565], 480.0
[3532.15470386 3079.02717791 2969.75458274 4165.95519018 3263.0290833
 3264.84323258 3814.07070155 2963.93927314 3032.03254619], 480.0
[3538.74838452 3080.85968142 2976.7188725  4166.21065969 3263.72964611
 3265.95282454 3812.38022599 2968.47652891 3028.82947812], 480.0
[3535.79416242 3080.04204354 2971.81434784 4166.21918869 3263.58049002
 3265.76437736 3816.49755487 2964.70097711 3031.11249113], 480.0
[3527.57111669 3075.8282074  2968.48573437 4164.745856   3261.5722702
 3264.62836099 3814.26956301 2959.72721536 3030.88061576], 480.0
[3540.71551156 3080.53258939 2977.60104356 4164.91495867 3263.66727901
 3265.37222414 3800.875457   2964.01599889 3029.65737338], 480.0
[3536.66070127 3081.78838682 2977.40401959 4164.39950666 3263.50457878
 3265.16611519 3809.45489426 2966.11698229 3033.09145873], 480.0
[3532.27956939 3079.70316448 2975.66562109 4164.48788033 3262.73598213
 3264.62885094 3811.19330678 2957.39606597 3031.24250469], 480.0
[3540.02815681 3082.41000652 2982.94596138 4165.36732893 3263.68291001
 3264.63614326 3806.43759084 2966.90501044 3031.04199405], 480.0
[3528.60993996 3079.0002769  2972.93852038 4164.96129932 3262.62476616
 3264.5543941  3807.3813056  2962.29254255 3026.15632298], 480.0
[3537.11613545 3080.59117999 2975.40634451 4164.9316329  3263.34663124
 3265.2364594  3810.36966462 2959.18628511 3031.21242142], 480.0
[3539.34058547 3083.28271379 2977.73521028 4165.71710863 3263.56939616
 3265.54095016 3817.98453531 2966.83627758 3035.2020401 ], 480.0
[3538.70954418 3081.95082507 2978.79120774 4165.33675241 3263.24411092
 3265.05179162 3810.79297328 2969.52854488 3037.13269873], 480.0
[3530.90172954 3079.01567488 2974.60334949 4164.16578074 3262.03171797
 3264.4361649  3808.03504376 2964.65114095 3033.65577085], 480.0
[3533.81813231 3079.70138988 2981.47233062 4164.63770075 3262.85262609
 3264.63727059 3803.76950436 2967.8744446  3031.39239538], 480.0
[3541.79260421 3080.13147779 2984.89653039 4165.002209   3263.33985538
 3265.16031957 3809.6398982  2969.109603   3038.01217539], 480.0
[3533.06394067 3079.84680886 2976.55439959 4164.63455095 3262.24305034
 3264.29687872 3809.48480678 2966.72521732 3036.25085714], 480.0
[3537.22590914 3079.83687558 2978.95561547 4164.64737806 3262.42091331
 3265.02235918 3808.57549639 2958.00829363 3035.0507879 ], 480.0
[3529.70586257 3075.10547905 2974.1954505  4163.81656427 3261.1326715
 3264.63275261 3806.43270478 2953.86007404 3029.51150479], 480.0
[3536.09057517 3079.12016497 2978.28479772 4164.85372648 3262.20439129
 3265.32679758 3810.5617435  2961.55950053 3036.56038709], 480.0
[3531.27297115 3078.48478599 2978.12345319 4165.20504313 3261.54480948
 3265.13452473 3809.97699995 2957.74642537 3036.5280792 ], 480.0
[3533.02165999 3081.25222096 2979.04944458 4165.5943223  3262.28471017
 3264.54296937 3818.07696981 2960.61133835 3033.29129381], 480.0
[3521.15979762 3078.87059445 2969.88300247 4165.11983576 3261.24079108
 3264.04041061 3821.72982216 2953.74475932 3030.80296714], 480.0
[3526.77196035 3078.2642693  2970.38233757 4165.47781382 3261.8736486
 3264.22916479 3810.58478293 2963.3032635  3028.66891553], 480.0
[3534.62546835 3081.68791986 2977.48983598 4165.88056183 3263.12589741
 3265.14421749 3822.05650449 2959.92534297 3028.86495368], 480.0
[3528.58427076 3077.91377506 2969.68452263 4165.58837004 3262.4142293
 3264.86519423 3814.20491886 2952.91156917 3029.20735779], 480.0
[3516.19490843 3074.27637248 2962.23375502 4164.74825258 3260.58309641
 3264.30301862 3816.47146726 2957.33942673 3030.61882272], 480.0
[3527.76137776 3080.44951754 2971.06781359 4165.2820715  3262.4334331
 3265.22992616 3816.94743142 2950.14484434 3029.99155183], 480.0
[3524.74937658 3078.93562484 2966.9284008  4165.05084171 3261.54043436
 3264.72871189 3824.29381335 2957.90949204 3029.76040306], 480.0
[3529.2896924  3079.70471821 2972.09655423 4164.01553898 3261.87056565
 3264.94986005 3819.14611864 2953.82771397 3022.82158346], 480.0
[3530.30770903 3077.18079672 2971.67858377 4164.02090502 3261.65687981
 3264.60847769 3815.23756671 2953.52999415 3030.24880497], 480.0
[3528.33597689 3076.37160892 2968.89212799 4164.18035994 3261.01453066
 3264.48746948 3821.82056193 2948.51336884 3023.49561367], 480.0
[3525.25817566 3073.89198995 2970.35475211 4163.80691833 3259.91338911
 3263.96483822 3823.06135931 2953.52277908 3019.41017423], 480.0
[3538.06103902 3080.50948448 2978.25626054 4164.68483744 3262.08035674
 3264.60976124 3817.77620435 2948.2825743  3024.29555485], 480.0
[3529.80512438 3077.41812944 2973.23453922 4164.50018587 3261.18871689
 3264.22640142 3827.36298466 2958.37906134 3020.24635789], 480.0
[3528.60060968 3077.58980579 2978.70006132 4165.23890734 3260.68745227
 3264.92299008 3820.52028942 2951.85942614 3026.97057505], 480.0
[3536.59705682 3077.8899394  2976.48810267 4165.40201931 3261.13039246
 3265.20422201 3820.15284071 2956.66767812 3021.02741389], 480.0
[3530.53429179 3074.4433434  2972.51259022 4165.79543629 3260.26478877
 3264.92567706 3815.79645824 2948.56454735 3021.93708909], 480.0
[3531.65954475 3073.3225091  2972.69455543 4165.43796225 3259.54032969
 3264.06053119 3827.33329935 2948.68084328 3017.44079421], 480.0
[3539.8209816  3075.1961833  2976.61800213 4165.80356569 3261.07948422
 3264.57579155 3823.68989711 2945.59785781 3017.0552577 ], 480.0
[3533.7499423  3073.72859902 2970.35828514 4165.70609045 3260.05168839
 3264.68457408 3831.70965948 2951.32360833 3022.37823281], 480.0
[3538.53683605 3076.71369877 2975.88581948 4166.82433376 3261.55593171
 3264.91040683 3819.85856142 2957.25390942 3017.93607767], 480.0
[3534.40700755 3073.42492137 2970.78597803 4165.83011398 3260.70841527
 3263.89956613 3821.58554368 2948.57333703 3019.4832128 ], 480.0
[3540.95497527 3075.52203236 2972.58598366 4165.74330082 3261.10516768
 3264.24081678 3832.02954841 2951.80438602 3024.69431987], 480.0
[3539.62143464 3075.77077007 2972.95580988 4165.28684502 3261.51060038
 3264.71900892 3821.7995224  2949.68770156 3027.08003623], 480.0
[3543.42767797 3075.84070878 2978.11648374 4165.64202366 3261.66403308
 3265.30068655 3818.02476964 2946.65108247 3017.44130642], 480.0
[3540.6978354  3075.36454725 2978.61485829 4166.05902834 3260.7338203
 3265.10520544 3818.48205369 2948.44749956 3017.4661346 ], 480.0
[3538.29430938 3073.69880314 2978.1803196  4165.74844704 3260.20660629
 3264.964821   3817.61789041 2949.71050158 3023.98512757], 480.0
[3536.86519413 3073.52510266 2978.09288044 4166.51141787 3259.56771874
 3264.66504579 3826.17007551 2948.85666633 3021.57725911], 480.0
[3537.53224697 3073.81967998 2977.46678619 4166.90344496 3260.16134005
 3264.43125863 3820.33610191 2950.89786303 3015.38899803], 480.0
[3531.82945452 3073.15749774 2978.1278923  4167.50248957 3259.53948684
 3264.68261914 3809.68320117 2945.71085949 3016.6720582 ], 480.0
[3524.47032642 3071.65255713 2977.11802564 4166.6230279  3258.20544963
 3264.38112154 3825.90056274 2945.89463544 3020.48123636], 480.0
[3536.26108093 3077.6162087  2983.14573131 4167.75086937 3260.58539233
 3265.33860726 3818.49879737 2941.52903056 3023.68710761], 480.0
[3526.31469841 3074.38493676 2978.73719511 4167.28130941 3259.12500234
 3264.57603822 3827.21756363 2949.55618339 3015.55862219], 480.0
[3530.66969166 3074.48745522 2979.83480887 4167.38457279 3259.47007341
 3264.98978281 3815.9444222  2935.38985472 3004.87127962], 480.0
[3529.23532944 3072.64743257 2978.86852064 4166.91217518 3259.02877283
 3265.27816658 3811.96712422 2948.11631045 3013.97895277], 480.0
[3532.52607784 3072.4771533  2979.42837181 4166.00302801 3259.24175057
 3265.24774179 3811.60705776 2939.0009567  3012.37004738], 480.0
[3531.26623154 3072.64297495 2979.05921412 4165.86881886 3258.57765183
 3265.25889525 3811.20599589 2942.96669862 3010.74162564], 480.0
[3277.53074107 2442.83144386 2332.28426392 4297.58224821 3341.2091579
 3341.54851985 4208.46508541 3263.81317096 3281.1210547 ], 480.0
[3281.71330862 2453.81933123 2355.14065007 4297.46036234 3340.75178022
 3341.39021063 4206.99630175 3259.91230364 3275.80926147], 480.0
[3246.96480958 2418.2103665  2306.88778951 4297.68116684 3340.38758779
 3341.13288984 4204.84946008 3262.73651752 3279.17889357], 480.0
[3271.94289963 2450.49237651 2344.51506963 4297.21113825 3339.92970757
 3341.42608919 4200.61535859 3258.16458826 3276.82440481], 480.0
[3258.36845677 2438.18531537 2332.66038677 4296.9801281  3339.37707152
 3341.12288041 4199.85553384 3258.42890248 3277.21341782], 480.0
[3236.01890709 2409.95364813 2298.50877262 4296.84837456 3339.66012797
 3340.56013694 4196.64309473 3262.11996317 3276.57876949], 480.0
[3272.88108394 2451.81858352 2346.20162243 4296.08750925 3339.64216347
 3340.61549635 4195.51167769 3259.35824909 3274.80346551], 480.0
[3258.78519118 2438.10777671 2327.5175339  4296.39965496 3339.55553041
 3340.4604094  4193.04215937 3258.37006793 3277.00194025], 480.0
[3269.32295907 2448.2600577  2344.93179333 4296.03680296 3340.05350938
 3340.65486917 4187.18476367 3261.0119195  3275.76348891], 480.0
[3251.75251336 2421.02151427 2312.06528131 4295.7730382  3339.85379252
 3340.09716105 4187.53478041 3259.71463246 3272.75433578], 480.0
[3256.46125174 2433.63656046 2327.77753589 4295.64107628 3339.75108733
 3340.51373253 4189.7774488  3256.87788754 3273.10374169], 480.0
[3250.56813979 2423.32198834 2310.37317398 4295.2685648  3339.3315414
 3339.98278613 4188.97507935 3254.2189435  3277.32970643], 480.0
[3257.81393342 2424.41279985 2315.37064413 4294.73476324 3339.32515554
 3340.01193457 4192.09108129 3244.9194087  3276.69756446], 480.0
[3268.18559666 2440.7082315  2331.84770374 4294.69230309 3339.73779736
 3339.81130109 4188.43933549 3248.2916203  3278.42683396], 480.0
[3269.55266852 2444.32475567 2338.5168225  4294.01660433 3339.5850554
 3339.69758539 4179.93177166 3246.97061782 3278.5998704 ], 480.0
[3263.6705596  2427.31247722 2318.02512823 4294.08505526 3339.42697783
 3338.74638925 4180.65762    3246.22570753 3279.44156566], 480.0
[3264.67776361 2432.90331012 2320.3518375  4294.23561039 3339.52948866
 3338.29832106 4181.72255073 3249.3378469  3278.54635687], 480.0
[3275.39594371 2447.51243263 2335.297373   4294.17483187 3339.39512596
 3338.14447212 4186.69885259 3247.6509336  3275.633957  ], 480.0
[3269.02082222 2451.43295699 2334.27898123 4294.48177433 3339.12188225
 3337.84724827 4185.79225383 3245.78457541 3275.57860284], 480.0
[3272.66943355 2456.27897189 2337.22040243 4293.55655689 3338.36631489
 3338.08822379 4178.48647833 3238.92942896 3278.94107394], 480.0
[3257.52048929 2443.56513762 2320.29684861 4293.03007832 3338.0695847
 3338.17680717 4184.39347038 3245.96845055 3275.14250107], 480.0
[3269.69169731 2461.00046319 2335.02483751 4292.67819366 3338.02193198
 3338.64217296 4182.23819623 3248.94355316 3277.90831437], 480.0
[3276.20522089 2475.58264844 2348.70415934 4292.23272676 3337.87602158
 3338.23025475 4177.21975751 3250.30959859 3275.73493237], 480.0
[3246.83979313 2438.65821824 2301.94299494 4291.7623807  3338.17870426
 3337.54824481 4171.51942348 3248.60465364 3277.29054184], 480.0
[3257.07894604 2451.51287094 2319.05092183 4290.54663601 3338.16875081
 3337.59823146 4164.43874292 3246.30334849 3276.93875203], 480.0
[3259.68768816 2451.89178586 2315.68540759 4291.42846375 3338.02930012
 3337.14549103 4163.88017349 3243.62960515 3278.21903896], 480.0
[3249.86742094 2439.70949632 2295.10733774 4292.08277454 3337.51737981
 3336.43851562 4161.38712602 3248.509969   3280.58601413], 480.0
[3260.47162218 2451.11547852 2309.76456783 4291.83548985 3337.83478379
 3336.69541306 4159.89485035 3243.22858028 3276.99932437], 480.0
[3260.82255926 2455.96358787 2314.46968201 4292.27020931 3337.57676921
 3336.36162629 4159.35812945 3245.63834562 3272.07806268], 480.0
[3272.51510036 2468.70468342 2332.30923644 4292.78101625 3337.22813659
 3335.72675762 4161.76147408 3239.34959049 3274.36098194], 480.0
[3263.24613521 2461.34846643 2328.15762987 4292.44684925 3338.12463236
 3335.76658716 4157.4746942  3243.88552413 3273.27724237], 480.0
[3250.31091704 2441.4228039  2296.56306002 4291.58071651 3338.13675032
 3335.36515512 4161.31739745 3250.71253309 3274.62986822], 480.0
[3274.02143903 2478.96317463 2351.48581679 4292.00452442 3338.12147055
 3335.54320536 4167.39530163 3243.78955779 3270.10664401], 480.0
[3255.35984197 2459.10586764 2322.83377922 4291.52942123 3337.16043797
 3335.21579781 4175.83157191 3241.0603477  3275.68337812], 480.0
[3271.42329867 2484.02730597 2348.58007511 4290.53996744 3338.28852348
 3335.89156513 4173.77350879 3247.25752087 3277.91849413], 480.0
[3266.60504663 2483.36049498 2351.55243886 4290.00352688 3337.81694827
 3336.00185452 4177.6250628  3250.29004841 3274.61851792], 480.0
[3249.06545825 2466.56582813 2330.42877954 4289.41210184 3337.18887024
 3335.96793647 4166.59211793 3252.33675256 3275.02937937], 480.0
[3257.43909886 2477.30088542 2345.46083381 4289.17320023 3336.74754453
 3336.39306293 4165.85684013 3253.14740634 3271.24585686], 480.0
[3264.02953608 2483.36190395 2351.04480954 4288.84392357 3336.18537664
 3336.3426939  4165.60039182 3246.84705443 3272.45132151], 480.0
[3261.1185849  2484.6362448  2353.88231468 4289.31723232 3335.48326731
 3336.77637649 4166.48259044 3248.06581144 3276.05481038], 480.0
[3257.28735323 2487.72085435 2358.07770904 4289.12785091 3334.24103179
 3336.17661934 4171.0602602  3241.79137807 3276.84181776], 480.0
[3250.25706966 2483.21388915 2353.55861293 4288.24500427 3334.31109204
 3335.43650532 4165.60063252 3241.17326798 3270.14741745], 480.0
[3253.90790513 2479.79737546 2355.98433893 4287.4575017  3334.15851588
 3335.63689451 4154.16125913 3239.99418988 3272.28575983], 480.0
[3249.00221577 2475.33648331 2344.06450673 4287.01071167 3334.86841021
 3335.37988663 4152.0076828  3235.40147839 3270.03452792], 480.0
[3254.43987505 2481.38337412 2351.63504241 4286.20483551 3334.66037235
 3335.29346399 4140.24415236 3235.73268051 3264.70713196], 480.0
[3269.42319248 2489.37335422 2354.78054715 4285.69254332 3335.2334168
 3334.95271912 4140.49999766 3233.72775264 3268.30513105], 480.0
[3270.19805515 2494.67437272 2359.52417318 4285.24186478 3335.31294589
 3335.53156047 4139.5574542  3235.58852596 3262.44627166], 480.0
[3271.2021265  2498.22195261 2362.17142333 4283.75191479 3334.94962339
 3335.06805301 4125.52916279 3235.10909553 3264.7881434 ], 480.0
[3269.49727082 2501.86044803 2363.66586953 4282.96908512 3333.95384073
 3334.34434466 4114.31823549 3236.7319356  3259.99321265], 480.0
[3279.31666205 2498.26198413 2355.13667954 4283.88053741 3332.95210938
 3333.80493565 4106.46434302 3228.6528615  3263.33539219], 480.0
[3288.59907575 2513.73093286 2369.91157275 4283.0008913  3332.8082664
 3334.05479064 4101.66070242 3226.57588835 3260.93666258], 480.0
[3290.81384559 2525.99034696 2392.0178548  4282.44077396 3332.2033143
 3334.10947428 4105.69778805 3222.07988563 3264.50227013], 480.0
[3279.48885567 2511.82403872 2368.27588115 4282.29090996 3331.92562504
 3333.60103807 4105.29849887 3225.32646351 3256.91773677], 480.0
[3270.04348543 2506.56100519 2358.23892015 4282.35202742 3330.89476705
 3332.82586889 4117.8535769  3226.18142624 3255.95744901], 480.0
[3271.77053852 2510.28205307 2372.03181663 4281.83496714 3330.78622704
 3332.42466555 4104.76599865 3227.204708   3250.50555801], 480.0
[3268.70658231 2498.85574002 2358.89106898 4282.04507589 3330.42111402
 3331.57451262 4105.25788774 3222.16747351 3252.06349716], 480.0
[3275.59614441 2502.85298593 2370.03981555 4282.31496401 3329.94619131
 3330.51612029 4109.35436482 3225.59708295 3250.97966456], 480.0
[3277.47879412 2504.79088581 2379.02437698 4282.01241789 3330.17456851
 3330.4381927  4097.14312849 3214.50278115 3247.16331787], 480.0
[3270.40851395 2493.58799698 2358.50155331 4282.33047867 3329.38397813
 3330.37730846 4104.92916903 3217.3315413  3247.21049662], 480.0
[3257.16031451 2473.34956255 2333.55352496 4282.94882584 3328.95109291
 3330.0531424  4111.73529644 3211.73952775 3240.33203044], 480.0
[3524.85549779 3069.35814056 2966.32924514 4165.83945122 3262.64693298
 3265.47279191 3802.10925231 2981.51731501 3030.86389406], 480.0
[3524.86032953 3068.11088762 2963.27235866 4164.7071744  3262.74454784
 3265.54124646 3801.44384031 2981.27113373 3030.06895685], 480.0
[3522.64365525 3069.59139657 2961.65312586 4165.12094545 3263.02580724
 3265.72351694 3807.17472262 2986.47024949 3027.73283911], 480.0
[3521.82791338 3067.87540755 2964.79925556 4164.76665363 3261.94700556
 3265.53467827 3804.83349457 2971.62928154 3024.35216537], 480.0
[3516.42709627 3068.0132679  2963.62128396 4164.39918089 3262.06437249
 3265.20966372 3799.1481936  2978.73271992 3022.38461521], 480.0
[3516.39297957 3067.78239202 2963.20749407 4165.27343063 3262.41528945
 3264.94027143 3803.13559635 2982.82480192 3026.165558  ], 480.0
[3515.59134998 3067.20627613 2960.36026669 4164.74958076 3261.76105099
 3265.09001226 3797.51468577 2975.56876652 3030.58931322], 480.0
[3518.13884788 3065.72039595 2961.0426033  4165.16077833 3261.81694288
 3264.94145741 3804.76532588 2987.06164091 3026.0702559 ], 480.0
[3528.26219988 3070.48742003 2970.58261313 4165.31905794 3262.93694677
 3265.13034992 3804.08435521 2977.31936154 3027.8152848 ], 480.0
[3520.08128147 3069.31997757 2963.52027445 4164.78552904 3262.33013606
 3265.12547979 3799.25752149 2981.6009383  3028.78889084], 480.0
[3527.48093944 3073.2906167  2971.97375956 4165.58829756 3263.80645885
 3266.08879962 3804.6385366  2981.19537947 3029.80681894], 480.0
[3513.08829274 3068.4349205  2963.20885592 4164.63248291 3261.74047914
 3264.67294879 3806.09952302 2978.4193851  3023.82183366], 480.0
[3513.79834027 3069.61082292 2964.87106276 4164.60478544 3261.65436592
 3264.9305335  3813.16212542 2973.42086484 3022.87613125], 480.0
[3521.32379766 3071.15544429 2967.0341588  4165.50008469 3262.81231065
 3265.7939549  3807.10861135 2972.58705108 3023.87103658], 480.0
[3510.55020175 3068.05395036 2961.62192731 4164.68008137 3261.57111115
 3265.15558572 3808.11196127 2980.9928057  3024.33067648], 480.0
[3509.71610565 3067.36254101 2963.32484651 4164.60279026 3261.10457063
 3265.04887452 3814.15390072 2980.35189893 3030.84032481], 480.0
[3514.43284135 3069.84173031 2968.2931365  4164.64401693 3261.89051595
 3265.15250344 3812.47495804 2985.61722298 3033.14031558], 480.0
[3527.00706053 3072.86685767 2977.53633642 4165.29650345 3263.55436282
 3265.76898322 3802.4166079  2982.52066483 3025.9215699 ], 480.0
[3513.46992178 3068.5309866  2970.68198032 4164.94286003 3261.98536692
 3265.05972323 3802.32288423 2978.57329478 3027.41945224], 480.0
[3513.63580723 3067.23127222 2970.4191618  4164.91523561 3261.16893921
 3264.69269004 3812.4992002  2987.03361192 3022.84121759], 480.0
[3515.59450336 3068.89488969 2971.6885581  4164.48550243 3262.21130958
 3264.42928452 3807.69407105 2976.3302722  3017.12284236], 480.0
[3508.53735242 3067.8050293  2967.14577122 4164.24214087 3261.33978052
 3263.88536782 3800.48434567 2978.87077348 3019.50676351], 480.0
[3506.48104959 3066.58457451 2968.03304663 4164.17728949 3261.13433604
 3263.06199055 3816.70805163 2984.62587836 3023.51049509], 480.0
[3507.31648469 3067.74867907 2968.26673064 4164.77430601 3260.76182308
 3262.92119126 3806.2575851  2979.42613728 3012.86191208], 480.0
[3503.39102912 3066.30827718 2963.39139357 4163.55891733 3260.60003777
 3262.41959023 3797.77386026 2976.32682312 3013.02281921], 480.0
[3511.14406853 3070.81178169 2967.63939695 4163.27650318 3261.64303389
 3262.88650017 3800.8468801  2980.19766321 3018.43395934], 480.0
[3505.03398662 3068.46969452 2964.3760129  4163.8482131  3261.24238181
 3262.76883025 3796.89762545 2983.42421703 3010.89298806], 480.0
[3506.73192892 3068.33214617 2964.61012454 4163.09414186 3261.38451014
 3263.12891192 3804.82038877 2974.90805323 3012.58070774], 480.0
[3505.61546674 3068.24835086 2963.26247911 4163.66437826 3261.64399395
 3263.06950526 3805.88578162 2983.64575298 3014.53888326], 480.0
[3508.86467638 3070.29900541 2963.88310723 4163.34511976 3261.57612419
 3262.43701234 3803.38715763 2980.32110786 3012.00155299], 480.0
[3506.34231486 3068.29436522 2964.70771227 4162.94867125 3260.60157323
 3262.32954092 3799.82254612 2974.62974296 3013.69985795], 480.0
[3503.1169805  3067.5673429  2962.03273492 4162.63130608 3260.65750561
 3262.62882729 3806.02043567 2980.13282077 3017.61006172], 480.0
[3509.8608067  3066.90519352 2965.85727248 4163.38025045 3260.74598331
 3262.11903205 3797.13676925 2973.94928021 3015.10515945], 480.0
[3514.62203531 3070.08312802 2968.6025918  4164.61626625 3261.92551599
 3262.20892735 3803.99160218 2976.27706127 3013.29826396], 480.0
[3511.65303526 3067.8484396  2967.17777247 4163.98936014 3261.10171452
 3261.60804181 3804.37703414 2974.41187868 3009.23764863], 480.0
[3512.77956262 3070.76050367 2969.88602557 4164.80794401 3261.85600228
 3261.2531384  3802.38750253 2982.21632984 3016.20951791], 480.0
[3512.39615202 3069.63656144 2966.98615441 4164.60374641 3262.2129281
 3260.89039536 3800.88537474 2975.2947068  3010.34967942], 480.0
[3499.06289768 3064.62417083 2958.85646467 4163.40448503 3260.13636174
 3259.93786297 3801.5974978  2976.81167471 3012.55937145], 480.0
[3507.69334111 3066.91926556 2964.74762068 4165.05761728 3261.32016821
 3260.82080112 3806.79342666 2983.25981221 3015.05398293], 480.0
[3510.29053879 3068.00881238 2966.67600632 4164.81406307 3261.37857304
 3260.63995275 3798.44248691 2982.40209041 3011.1360568 ], 480.0
[3515.04268866 3068.47547183 2967.23638372 4165.11965904 3261.79815774
 3260.37109413 3806.05699124 2986.3578649  3007.77078898], 480.0
[3511.01861472 3065.43254704 2963.09954987 4163.7820529  3261.22120705
 3259.94316359 3799.83083935 2982.7649781  3012.68338623], 480.0
[3508.98609829 3065.0317729  2962.88412447 4162.98169632 3260.71866627
 3259.70672626 3805.41964335 2974.13980107 3007.41970451], 480.0
[3508.31016226 3062.61130509 2960.12351766 4162.64920511 3260.6900414
 3259.49182    3796.96295586 2975.09278977 3007.86368558], 480.0
[3519.0046032  3066.03397799 2965.07728591 4163.42017365 3262.19800415
 3259.80885825 3788.3425848  2983.15266459 3010.94909565], 480.0
[3513.913937   3063.84527726 2959.3881496  4161.46228094 3261.37157001
 3259.08862853 3802.05461669 2976.63587458 3012.40647638], 480.0
[3519.25419273 3065.05761218 2962.18742552 4161.75739841 3262.13691359
 3259.39177766 3790.4614409  2976.32431226 3004.412762  ], 480.0
[3512.78009319 3063.43621449 2962.43278961 4161.05949526 3260.91853466
 3258.7504508  3789.70679765 2963.69787853 3007.14246941], 480.0
[3512.98533673 3064.20241051 2961.78646865 4160.97182064 3260.8689518
 3258.72786527 3794.7400413  2974.60455389 3008.28153439], 480.0
[3513.02844515 3064.20289502 2964.87102499 4160.78170033 3261.30296984
 3258.38247967 3795.68611016 2973.58230226 3010.1538378 ], 480.0
[3509.01238403 3062.7898036  2966.66894498 4160.23229132 3260.22968655
 3258.61667471 3789.86801991 2978.20228074 3004.94996233], 480.0
[3521.59502211 3064.53749137 2972.07398534 4160.77096634 3261.55557909
 3258.64803958 3789.52712698 2967.01610093 3007.47966418], 480.0
[3516.09430971 3062.66092458 2971.22623634 4160.52852621 3261.11151805
 3259.63839202 3789.10059648 2968.87884603 3006.55073979], 480.0
[3513.52522197 3060.0365294  2967.4139904  4160.13105125 3260.37761416
 3259.78320675 3788.73902073 2966.44374919 3003.72589943], 480.0
[3519.52428622 3063.92483025 2974.4844543  4160.71477375 3261.23064175
 3259.68801603 3786.57431228 2970.65446446 3002.52423928], 480.0
[3518.6981658  3061.99018602 2974.20297723 4160.16354265 3261.18657246
 3259.58441377 3791.14942524 2964.41719949 3008.05940018], 480.0
[3524.11023254 3063.55675368 2977.49993691 4160.06035137 3261.32926474
 3259.3294826  3782.90557246 2965.26076176 3009.86260078], 480.0
[3518.12511802 3059.85089149 2970.53528128 4159.02505236 3260.57314091
 3259.28744655 3790.40173576 2970.17308865 3012.54399986], 480.0
[3525.46004057 3061.74974813 2973.20731716 4159.73752575 3261.01709313
 3259.65199084 3785.78855464 2966.3753206  3007.9655669 ], 480.0
[3529.43973002 3062.66606641 2974.8532681  4160.00605965 3261.57453699
 3259.82455401 3781.5066648  2964.2006331  3006.30482976], 480.0
[3293.58991237 2445.79165404 2373.14581113 4319.56046572 3359.74160728
 3359.69307189 4301.53356667 3345.86983051 3345.68065348], 480.0
[3284.65614302 2432.78315991 2357.71905448 4319.57180166 3359.62392826
 3359.71007934 4301.53433056 3345.69122367 3345.6993763 ], 480.0
[3276.08003147 2420.70133165 2344.97092433 4319.53231497 3359.67117572
 3359.71778417 4301.74577265 3345.787431   3345.67744484], 480.0
[3293.48650961 2445.17821733 2371.40156685 4319.54738607 3359.7884244
 3359.67854638 4301.62271299 3345.74529085 3345.77996087], 480.0
[3294.69914725 2450.33070151 2376.82596496 4319.60398827 3359.70241308
 3359.54192452 4301.72548819 3345.78535652 3345.58715334], 480.0
[3298.21771719 2452.73015867 2380.8932588  4319.58260355 3359.67999287
 3359.63489423 4301.71801605 3345.63839865 3345.66427174], 480.0
[3284.58522537 2434.39308311 2359.73457797 4319.70928583 3359.6775403
 3359.51737847 4301.74102306 3345.61531749 3345.5271193 ], 480.0
[3275.38959253 2420.65019091 2345.31838578 4319.57993689 3359.68036704
 3359.70456505 4301.5991251  3345.78796244 3345.85755095], 480.0
[3297.00135088 2452.8530452  2380.26972941 4319.49730492 3359.58106985
 3359.82528996 4301.50923986 3345.52611775 3345.73333759], 480.0
[96m 
------------------------------- Initialization Stage ------------------------------- [0m
Number of Pareto optimal solutions: 91
[96m Selected Tasks: [0m
[96m objs = [3248.75734708 2371.37245841 2276.85177465 4303.08834772 3346.88107977
 3348.67546329 4221.34493876 3268.57205153 3306.94916239] [0m
[96m objs = [3750.99162621 2518.09189894 1973.66545584 4201.88969975 3278.24708309
 3258.11558595 3881.64518199 3138.33176603 3032.37534974] [0m
[96m objs = [3533.22970862 3056.13689179 2959.48530393 4176.69671068 3265.74297676
 3279.20089202 3841.80125937 2949.75958459 3083.27471991] [0m
[96m objs = [3526.98157401 3066.6341537  2955.46570082 4169.89836426 3266.75211024
 3270.47212105 3826.55951142 2994.27459104 3076.32736883] [0m
[96m objs = [3765.24549308 2535.82013178 1942.65180437 4199.77221241 3283.30396276
 3260.03098493 3861.75538125 3124.00729351 3018.64472308] [0m
[96m objs = [3522.40274119 2969.64847426 3143.87593865 4235.50903358 3280.59807253
 3276.31366148 3996.64011278 3017.77231107 2946.78954222] [0m
[96m 
------------------------------- Extension Stage ------------------------------- [0m
Starting the extension from iteration 0 to 20.
Sample batch size exceeded policy buffer size 200. Performing sampling.
Number of Pareto optimal solutions: 200
[96m Selected Tasks: [0m
[96m objs = [3239.0369977  2363.7119719  2273.56404744 4302.10063105 3347.20935354
 3347.14984498 4216.36028872 3280.43967347 3293.68718557] [0m
[96m objs = [3777.35591187 2561.03816752 1961.68630837 4198.97918644 3281.45031385
 3256.87135658 3862.24490037 3113.9767355  2997.79546177] [0m
[96m objs = [3769.31152945 2536.75277064 1929.46880136 4199.40164585 3282.6939846
 3258.46302252 3859.48251643 3113.9783462  3019.10964618] [0m
[96m objs = [3560.39459267 2981.39457994 3125.83341632 4232.71632738 3278.00842309
 3272.26020422 3992.86675386 2997.28953929 2893.62120228] [0m
[96m objs = [3527.81837025 3080.89446836 2968.6529809  4168.21920795 3265.56798735
 3270.22573357 3833.31174116 2979.14451175 3058.09986277] [0m
[96m objs = [3519.88172073 3070.98693795 2960.96015215 4166.39752169 3263.47025876
 3269.14174943 3826.16290498 2990.27897708 3052.51539509] [0m
Starting the extension from iteration 20 to 36.
Sample batch size exceeded policy buffer size 200. Performing sampling.
Number of Pareto optimal solutions: 200
[96m Selected Tasks: [0m
[96m objs = [3775.50262728 2560.31559005 1954.87265776 4199.37404308 3281.36311455
 3255.77015352 3854.59831123 3109.07364583 2980.57991543] [0m
[96m objs = [3590.6325141  2984.55304756 3087.15848079 4225.33131733 3274.70741663
 3265.12544775 3956.24755139 2900.49644804 2778.90193192] [0m
[96m objs = [3552.26673546 3061.54846864 2986.56182647 4163.41150723 3255.77029033
 3260.44548683 3796.40982547 2909.0174443  2994.14125125] [0m
[96m objs = [3551.40257459 3062.79062414 2983.48651023 4163.51723623 3256.33680615
 3260.57918277 3787.845292   2900.68403932 2983.64329391] [0m
[96m objs = [3541.80617332 3066.79086185 2952.84850674 4172.20561228 3261.14814687
 3269.88777475 3798.25793447 2869.98544989 2986.13609695] [0m
[96m objs = [3539.34058547 3083.28271379 2977.73521028 4165.71710863 3263.56939616
 3265.54095016 3817.98453531 2966.83627758 3035.2020401 ] [0m
total time: 3309.713585138321
